v -18.8746 499.964 18.8746
v -18.8261 499.984 18.0684
v -19.2752 499.944 18.8746
v -19.6862 499.941 18.0684
v -18.826 499.984 -18.0684
v -20 499.903 18.0684
v -19.6862 499.903 18.826
v -19.6862 499.941 -18.0684
v -18.8746 499.964 -18.8746
v -19.2752 499.944 -18.8746
v -20 499.903 -18.0684
v -19.6862 499.903 -18.8261
v -20 498.097 18.0684
v -19.6862 498.097 18.826
v -19.2752 498.056 18.8746
v -20 498.097 -18.0684
v -19.6862 498.097 -18.8261
v -19.2752 498.056 -18.8746
v -19.6862 498.059 18.0684
v -18.8746 498.036 18.8746
v -19.6862 498.059 -18.0684
v -18.8261 498.016 18.0684
v -18.826 498.016 -18.0684
v -18.8746 498.036 -18.8746
v -18.0684 498 18.0684
v -18.0684 498.016 18.826
v -18.0684 498 -18.0684
v -18.0684 498.016 -18.8261
v 18.0684 498.016 -18.826
v 18.0684 498 18.0684
v 18.0684 498.016 18.826
v 18.8746 498.036 18.8746
v 18.8261 498.016 18.0684
v 18.0684 498 -18.0684
v 18.8746 498.036 -18.8746
v 18.8261 498.016 -18.0684
v 18.8261 498.016 -18.0684
v 18.8746 498.036 -18.8746
v 19.2752 498.056 -18.8746
v 19.6862 498.059 -18.0684
v 19.6862 498.059 18.0684
v 18.8261 498.016 18.0684
v 18.8746 498.036 18.8746
v 19.2752 498.056 18.8746
v 20 498.097 -18.0684
v 19.6862 498.097 -18.826
v 20 498.097 18.0684
v 19.6862 498.097 18.826
v 19.6862 499.903 18.826
v 20 499.903 18.0684
v 19.2752 499.944 18.8746
v 20 499.903 -18.0684
v 19.6862 499.903 -18.826
v 19.2753 499.944 -18.8746
v 19.6862 499.941 18.0684
v 19.6862 499.941 -18.0684
v 18.826 499.984 18.0684
v 18.8746 499.964 18.8746
v 18.8261 499.984 -18.0684
v 18.8746 499.964 -18.8746
v 18.0684 500 18.0684
v 18.0684 499.984 18.826
v 18.0684 500 -18.0684
v 18.0684 499.984 -18.826
v -18.0684 499.984 -18.8261
v -18.0684 500 -18.0684
v -18.8746 499.964 -18.8746
v -18.826 499.984 -18.0684
v -18.0684 500 18.0684
v -18.8261 499.984 18.0684
v -18.0684 499.984 18.826
v -18.8746 499.964 18.8746
v -18.8746 499.964 18.8746
v -19.2752 499.944 18.8746
v -18.8746 499.944 19.2752
v -19.6862 499.903 18.826
v -18.0684 499.984 18.826
v -18.8261 499.903 19.6861
v -19.6862 498.097 18.826
v -18.0684 499.941 19.6861
v -18.8261 498.097 19.6861
v -18.0684 499.903 20
v -18.8746 498.056 19.2752
v -19.2752 498.056 18.8746
v -18.8746 498.036 18.8746
v -18.0684 498.016 18.826
v -18.0684 498.097 20
v -18.0684 498.059 19.6861
v 18.0684 498.016 18.826
v 18.0684 498.059 19.6862
v 18.0684 498.097 20
v 18.8746 498.056 19.2752
v 18.8746 498.036 18.8746
v 19.2752 498.056 18.8746
v 18.8261 498.097 19.6862
v 19.6862 498.097 18.826
v 19.6862 499.903 18.826
v 18.826 499.903 19.6862
v 18.0684 499.903 20
v 18.8746 499.944 19.2752
v 19.2752 499.944 18.8746
v 18.8746 499.964 18.8746
v 18.0684 499.984 18.826
v 18.0684 499.941 19.6862
v 18.8746 498.056 -19.2752
v 19.2752 498.056 -18.8746
v 18.8746 498.036 -18.8746
v 18.0684 498.016 -18.826
v 19.6862 498.097 -18.826
v 18.0684 498.059 -19.6862
v -18.0684 498.016 -18.8261
v 18.8261 498.097 -19.6862
v -18.0684 498.059 -19.6862
v 18.0684 498.097 -20
v 18.8261 499.903 -19.6862
v 19.6862 499.903 -18.826
v 19.2753 499.944 -18.8746
v -18.0684 498.097 -20
v 18.0684 499.903 -20
v 18.8746 499.944 -19.2752
v 18.8746 499.964 -18.8746
v 18.0684 499.984 -18.826
v 18.0684 499.941 -19.6862
v -18.0684 499.984 -18.8261
v -18.0684 499.903 -20
v -18.0684 499.941 -19.6862
v -18.8746 499.944 -19.2752
v -18.8746 499.964 -18.8746
v -19.2752 499.944 -18.8746
v -18.826 499.903 -19.6862
v -19.6862 499.903 -18.8261
v -18.826 498.097 -19.6862
v -19.6862 498.097 -18.8261
v -19.2752 498.056 -18.8746
v -18.8746 498.056 -19.2752
v -18.8746 498.036 -18.8746
v -18.8746 504.001 20.4719
v -18.8261 504.043 20.4517
v -19.2752 503.96 20.4719
v -19.6862 503.955 20.4517
v -18.826 504.043 19.5483
v -20 503.878 20.4517
v -19.6862 503.878 20.4707
v -19.6862 503.955 19.5483
v -18.8746 504.001 19.5281
v -19.2752 503.96 19.5281
v -20 503.878 19.5483
v -19.6862 503.878 19.5293
v -20 500.197 20.4517
v -19.6862 500.197 20.4707
v -19.2752 500.115 20.4719
v -20 500.197 19.5483
v -19.6862 500.197 19.5293
v -19.2752 500.115 19.5281
v -19.6862 500.12 20.4517
v -18.8746 500.074 20.4719
v -19.6862 500.12 19.5483
v -18.8261 500.032 20.4517
v -18.826 500.032 19.5483
v -18.8746 500.074 19.5281
v -18.0684 500 20.4517
v -18.0684 500.032 20.4707
v -18.0684 500 19.5483
v -18.0684 500.032 19.5293
v 18.0684 500.032 19.5293
v 18.0684 500 20.4517
v 18.0684 500.032 20.4707
v 18.8746 500.074 20.4719
v 18.8261 500.032 20.4517
v 18.0684 500 19.5483
v 18.8746 500.074 19.5281
v 18.8261 500.032 19.5483
v 18.8261 500.032 19.5483
v 18.8746 500.074 19.5281
v 19.2752 500.115 19.5281
v 19.6862 500.12 19.5483
v 19.6862 500.12 20.4517
v 18.8261 500.032 20.4517
v 18.8746 500.074 20.4719
v 19.2752 500.115 20.4719
v 20 500.197 19.5483
v 19.6862 500.197 19.5293
v 20 500.197 20.4517
v 19.6862 500.197 20.4707
v 19.6862 503.878 20.4707
v 20 503.878 20.4517
v 19.2752 503.96 20.4719
v 20 503.878 19.5483
v 19.6862 503.878 19.5293
v 19.2753 503.96 19.5281
v 19.6862 503.955 20.4517
v 19.6862 503.955 19.5483
v 18.826 504.043 20.4517
v 18.8746 504.001 20.4719
v 18.8261 504.043 19.5483
v 18.8746 504.001 19.5281
v 18.0684 504.075 20.4517
v 18.0684 504.043 20.4707
v 18.0684 504.075 19.5483
v 18.0684 504.043 19.5293
v -18.0684 504.043 19.5293
v -18.0684 504.075 19.5483
v -18.8746 504.001 19.5281
v -18.826 504.043 19.5483
v -18.0684 504.075 20.4517
v -18.8261 504.043 20.4517
v -18.0684 504.043 20.4707
v -18.8746 504.001 20.4719
v -18.8746 504.001 20.4719
v -19.2752 503.96 20.4719
v -18.8746 503.96 20.4819
v -19.6862 503.878 20.4707
v -18.0684 504.043 20.4707
v -18.8261 503.878 20.4922
v -19.6862 500.197 20.4707
v -18.0684 503.955 20.4922
v -18.8261 500.197 20.4922
v -18.0684 503.878 20.5
v -18.8746 500.115 20.4819
v -19.2752 500.115 20.4719
v -18.8746 500.074 20.4719
v -18.0684 500.032 20.4707
v -18.0684 500.197 20.5
v -18.0684 500.12 20.4922
v 18.0684 500.032 20.4707
v 18.0684 500.12 20.4922
v 18.0684 500.197 20.5
v 18.8746 500.115 20.4819
v 18.8746 500.074 20.4719
v 19.2752 500.115 20.4719
v 18.8261 500.197 20.4922
v 19.6862 500.197 20.4707
v 19.6862 503.878 20.4707
v 18.826 503.878 20.4922
v 18.0684 503.878 20.5
v 18.8746 503.96 20.4819
v 19.2752 503.96 20.4719
v 18.8746 504.001 20.4719
v 18.0684 504.043 20.4707
v 18.0684 503.955 20.4922
v 18.8746 500.115 19.5181
v 19.2752 500.115 19.5281
v 18.8746 500.074 19.5281
v 18.0684 500.032 19.5293
v 19.6862 500.197 19.5293
v 18.0684 500.12 19.5078
v -18.0684 500.032 19.5293
v 18.8261 500.197 19.5078
v -18.0684 500.12 19.5078
v 18.0684 500.197 19.5
v 18.8261 503.878 19.5078
v 19.6862 503.878 19.5293
v 19.2753 503.96 19.5281
v -18.0684 500.197 19.5
v 18.0684 503.878 19.5
v 18.8746 503.96 19.5181
v 18.8746 504.001 19.5281
v 18.0684 504.043 19.5293
v 18.0684 503.955 19.5078
v -18.0684 504.043 19.5293
v -18.0684 503.878 19.5
v -18.0684 503.955 19.5078
v -18.8746 503.96 19.5181
v -18.8746 504.001 19.5281
v -19.2752 503.96 19.5281
v -18.826 503.878 19.5078
v -19.6862 503.878 19.5293
v -18.826 500.197 19.5078
v -19.6862 500.197 19.5293
v -19.2752 500.115 19.5281
v -18.8746 500.115 19.5181
v -18.8746 500.074 19.5281
v -18.8746 504.001 -19.5281
v -18.8261 504.043 -19.5483
v -19.2752 503.96 -19.5281
v -19.6862 503.955 -19.5483
v -18.826 504.043 -20.4517
v -20 503.878 -19.5483
v -19.6862 503.878 -19.5293
v -19.6862 503.955 -20.4517
v -18.8746 504.001 -20.4719
v -19.2752 503.96 -20.4719
v -20 503.878 -20.4517
v -19.6862 503.878 -20.4707
v -20 500.197 -19.5483
v -19.6862 500.197 -19.5293
v -19.2752 500.115 -19.5281
v -20 500.197 -20.4517
v -19.6862 500.197 -20.4707
v -19.2752 500.115 -20.4719
v -19.6862 500.12 -19.5483
v -18.8746 500.074 -19.5281
v -19.6862 500.12 -20.4517
v -18.8261 500.032 -19.5483
v -18.826 500.032 -20.4517
v -18.8746 500.074 -20.4719
v -18.0684 500 -19.5483
v -18.0684 500.032 -19.5293
v -18.0684 500 -20.4517
v -18.0684 500.032 -20.4707
v 18.0684 500.032 -20.4707
v 18.0684 500 -19.5483
v 18.0684 500.032 -19.5293
v 18.8746 500.074 -19.5281
v 18.8261 500.032 -19.5483
v 18.0684 500 -20.4517
v 18.8746 500.074 -20.4719
v 18.8261 500.032 -20.4517
v 18.8261 500.032 -20.4517
v 18.8746 500.074 -20.4719
v 19.2752 500.115 -20.4719
v 19.6862 500.12 -20.4517
v 19.6862 500.12 -19.5483
v 18.8261 500.032 -19.5483
v 18.8746 500.074 -19.5281
v 19.2752 500.115 -19.5281
v 20 500.197 -20.4517
v 19.6862 500.197 -20.4707
v 20 500.197 -19.5483
v 19.6862 500.197 -19.5293
v 19.6862 503.878 -19.5293
v 20 503.878 -19.5483
v 19.2752 503.96 -19.5281
v 20 503.878 -20.4517
v 19.6862 503.878 -20.4707
v 19.2753 503.96 -20.4719
v 19.6862 503.955 -19.5483
v 19.6862 503.955 -20.4517
v 18.826 504.043 -19.5483
v 18.8746 504.001 -19.5281
v 18.8261 504.043 -20.4517
v 18.8746 504.001 -20.4719
v 18.0684 504.075 -19.5483
v 18.0684 504.043 -19.5293
v 18.0684 504.075 -20.4517
v 18.0684 504.043 -20.4707
v -18.0684 504.043 -20.4707
v -18.0684 504.075 -20.4517
v -18.8746 504.001 -20.4719
v -18.826 504.043 -20.4517
v -18.0684 504.075 -19.5483
v -18.8261 504.043 -19.5483
v -18.0684 504.043 -19.5293
v -18.8746 504.001 -19.5281
v -18.8746 504.001 -19.5281
v -19.2752 503.96 -19.5281
v -18.8746 503.96 -19.5181
v -19.6862 503.878 -19.5293
v -18.0684 504.043 -19.5293
v -18.8261 503.878 -19.5078
v -19.6862 500.197 -19.5293
v -18.0684 503.955 -19.5078
v -18.8261 500.197 -19.5078
v -18.0684 503.878 -19.5
v -18.8746 500.115 -19.5181
v -19.2752 500.115 -19.5281
v -18.8746 500.074 -19.5281
v -18.0684 500.032 -19.5293
v -18.0684 500.197 -19.5
v -18.0684 500.12 -19.5078
v 18.0684 500.032 -19.5293
v 18.0684 500.12 -19.5078
v 18.0684 500.197 -19.5
v 18.8746 500.115 -19.5181
v 18.8746 500.074 -19.5281
v 19.2752 500.115 -19.5281
v 18.8261 500.197 -19.5078
v 19.6862 500.197 -19.5293
v 19.6862 503.878 -19.5293
v 18.826 503.878 -19.5078
v 18.0684 503.878 -19.5
v 18.8746 503.96 -19.5181
v 19.2752 503.96 -19.5281
v 18.8746 504.001 -19.5281
v 18.0684 504.043 -19.5293
v 18.0684 503.955 -19.5078
v 18.8746 500.115 -20.4819
v 19.2752 500.115 -20.4719
v 18.8746 500.074 -20.4719
v 18.0684 500.032 -20.4707
v 19.6862 500.197 -20.4707
v 18.0684 500.12 -20.4922
v -18.0684 500.032 -20.4707
v 18.8261 500.197 -20.4922
v -18.0684 500.12 -20.4922
v 18.0684 500.197 -20.5
v 18.8261 503.878 -20.4922
v 19.6862 503.878 -20.4707
v 19.2753 503.96 -20.4719
v -18.0684 500.197 -20.5
v 18.0684 503.878 -20.5
v 18.8746 503.96 -20.4819
v 18.8746 504.001 -20.4719
v 18.0684 504.043 -20.4707
v 18.0684 503.955 -20.4922
v -18.0684 504.043 -20.4707
v -18.0684 503.878 -20.5
v -18.0684 503.955 -20.4922
v -18.8746 503.96 -20.4819
v -18.8746 504.001 -20.4719
v -19.2752 503.96 -20.4719
v -18.826 503.878 -20.4922
v -19.6862 503.878 -20.4707
v -18.826 500.197 -20.4922
v -19.6862 500.197 -20.4707
v -19.2752 500.115 -20.4719
v -18.8746 500.115 -20.4819
v -18.8746 500.074 -20.4719
v 19.5281 504.001 18.8746
v 19.5293 504.043 18.0684
v 19.5181 503.96 18.8746
v 19.5078 503.955 18.0684
v 19.5293 504.043 -18.0684
v 19.5 503.878 18.0684
v 19.5078 503.878 18.826
v 19.5078 503.955 -18.0684
v 19.5281 504.001 -18.8746
v 19.5181 503.96 -18.8746
v 19.5 503.878 -18.0684
v 19.5078 503.878 -18.8261
v 19.5 500.197 18.0684
v 19.5078 500.197 18.826
v 19.5181 500.115 18.8746
v 19.5 500.197 -18.0684
v 19.5078 500.197 -18.8261
v 19.5181 500.115 -18.8746
v 19.5078 500.12 18.0684
v 19.5281 500.074 18.8746
v 19.5078 500.12 -18.0684
v 19.5293 500.032 18.0684
v 19.5293 500.032 -18.0684
v 19.5281 500.074 -18.8746
v 19.5483 500 18.0684
v 19.5483 500.032 18.826
v 19.5483 500 -18.0684
v 19.5483 500.032 -18.8261
v 20.4517 500.032 -18.826
v 20.4517 500 18.0684
v 20.4517 500.032 18.826
v 20.4719 500.074 18.8746
v 20.4707 500.032 18.0684
v 20.4517 500 -18.0684
v 20.4719 500.074 -18.8746
v 20.4707 500.032 -18.0684
v 20.4707 500.032 -18.0684
v 20.4719 500.074 -18.8746
v 20.4819 500.115 -18.8746
v 20.4922 500.12 -18.0684
v 20.4922 500.12 18.0684
v 20.4707 500.032 18.0684
v 20.4719 500.074 18.8746
v 20.4819 500.115 18.8746
v 20.5 500.197 -18.0684
v 20.4922 500.197 -18.826
v 20.5 500.197 18.0684
v 20.4922 500.197 18.826
v 20.4922 503.878 18.826
v 20.5 503.878 18.0684
v 20.4819 503.96 18.8746
v 20.5 503.878 -18.0684
v 20.4922 503.878 -18.826
v 20.4819 503.96 -18.8746
v 20.4922 503.955 18.0684
v 20.4922 503.955 -18.0684
v 20.4707 504.043 18.0684
v 20.4719 504.001 18.8746
v 20.4707 504.043 -18.0684
v 20.4719 504.001 -18.8746
v 20.4517 504.075 18.0684
v 20.4517 504.043 18.826
v 20.4517 504.075 -18.0684
v 20.4517 504.043 -18.826
v 19.5483 504.043 -18.8261
v 19.5483 504.075 -18.0684
v 19.5281 504.001 -18.8746
v 19.5293 504.043 -18.0684
v 19.5483 504.075 18.0684
v 19.5293 504.043 18.0684
v 19.5483 504.043 18.826
v 19.5281 504.001 18.8746
v 19.5281 504.001 18.8746
v 19.5181 503.96 18.8746
v 19.5281 503.96 19.2752
v 19.5078 503.878 18.826
v 19.5483 504.043 18.826
v 19.5293 503.878 19.6861
v 19.5078 500.197 18.826
v 19.5483 503.955 19.6861
v 19.5293 500.197 19.6861
v 19.5483 503.878 20
v 19.5281 500.115 19.2752
v 19.5181 500.115 18.8746
v 19.5281 500.074 18.8746
v 19.5483 500.032 18.826
v 19.5483 500.197 20
v 19.5483 500.12 19.6861
v 20.4517 500.032 18.826
v 20.4517 500.12 19.6862
v 20.4517 500.197 20
v 20.4719 500.115 19.2752
v 20.4719 500.074 18.8746
v 20.4819 500.115 18.8746
v 20.4707 500.197 19.6862
v 20.4922 500.197 18.826
v 20.4922 503.878 18.826
v 20.4707 503.878 19.6862
v 20.4517 503.878 20
v 20.4719 503.96 19.2752
v 20.4819 503.96 18.8746
v 20.4719 504.001 18.8746
v 20.4517 504.043 18.826
v 20.4517 503.955 19.6862
v 20.4719 500.115 -19.2752
v 20.4819 500.115 -18.8746
v 20.4719 500.074 -18.8746
v 20.4517 500.032 -18.826
v 20.4922 500.197 -18.826
v 20.4517 500.12 -19.6862
v 19.5483 500.032 -18.8261
v 20.4707 500.197 -19.6862
v 19.5483 500.12 -19.6862
v 20.4517 500.197 -20
v 20.4707 503.878 -19.6862
v 20.4922 503.878 -18.826
v 20.4819 503.96 -18.8746
v 19.5483 500.197 -20
v 20.4517 503.878 -20
v 20.4719 503.96 -19.2752
v 20.4719 504.001 -18.8746
v 20.4517 504.043 -18.826
v 20.4517 503.955 -19.6862
v 19.5483 504.043 -18.8261
v 19.5483 503.878 -20
v 19.5483 503.955 -19.6862
v 19.5281 503.96 -19.2752
v 19.5281 504.001 -18.8746
v 19.5181 503.96 -18.8746
v 19.5293 503.878 -19.6862
v 19.5078 503.878 -18.8261
v 19.5293 500.197 -19.6862
v 19.5078 500.197 -18.8261
v 19.5181 500.115 -18.8746
v 19.5281 500.115 -19.2752
v 19.5281 500.074 -18.8746
v -20.4719 504.001 18.8746
v -20.4707 504.043 18.0684
v -20.4819 503.96 18.8746
v -20.4922 503.955 18.0684
v -20.4707 504.043 -18.0684
v -20.5 503.878 18.0684
v -20.4922 503.878 18.826
v -20.4922 503.955 -18.0684
v -20.4719 504.001 -18.8746
v -20.4819 503.96 -18.8746
v -20.5 503.878 -18.0684
v -20.4922 503.878 -18.8261
v -20.5 500.197 18.0684
v -20.4922 500.197 18.826
v -20.4819 500.115 18.8746
v -20.5 500.197 -18.0684
v -20.4922 500.197 -18.8261
v -20.4819 500.115 -18.8746
v -20.4922 500.12 18.0684
v -20.4719 500.074 18.8746
v -20.4922 500.12 -18.0684
v -20.4707 500.032 18.0684
v -20.4707 500.032 -18.0684
v -20.4719 500.074 -18.8746
v -20.4517 500 18.0684
v -20.4517 500.032 18.826
v -20.4517 500 -18.0684
v -20.4517 500.032 -18.8261
v -19.5483 500.032 -18.826
v -19.5483 500 18.0684
v -19.5483 500.032 18.826
v -19.5281 500.074 18.8746
v -19.5293 500.032 18.0684
v -19.5483 500 -18.0684
v -19.5281 500.074 -18.8746
v -19.5293 500.032 -18.0684
v -19.5293 500.032 -18.0684
v -19.5281 500.074 -18.8746
v -19.5181 500.115 -18.8746
v -19.5078 500.12 -18.0684
v -19.5078 500.12 18.0684
v -19.5293 500.032 18.0684
v -19.5281 500.074 18.8746
v -19.5181 500.115 18.8746
v -19.5 500.197 -18.0684
v -19.5078 500.197 -18.826
v -19.5 500.197 18.0684
v -19.5078 500.197 18.826
v -19.5078 503.878 18.826
v -19.5 503.878 18.0684
v -19.5181 503.96 18.8746
v -19.5 503.878 -18.0684
v -19.5078 503.878 -18.826
v -19.5181 503.96 -18.8746
v -19.5078 503.955 18.0684
v -19.5078 503.955 -18.0684
v -19.5293 504.043 18.0684
v -19.5281 504.001 18.8746
v -19.5293 504.043 -18.0684
v -19.5281 504.001 -18.8746
v -19.5483 504.075 18.0684
v -19.5483 504.043 18.826
v -19.5483 504.075 -18.0684
v -19.5483 504.043 -18.826
v -20.4517 504.043 -18.8261
v -20.4517 504.075 -18.0684
v -20.4719 504.001 -18.8746
v -20.4707 504.043 -18.0684
v -20.4517 504.075 18.0684
v -20.4707 504.043 18.0684
v -20.4517 504.043 18.826
v -20.4719 504.001 18.8746
v -20.4719 504.001 18.8746
v -20.4819 503.96 18.8746
v -20.4719 503.96 19.2752
v -20.4922 503.878 18.826
v -20.4517 504.043 18.826
v -20.4707 503.878 19.6861
v -20.4922 500.197 18.826
v -20.4517 503.955 19.6861
v -20.4707 500.197 19.6861
v -20.4517 503.878 20
v -20.4719 500.115 19.2752
v -20.4819 500.115 18.8746
v -20.4719 500.074 18.8746
v -20.4517 500.032 18.826
v -20.4517 500.197 20
v -20.4517 500.12 19.6861
v -19.5483 500.032 18.826
v -19.5483 500.12 19.6862
v -19.5483 500.197 20
v -19.5281 500.115 19.2752
v -19.5281 500.074 18.8746
v -19.5181 500.115 18.8746
v -19.5293 500.197 19.6862
v -19.5078 500.197 18.826
v -19.5078 503.878 18.826
v -19.5293 503.878 19.6862
v -19.5483 503.878 20
v -19.5281 503.96 19.2752
v -19.5181 503.96 18.8746
v -19.5281 504.001 18.8746
v -19.5483 504.043 18.826
v -19.5483 503.955 19.6862
v -19.5281 500.115 -19.2752
v -19.5181 500.115 -18.8746
v -19.5281 500.074 -18.8746
v -19.5483 500.032 -18.826
v -19.5078 500.197 -18.826
v -19.5483 500.12 -19.6862
v -20.4517 500.032 -18.8261
v -19.5293 500.197 -19.6862
v -20.4517 500.12 -19.6862
v -19.5483 500.197 -20
v -19.5293 503.878 -19.6862
v -19.5078 503.878 -18.826
v -19.5181 503.96 -18.8746
v -20.4517 500.197 -20
v -19.5483 503.878 -20
v -19.5281 503.96 -19.2752
v -19.5281 504.001 -18.8746
v -19.5483 504.043 -18.826
v -19.5483 503.955 -19.6862
v -20.4517 504.043 -18.8261
v -20.4517 503.878 -20
v -20.4517 503.955 -19.6862
v -20.4719 503.96 -19.2752
v -20.4719 504.001 -18.8746
v -20.4819 503.96 -18.8746
v -20.4707 503.878 -19.6862
v -20.4922 503.878 -18.8261
v -20.4707 500.197 -19.6862
v -20.4922 500.197 -18.8261
v -20.4819 500.115 -18.8746
v -20.4719 500.115 -19.2752
v -20.4719 500.074 -18.8746
v -19.7476 503.052 0.566238
v -19.7367 503.084 0.542052
v -19.8375 503.021 0.566238
v -19.9296 503.018 0.542052
v -19.7367 503.084 -0.542052
v -20 502.959 0.542052
v -19.9296 502.959 0.564781
v -19.9296 503.018 -0.542052
v -19.7476 503.052 -0.566238
v -19.8375 503.021 -0.566238
v -20 502.959 -0.542052
v -19.9296 502.959 -0.564782
v -20 500.15 0.542052
v -19.9296 500.15 0.564781
v -19.8375 500.087 0.566238
v -20 500.15 -0.542052
v -19.9296 500.15 -0.564782
v -19.8375 500.087 -0.566238
v -19.9296 500.091 0.542052
v -19.7476 500.056 0.566238
v -19.9296 500.091 -0.542052
v -19.7367 500.024 0.542052
v -19.7367 500.024 -0.542052
v -19.7476 500.056 -0.566238
v -19.5668 500 0.542052
v -19.5668 500.024 0.564781
v -19.5668 500 -0.542052
v -19.5668 500.024 -0.564782
v -11.462 500.024 -0.564781
v -11.462 500 0.542052
v -11.462 500.024 0.564782
v -11.2812 500.056 0.566238
v -11.2921 500.024 0.542052
v -11.462 500 -0.542052
v -11.2812 500.056 -0.566238
v -11.2921 500.024 -0.542052
v -11.2921 500.024 -0.542052
v -11.2812 500.056 -0.566238
v -11.1913 500.087 -0.566238
v -11.0992 500.091 -0.542052
v -11.0992 500.091 0.542052
v -11.2921 500.024 0.542052
v -11.2812 500.056 0.566238
v -11.1913 500.087 0.566238
v -11.0288 500.15 -0.542052
v -11.0992 500.15 -0.564781
v -11.0288 500.15 0.542052
v -11.0992 500.15 0.564782
v -11.0992 502.959 0.564782
v -11.0288 502.959 0.542052
v -11.1913 503.021 0.566238
v -11.0288 502.959 -0.542052
v -11.0992 502.959 -0.564781
v -11.1913 503.021 -0.566238
v -11.0992 503.018 0.542052
v -11.0992 503.018 -0.542052
v -11.2921 503.084 0.542052
v -11.2812 503.052 0.566238
v -11.2921 503.084 -0.542052
v -11.2812 503.052 -0.566238
v -11.462 503.109 0.542052
v -11.462 503.084 0.564782
v -11.462 503.109 -0.542052
v -11.462 503.084 -0.564781
v -19.5668 503.084 -0.564782
v -19.5668 503.109 -0.542052
v -19.7476 503.052 -0.566238
v -19.7367 503.084 -0.542052
v -19.5668 503.109 0.542052
v -19.7367 503.084 0.542052
v -19.5668 503.084 0.564781
v -19.7476 503.052 0.566238
v -19.7476 503.052 0.566238
v -19.8375 503.021 0.566238
v -19.7476 503.021 0.578257
v -19.9296 502.959 0.564781
v -19.5668 503.084 0.564781
v -19.7367 502.959 0.590585
v -19.9296 500.15 0.564781
v -19.5668 503.018 0.590585
v -19.7367 500.15 0.590585
v -19.5668 502.959 0.6
v -19.7476 500.087 0.578257
v -19.8375 500.087 0.566238
v -19.7476 500.056 0.566238
v -19.5668 500.024 0.564781
v -19.5668 500.15 0.6
v -19.5668 500.091 0.590585
v -11.462 500.024 0.564782
v -11.462 500.091 0.590585
v -11.462 500.15 0.6
v -11.2812 500.087 0.578257
v -11.2812 500.056 0.566238
v -11.1913 500.087 0.566238
v -11.2921 500.15 0.590585
v -11.0992 500.15 0.564782
v -11.0992 502.959 0.564782
v -11.2921 502.959 0.590585
v -11.462 502.959 0.6
v -11.2812 503.021 0.578258
v -11.1913 503.021 0.566238
v -11.2812 503.052 0.566238
v -11.462 503.084 0.564782
v -11.462 503.018 0.590585
v -11.2812 500.087 -0.578258
v -11.1913 500.087 -0.566238
v -11.2812 500.056 -0.566238
v -11.462 500.024 -0.564781
v -11.0992 500.15 -0.564781
v -11.462 500.091 -0.590585
v -19.5668 500.024 -0.564782
v -11.2921 500.15 -0.590585
v -19.5668 500.091 -0.590586
v -11.462 500.15 -0.6
v -11.2921 502.959 -0.590585
v -11.0992 502.959 -0.564781
v -11.1913 503.021 -0.566238
v -19.5668 500.15 -0.6
v -11.462 502.959 -0.6
v -11.2812 503.021 -0.578258
v -11.2812 503.052 -0.566238
v -11.462 503.084 -0.564781
v -11.462 503.018 -0.590585
v -19.5668 503.084 -0.564782
v -19.5668 502.959 -0.6
v -19.5668 503.018 -0.590586
v -19.7476 503.021 -0.578258
v -19.7476 503.052 -0.566238
v -19.8375 503.021 -0.566238
v -19.7367 502.959 -0.590586
v -19.9296 502.959 -0.564782
v -19.7367 500.15 -0.590586
v -19.9296 500.15 -0.564782
v -19.8375 500.087 -0.566238
v -19.7476 500.087 -0.578258
v -19.7476 500.056 -0.566238
v -4.2332 503.052 0.566238
v -4.22231 503.084 0.542052
v -4.32305 503.021 0.566238
v -4.41522 503.018 0.542052
v -4.2223 503.084 -0.542052
v -4.4856 502.959 0.542052
v -4.41522 502.959 0.564781
v -4.41521 503.018 -0.542052
v -4.2332 503.052 -0.566238
v -4.32305 503.021 -0.566238
v -4.4856 502.959 -0.542052
v -4.41521 502.959 -0.564782
v -4.4856 500.15 0.542052
v -4.41522 500.15 0.564781
v -4.32305 500.087 0.566238
v -4.4856 500.15 -0.542052
v -4.41521 500.15 -0.564782
v -4.32305 500.087 -0.566238
v -4.41522 500.091 0.542052
v -4.2332 500.056 0.566238
v -4.41521 500.091 -0.542052
v -4.22231 500.024 0.542052
v -4.2223 500.024 -0.542052
v -4.2332 500.056 -0.566238
v -4.05238 500 0.542052
v -4.05238 500.024 0.564781
v -4.05238 500 -0.542052
v -4.05238 500.024 -0.564782
v 4.05238 500.024 -0.564781
v 4.05238 500 0.542052
v 4.05238 500.024 0.564782
v 4.2332 500.056 0.566238
v 4.22231 500.024 0.542052
v 4.05238 500 -0.542052
v 4.2332 500.056 -0.566238
v 4.22231 500.024 -0.542052
v 4.22231 500.024 -0.542052
v 4.2332 500.056 -0.566238
v 4.32305 500.087 -0.566238
v 4.41522 500.091 -0.542052
v 4.41522 500.091 0.542052
v 4.22231 500.024 0.542052
v 4.2332 500.056 0.566238
v 4.32305 500.087 0.566238
v 4.4856 500.15 -0.542052
v 4.41522 500.15 -0.564781
v 4.4856 500.15 0.542052
v 4.41522 500.15 0.564782
v 4.41521 502.959 0.564782
v 4.4856 502.959 0.542052
v 4.32305 503.021 0.566238
v 4.4856 502.959 -0.542052
v 4.41522 502.959 -0.564781
v 4.32306 503.021 -0.566238
v 4.41521 503.018 0.542052
v 4.41522 503.018 -0.542052
v 4.2223 503.084 0.542052
v 4.23319 503.052 0.566238
v 4.22231 503.084 -0.542052
v 4.2332 503.052 -0.566238
v 4.05238 503.109 0.542052
v 4.05238 503.084 0.564782
v 4.05238 503.109 -0.542052
v 4.05238 503.084 -0.564781
v -4.05238 503.084 -0.564782
v -4.05238 503.109 -0.542052
v -4.2332 503.052 -0.566238
v -4.2223 503.084 -0.542052
v -4.05238 503.109 0.542052
v -4.22231 503.084 0.542052
v -4.05238 503.084 0.564781
v -4.2332 503.052 0.566238
v -4.2332 503.052 0.566238
v -4.32305 503.021 0.566238
v -4.2332 503.021 0.578257
v -4.41522 502.959 0.564781
v -4.05238 503.084 0.564781
v -4.22231 502.959 0.590585
v -4.41522 500.15 0.564781
v -4.05238 503.018 0.590585
v -4.22231 500.15 0.590585
v -4.05238 502.959 0.6
v -4.2332 500.087 0.578257
v -4.32305 500.087 0.566238
v -4.2332 500.056 0.566238
v -4.05238 500.024 0.564781
v -4.05238 500.15 0.6
v -4.05238 500.091 0.590585
v 4.05238 500.024 0.564782
v 4.05238 500.091 0.590585
v 4.05238 500.15 0.6
v 4.2332 500.087 0.578257
v 4.2332 500.056 0.566238
v 4.32305 500.087 0.566238
v 4.22231 500.15 0.590585
v 4.41522 500.15 0.564782
v 4.41521 502.959 0.564782
v 4.2223 502.959 0.590585
v 4.05238 502.959 0.6
v 4.23319 503.021 0.578258
v 4.32305 503.021 0.566238
v 4.23319 503.052 0.566238
v 4.05238 503.084 0.564782
v 4.05238 503.018 0.590585
v 4.2332 500.087 -0.578258
v 4.32305 500.087 -0.566238
v 4.2332 500.056 -0.566238
v 4.05238 500.024 -0.564781
v 4.41522 500.15 -0.564781
v 4.05238 500.091 -0.590585
v -4.05238 500.024 -0.564782
v 4.22231 500.15 -0.590585
v -4.05238 500.091 -0.590586
v 4.05238 500.15 -0.6
v 4.22231 502.959 -0.590585
v 4.41522 502.959 -0.564781
v 4.32306 503.021 -0.566238
v -4.05238 500.15 -0.6
v 4.05239 502.959 -0.6
v 4.2332 503.021 -0.578258
v 4.2332 503.052 -0.566238
v 4.05238 503.084 -0.564781
v 4.05239 503.018 -0.590585
v -4.05238 503.084 -0.564782
v -4.05238 502.959 -0.6
v -4.05238 503.018 -0.590586
v -4.2332 503.021 -0.578258
v -4.2332 503.052 -0.566238
v -4.32305 503.021 -0.566238
v -4.2223 502.959 -0.590586
v -4.41521 502.959 -0.564782
v -4.2223 500.15 -0.590586
v -4.41521 500.15 -0.564782
v -4.32305 500.087 -0.566238
v -4.2332 500.087 -0.578258
v -4.2332 500.056 -0.566238
v 11.2812 503.052 0.566238
v 11.2921 503.084 0.542052
v 11.1913 503.021 0.566238
v 11.0992 503.018 0.542052
v 11.2921 503.084 -0.542052
v 11.0288 502.959 0.542052
v 11.0992 502.959 0.564781
v 11.0992 503.018 -0.542052
v 11.2812 503.052 -0.566238
v 11.1913 503.021 -0.566238
v 11.0288 502.959 -0.542052
v 11.0992 502.959 -0.564782
v 11.0288 500.15 0.542052
v 11.0992 500.15 0.564781
v 11.1913 500.087 0.566238
v 11.0288 500.15 -0.542052
v 11.0992 500.15 -0.564782
v 11.1913 500.087 -0.566238
v 11.0992 500.091 0.542052
v 11.2812 500.056 0.566238
v 11.0992 500.091 -0.542052
v 11.2921 500.024 0.542052
v 11.2921 500.024 -0.542052
v 11.2812 500.056 -0.566238
v 11.462 500 0.542052
v 11.462 500.024 0.564781
v 11.462 500 -0.542052
v 11.462 500.024 -0.564782
v 19.5668 500.024 -0.564781
v 19.5668 500 0.542052
v 19.5668 500.024 0.564782
v 19.7476 500.056 0.566238
v 19.7367 500.024 0.542052
v 19.5668 500 -0.542052
v 19.7476 500.056 -0.566238
v 19.7367 500.024 -0.542052
v 19.7367 500.024 -0.542052
v 19.7476 500.056 -0.566238
v 19.8375 500.087 -0.566238
v 19.9296 500.091 -0.542052
v 19.9296 500.091 0.542052
v 19.7367 500.024 0.542052
v 19.7476 500.056 0.566238
v 19.8375 500.087 0.566238
v 20 500.15 -0.542052
v 19.9296 500.15 -0.564781
v 20 500.15 0.542052
v 19.9296 500.15 0.564782
v 19.9296 502.959 0.564782
v 20 502.959 0.542052
v 19.8375 503.021 0.566238
v 20 502.959 -0.542052
v 19.9296 502.959 -0.564781
v 19.8375 503.021 -0.566238
v 19.9296 503.018 0.542052
v 19.9296 503.018 -0.542052
v 19.7367 503.084 0.542052
v 19.7476 503.052 0.566238
v 19.7367 503.084 -0.542052
v 19.7476 503.052 -0.566238
v 19.5668 503.109 0.542052
v 19.5668 503.084 0.564782
v 19.5668 503.109 -0.542052
v 19.5668 503.084 -0.564781
v 11.462 503.084 -0.564782
v 11.462 503.109 -0.542052
v 11.2812 503.052 -0.566238
v 11.2921 503.084 -0.542052
v 11.462 503.109 0.542052
v 11.2921 503.084 0.542052
v 11.462 503.084 0.564781
v 11.2812 503.052 0.566238
v 11.2812 503.052 0.566238
v 11.1913 503.021 0.566238
v 11.2812 503.021 0.578257
v 11.0992 502.959 0.564781
v 11.462 503.084 0.564781
v 11.2921 502.959 0.590585
v 11.0992 500.15 0.564781
v 11.462 503.018 0.590585
v 11.2921 500.15 0.590585
v 11.462 502.959 0.6
v 11.2812 500.087 0.578257
v 11.1913 500.087 0.566238
v 11.2812 500.056 0.566238
v 11.462 500.024 0.564781
v 11.462 500.15 0.6
v 11.462 500.091 0.590585
v 19.5668 500.024 0.564782
v 19.5668 500.091 0.590585
v 19.5668 500.15 0.6
v 19.7476 500.087 0.578257
v 19.7476 500.056 0.566238
v 19.8375 500.087 0.566238
v 19.7367 500.15 0.590585
v 19.9296 500.15 0.564782
v 19.9296 502.959 0.564782
v 19.7367 502.959 0.590585
v 19.5668 502.959 0.6
v 19.7476 503.021 0.578258
v 19.8375 503.021 0.566238
v 19.7476 503.052 0.566238
v 19.5668 503.084 0.564782
v 19.5668 503.018 0.590585
v 19.7476 500.087 -0.578258
v 19.8375 500.087 -0.566238
v 19.7476 500.056 -0.566238
v 19.5668 500.024 -0.564781
v 19.9296 500.15 -0.564781
v 19.5668 500.091 -0.590585
v 11.462 500.024 -0.564782
v 19.7367 500.15 -0.590585
v 11.462 500.091 -0.590586
v 19.5668 500.15 -0.6
v 19.7367 502.959 -0.590585
v 19.9296 502.959 -0.564781
v 19.8375 503.021 -0.566238
v 11.462 500.15 -0.6
v 19.5668 502.959 -0.6
v 19.7476 503.021 -0.578258
v 19.7476 503.052 -0.566238
v 19.5668 503.084 -0.564781
v 19.5668 503.018 -0.590585
v 11.462 503.084 -0.564782
v 11.462 502.959 -0.6
v 11.462 503.018 -0.590586
v 11.2812 503.021 -0.578258
v 11.2812 503.052 -0.566238
v 11.1913 503.021 -0.566238
v 11.2921 502.959 -0.590586
v 11.0992 502.959 -0.564782
v 11.2921 500.15 -0.590586
v 11.0992 500.15 -0.564782
v 11.1913 500.087 -0.566238
v 11.2812 500.087 -0.578258
v 11.2812 500.056 -0.566238
v 10.2915 500.001 -12.2134
v 10.3284 500.018 -12.2134
v 10.3284 500.018 -11.7852
v 10.2915 500.001 -11.7852
v 9.86327 500.001 -12.2134
v 9.86327 500.001 -11.7852
v 9.82636 500.018 -11.7852
v 9.82636 500.018 -12.2134
v 9.86327 502.999 -12.2134
v 9.82636 502.982 -12.2134
v 9.82636 502.982 -11.7852
v 9.86327 502.999 -11.7852
v 10.2915 502.999 -11.7852
v 10.2915 502.999 -12.2134
v 10.3284 502.982 -12.2134
v 10.3284 502.982 -11.7852
v 10.3308 502.96 -11.7459
v 10.3284 502.982 -11.7852
v 10.2915 502.999 -11.7852
v 10.2915 502.982 -11.7483
v 10.3308 502.949 -11.7359
v 9.86327 502.999 -11.7852
v 9.82636 502.982 -11.7852
v 9.824 502.96 -11.7459
v 9.86327 502.982 -11.7483
v 9.824 502.949 -11.7359
v 10.2915 502.946 -11.7159
v 9.86327 502.946 -11.7159
v 10.2915 502.905 -11.7006
v 10.3284 502.905 -11.7159
v 9.86327 502.905 -11.7006
v 9.82636 502.905 -11.7159
v 9.82636 500.095 -11.7159
v 10.2915 500.095 -11.7006
v 10.3284 500.095 -11.7159
v 9.86327 500.095 -11.7006
v 10.3308 500.051 -11.7359
v 9.824 500.051 -11.7359
v 10.2915 500.054 -11.7159
v 9.86327 500.054 -11.7159
v 10.2915 500.018 -11.7483
v 10.3308 500.04 -11.7459
v 9.86327 500.018 -11.7483
v 9.824 500.04 -11.7459
v 10.2915 500.001 -11.7852
v 10.3284 500.018 -11.7852
v 9.86327 500.001 -11.7852
v 9.82636 500.018 -11.7852
v 10.3284 500.018 -12.2134
v 10.2915 500.001 -12.2134
v 10.3308 500.04 -12.2527
v 10.2915 500.018 -12.2503
v 10.3308 500.051 -12.2627
v 9.86327 500.001 -12.2134
v 9.82636 500.018 -12.2134
v 9.824 500.04 -12.2527
v 9.86327 500.018 -12.2503
v 9.824 500.051 -12.2627
v 10.2915 500.054 -12.2827
v 9.86327 500.054 -12.2827
v 10.2915 500.095 -12.298
v 10.3284 500.095 -12.2827
v 9.86327 500.095 -12.298
v 9.82636 500.095 -12.2827
v 9.82636 502.905 -12.2827
v 10.2915 502.905 -12.298
v 10.3284 502.905 -12.2827
v 9.86327 502.905 -12.298
v 9.824 502.949 -12.2627
v 10.3308 502.949 -12.2627
v 9.86327 502.946 -12.2827
v 10.2915 502.946 -12.2827
v 9.824 502.96 -12.2527
v 10.2915 502.982 -12.2503
v 10.3308 502.96 -12.2527
v 9.86327 502.982 -12.2503
v 9.82636 502.982 -12.2134
v 9.86327 502.999 -12.2134
v 10.2915 502.999 -12.2134
v 10.3284 502.982 -12.2134
v 10.3308 502.949 -12.2627
v 10.3308 502.96 -12.2527
v 10.3408 502.949 -12.2527
v 10.3284 502.905 -12.2827
v 10.3284 502.982 -12.2134
v 10.3608 502.905 -12.2503
v 10.3284 500.095 -12.2827
v 10.3608 502.946 -12.2134
v 10.3284 502.982 -11.7852
v 10.3761 502.905 -12.2134
v 10.3608 502.946 -11.7852
v 10.3408 502.949 -11.7459
v 10.3308 502.96 -11.7459
v 10.3308 502.949 -11.7359
v 10.3761 502.905 -11.7852
v 10.3608 502.905 -11.7483
v 10.3284 502.905 -11.7159
v 10.3284 500.095 -11.7159
v 10.3608 500.095 -11.7483
v 10.3761 500.095 -12.2134
v 10.3761 500.095 -11.7852
v 10.3408 500.051 -11.7459
v 10.3308 500.051 -11.7359
v 10.3308 500.04 -11.7459
v 10.3284 500.018 -11.7852
v 10.3608 500.054 -11.7852
v 10.3284 500.018 -12.2134
v 10.3608 500.054 -12.2134
v 10.3408 500.051 -12.2527
v 10.3308 500.04 -12.2527
v 10.3308 500.051 -12.2627
v 10.3608 500.095 -12.2503
v 9.81397 502.949 -11.7459
v 9.824 502.949 -11.7359
v 9.824 502.96 -11.7459
v 9.82636 502.982 -11.7852
v 9.82636 502.905 -11.7159
v 9.79395 502.946 -11.7852
v 9.82636 502.982 -12.2134
v 9.79395 502.905 -11.7483
v 9.79395 502.946 -12.2134
v 9.77867 502.905 -11.7852
v 9.81397 502.949 -12.2527
v 9.824 502.96 -12.2527
v 9.824 502.949 -12.2627
v 9.77867 502.905 -12.2134
v 9.79395 502.905 -12.2503
v 9.82636 502.905 -12.2827
v 9.82636 500.095 -12.2827
v 9.79395 500.095 -12.2503
v 9.824 500.051 -12.2627
v 9.77867 500.095 -12.2134
v 9.81397 500.051 -12.2527
v 9.824 500.04 -12.2527
v 9.82636 500.018 -12.2134
v 9.79395 500.054 -12.2134
v 9.82636 500.018 -11.7852
v 9.79395 500.054 -11.7852
v 9.77867 500.095 -11.7852
v 9.81397 500.051 -11.7459
v 9.824 500.04 -11.7459
v 9.824 500.051 -11.7359
v 9.79395 500.095 -11.7483
v 9.82636 500.095 -11.7159
v 9.26113 500.001 -11.8838
v 9.29804 500.018 -11.8838
v 9.29804 500.018 -11.4556
v 9.26113 500.001 -11.4556
v 8.83287 500.001 -11.8838
v 8.83287 500.001 -11.4556
v 8.79596 500.018 -11.4556
v 8.79596 500.018 -11.8838
v 8.83287 502.999 -11.8838
v 8.79596 502.982 -11.8838
v 8.79596 502.982 -11.4556
v 8.83287 502.999 -11.4556
v 9.26113 502.999 -11.4556
v 9.26113 502.999 -11.8838
v 9.29804 502.982 -11.8838
v 9.29804 502.982 -11.4556
v 9.3004 502.96 -11.4163
v 9.29804 502.982 -11.4556
v 9.26113 502.999 -11.4556
v 9.26113 502.982 -11.4187
v 9.3004 502.949 -11.4063
v 8.83287 502.999 -11.4556
v 8.79596 502.982 -11.4556
v 8.7936 502.96 -11.4163
v 8.83287 502.982 -11.4187
v 8.7936 502.949 -11.4063
v 9.26113 502.946 -11.3863
v 8.83287 502.946 -11.3863
v 9.26113 502.905 -11.371
v 9.29804 502.905 -11.3863
v 8.83287 502.905 -11.371
v 8.79596 502.905 -11.3863
v 8.79596 500.095 -11.3863
v 9.26113 500.095 -11.371
v 9.29804 500.095 -11.3863
v 8.83287 500.095 -11.371
v 9.3004 500.051 -11.4063
v 8.7936 500.051 -11.4063
v 9.26113 500.054 -11.3863
v 8.83287 500.054 -11.3863
v 9.26113 500.018 -11.4187
v 9.3004 500.04 -11.4163
v 8.83287 500.018 -11.4187
v 8.7936 500.04 -11.4163
v 9.26113 500.001 -11.4556
v 9.29804 500.018 -11.4556
v 8.83287 500.001 -11.4556
v 8.79596 500.018 -11.4556
v 9.29804 500.018 -11.8838
v 9.26113 500.001 -11.8838
v 9.3004 500.04 -11.9231
v 9.26113 500.018 -11.9207
v 9.3004 500.051 -11.9331
v 8.83287 500.001 -11.8838
v 8.79596 500.018 -11.8838
v 8.7936 500.04 -11.9231
v 8.83287 500.018 -11.9207
v 8.7936 500.051 -11.9331
v 9.26113 500.054 -11.9531
v 8.83287 500.054 -11.9531
v 9.26113 500.095 -11.9684
v 9.29804 500.095 -11.9531
v 8.83287 500.095 -11.9684
v 8.79596 500.095 -11.9531
v 8.79596 502.905 -11.9531
v 9.26113 502.905 -11.9684
v 9.29804 502.905 -11.9531
v 8.83287 502.905 -11.9684
v 8.7936 502.949 -11.9331
v 9.3004 502.949 -11.9331
v 8.83287 502.946 -11.9531
v 9.26113 502.946 -11.9531
v 8.7936 502.96 -11.9231
v 9.26113 502.982 -11.9207
v 9.3004 502.96 -11.9231
v 8.83287 502.982 -11.9207
v 8.79596 502.982 -11.8838
v 8.83287 502.999 -11.8838
v 9.26113 502.999 -11.8838
v 9.29804 502.982 -11.8838
v 9.3004 502.949 -11.9331
v 9.3004 502.96 -11.9231
v 9.31043 502.949 -11.9231
v 9.29804 502.905 -11.9531
v 9.29804 502.982 -11.8838
v 9.33045 502.905 -11.9207
v 9.29804 500.095 -11.9531
v 9.33045 502.946 -11.8838
v 9.29804 502.982 -11.4556
v 9.34573 502.905 -11.8838
v 9.33045 502.946 -11.4556
v 9.31043 502.949 -11.4163
v 9.3004 502.96 -11.4163
v 9.3004 502.949 -11.4063
v 9.34573 502.905 -11.4556
v 9.33045 502.905 -11.4187
v 9.29804 502.905 -11.3863
v 9.29804 500.095 -11.3863
v 9.33045 500.095 -11.4187
v 9.34573 500.095 -11.8838
v 9.34573 500.095 -11.4556
v 9.31043 500.051 -11.4163
v 9.3004 500.051 -11.4063
v 9.3004 500.04 -11.4163
v 9.29804 500.018 -11.4556
v 9.33045 500.054 -11.4556
v 9.29804 500.018 -11.8838
v 9.33045 500.054 -11.8838
v 9.31043 500.051 -11.9231
v 9.3004 500.04 -11.9231
v 9.3004 500.051 -11.9331
v 9.33045 500.095 -11.9207
v 8.78357 502.949 -11.4163
v 8.7936 502.949 -11.4063
v 8.7936 502.96 -11.4163
v 8.79596 502.982 -11.4556
v 8.79596 502.905 -11.3863
v 8.76355 502.946 -11.4556
v 8.79596 502.982 -11.8838
v 8.76355 502.905 -11.4187
v 8.76355 502.946 -11.8838
v 8.74827 502.905 -11.4556
v 8.78357 502.949 -11.9231
v 8.7936 502.96 -11.9231
v 8.7936 502.949 -11.9331
v 8.74827 502.905 -11.8838
v 8.76355 502.905 -11.9207
v 8.79596 502.905 -11.9531
v 8.79596 500.095 -11.9531
v 8.76355 500.095 -11.9207
v 8.7936 500.051 -11.9331
v 8.74827 500.095 -11.8838
v 8.78357 500.051 -11.9231
v 8.7936 500.04 -11.9231
v 8.79596 500.018 -11.8838
v 8.76355 500.054 -11.8838
v 8.79596 500.018 -11.4556
v 8.76355 500.054 -11.4556
v 8.74827 500.095 -11.4556
v 8.78357 500.051 -11.4163
v 8.7936 500.04 -11.4163
v 8.7936 500.051 -11.4063
v 8.76355 500.095 -11.4187
v 8.79596 500.095 -11.3863
v 3.57123 500.001 -14.825
v 3.60814 500.018 -14.825
v 3.60814 500.018 -14.3968
v 3.57123 500.001 -14.3968
v 3.14297 500.001 -14.825
v 3.14297 500.001 -14.3968
v 3.10606 500.018 -14.3968
v 3.10606 500.018 -14.825
v 3.14297 502.999 -14.825
v 3.10606 502.982 -14.825
v 3.10606 502.982 -14.3968
v 3.14297 502.999 -14.3968
v 3.57123 502.999 -14.3968
v 3.57123 502.999 -14.825
v 3.60814 502.982 -14.825
v 3.60814 502.982 -14.3968
v 3.6105 502.96 -14.3575
v 3.60814 502.982 -14.3968
v 3.57123 502.999 -14.3968
v 3.57123 502.982 -14.3599
v 3.6105 502.949 -14.3475
v 3.14297 502.999 -14.3968
v 3.10606 502.982 -14.3968
v 3.1037 502.96 -14.3575
v 3.14297 502.982 -14.3599
v 3.1037 502.949 -14.3475
v 3.57123 502.946 -14.3275
v 3.14297 502.946 -14.3275
v 3.57123 502.905 -14.3122
v 3.60814 502.905 -14.3275
v 3.14297 502.905 -14.3122
v 3.10606 502.905 -14.3275
v 3.10606 500.095 -14.3275
v 3.57123 500.095 -14.3122
v 3.60814 500.095 -14.3275
v 3.14297 500.095 -14.3122
v 3.6105 500.051 -14.3475
v 3.1037 500.051 -14.3475
v 3.57123 500.054 -14.3275
v 3.14297 500.054 -14.3275
v 3.57123 500.018 -14.3599
v 3.6105 500.04 -14.3575
v 3.14297 500.018 -14.3599
v 3.1037 500.04 -14.3575
v 3.57123 500.001 -14.3968
v 3.60814 500.018 -14.3968
v 3.14297 500.001 -14.3968
v 3.10606 500.018 -14.3968
v 3.60814 500.018 -14.825
v 3.57123 500.001 -14.825
v 3.6105 500.04 -14.8643
v 3.57123 500.018 -14.8619
v 3.6105 500.051 -14.8743
v 3.14297 500.001 -14.825
v 3.10606 500.018 -14.825
v 3.1037 500.04 -14.8643
v 3.14297 500.018 -14.8619
v 3.1037 500.051 -14.8743
v 3.57123 500.054 -14.8943
v 3.14297 500.054 -14.8943
v 3.57123 500.095 -14.9096
v 3.60814 500.095 -14.8943
v 3.14297 500.095 -14.9096
v 3.10606 500.095 -14.8943
v 3.10606 502.905 -14.8943
v 3.57123 502.905 -14.9096
v 3.60814 502.905 -14.8943
v 3.14297 502.905 -14.9096
v 3.1037 502.949 -14.8743
v 3.6105 502.949 -14.8743
v 3.14297 502.946 -14.8943
v 3.57123 502.946 -14.8943
v 3.1037 502.96 -14.8643
v 3.57123 502.982 -14.8619
v 3.6105 502.96 -14.8643
v 3.14297 502.982 -14.8619
v 3.10606 502.982 -14.825
v 3.14297 502.999 -14.825
v 3.57123 502.999 -14.825
v 3.60814 502.982 -14.825
v 3.6105 502.949 -14.8743
v 3.6105 502.96 -14.8643
v 3.62053 502.949 -14.8643
v 3.60814 502.905 -14.8943
v 3.60814 502.982 -14.825
v 3.64055 502.905 -14.8619
v 3.60814 500.095 -14.8943
v 3.64055 502.946 -14.825
v 3.60814 502.982 -14.3968
v 3.65583 502.905 -14.825
v 3.64055 502.946 -14.3968
v 3.62053 502.949 -14.3575
v 3.6105 502.96 -14.3575
v 3.6105 502.949 -14.3475
v 3.65583 502.905 -14.3968
v 3.64055 502.905 -14.3599
v 3.60814 502.905 -14.3275
v 3.60814 500.095 -14.3275
v 3.64055 500.095 -14.3599
v 3.65583 500.095 -14.825
v 3.65583 500.095 -14.3968
v 3.62053 500.051 -14.3575
v 3.6105 500.051 -14.3475
v 3.6105 500.04 -14.3575
v 3.60814 500.018 -14.3968
v 3.64055 500.054 -14.3968
v 3.60814 500.018 -14.825
v 3.64055 500.054 -14.825
v 3.62053 500.051 -14.8643
v 3.6105 500.04 -14.8643
v 3.6105 500.051 -14.8743
v 3.64055 500.095 -14.8619
v 3.09367 502.949 -14.3575
v 3.1037 502.949 -14.3475
v 3.1037 502.96 -14.3575
v 3.10606 502.982 -14.3968
v 3.10606 502.905 -14.3275
v 3.07365 502.946 -14.3968
v 3.10606 502.982 -14.825
v 3.07365 502.905 -14.3599
v 3.07365 502.946 -14.825
v 3.05837 502.905 -14.3968
v 3.09367 502.949 -14.8643
v 3.1037 502.96 -14.8643
v 3.1037 502.949 -14.8743
v 3.05837 502.905 -14.825
v 3.07365 502.905 -14.8619
v 3.10606 502.905 -14.8943
v 3.10606 500.095 -14.8943
v 3.07365 500.095 -14.8619
v 3.1037 500.051 -14.8743
v 3.05837 500.095 -14.825
v 3.09367 500.051 -14.8643
v 3.1037 500.04 -14.8643
v 3.10606 500.018 -14.825
v 3.07365 500.054 -14.825
v 3.10606 500.018 -14.3968
v 3.07365 500.054 -14.3968
v 3.05837 500.095 -14.3968
v 3.09367 500.051 -14.3575
v 3.1037 500.04 -14.3575
v 3.1037 500.051 -14.3475
v 3.07365 500.095 -14.3599
v 3.10606 500.095 -14.3275
v -1.98137 500.001 -14.0155
v -1.94446 500.018 -14.0155
v -1.94446 500.018 -13.5873
v -1.98137 500.001 -13.5873
v -2.40963 500.001 -14.0155
v -2.40963 500.001 -13.5873
v -2.44654 500.018 -13.5873
v -2.44654 500.018 -14.0155
v -2.40963 502.999 -14.0155
v -2.44654 502.982 -14.0155
v -2.44654 502.982 -13.5873
v -2.40963 502.999 -13.5873
v -1.98137 502.999 -13.5873
v -1.98137 502.999 -14.0155
v -1.94446 502.982 -14.0155
v -1.94446 502.982 -13.5873
v -1.9421 502.96 -13.548
v -1.94446 502.982 -13.5873
v -1.98137 502.999 -13.5873
v -1.98137 502.982 -13.5504
v -1.9421 502.949 -13.538
v -2.40963 502.999 -13.5873
v -2.44654 502.982 -13.5873
v -2.4489 502.96 -13.548
v -2.40963 502.982 -13.5504
v -2.4489 502.949 -13.538
v -1.98137 502.946 -13.518
v -2.40963 502.946 -13.518
v -1.98137 502.905 -13.5027
v -1.94446 502.905 -13.518
v -2.40963 502.905 -13.5027
v -2.44654 502.905 -13.518
v -2.44654 500.095 -13.518
v -1.98137 500.095 -13.5027
v -1.94446 500.095 -13.518
v -2.40963 500.095 -13.5027
v -1.9421 500.051 -13.538
v -2.4489 500.051 -13.538
v -1.98137 500.054 -13.518
v -2.40963 500.054 -13.518
v -1.98137 500.018 -13.5504
v -1.9421 500.04 -13.548
v -2.40963 500.018 -13.5504
v -2.4489 500.04 -13.548
v -1.98137 500.001 -13.5873
v -1.94446 500.018 -13.5873
v -2.40963 500.001 -13.5873
v -2.44654 500.018 -13.5873
v -1.94446 500.018 -14.0155
v -1.98137 500.001 -14.0155
v -1.9421 500.04 -14.0548
v -1.98137 500.018 -14.0524
v -1.9421 500.051 -14.0648
v -2.40963 500.001 -14.0155
v -2.44654 500.018 -14.0155
v -2.4489 500.04 -14.0548
v -2.40963 500.018 -14.0524
v -2.4489 500.051 -14.0648
v -1.98137 500.054 -14.0848
v -2.40963 500.054 -14.0848
v -1.98137 500.095 -14.1001
v -1.94446 500.095 -14.0848
v -2.40963 500.095 -14.1001
v -2.44654 500.095 -14.0848
v -2.44654 502.905 -14.0848
v -1.98137 502.905 -14.1001
v -1.94446 502.905 -14.0848
v -2.40963 502.905 -14.1001
v -2.4489 502.949 -14.0648
v -1.9421 502.949 -14.0648
v -2.40963 502.946 -14.0848
v -1.98137 502.946 -14.0848
v -2.4489 502.96 -14.0548
v -1.98137 502.982 -14.0524
v -1.9421 502.96 -14.0548
v -2.40963 502.982 -14.0524
v -2.44654 502.982 -14.0155
v -2.40963 502.999 -14.0155
v -1.98137 502.999 -14.0155
v -1.94446 502.982 -14.0155
v -1.9421 502.949 -14.0648
v -1.9421 502.96 -14.0548
v -1.93207 502.949 -14.0548
v -1.94446 502.905 -14.0848
v -1.94446 502.982 -14.0155
v -1.91205 502.905 -14.0524
v -1.94446 500.095 -14.0848
v -1.91205 502.946 -14.0155
v -1.94446 502.982 -13.5873
v -1.89676 502.905 -14.0155
v -1.91205 502.946 -13.5873
v -1.93207 502.949 -13.548
v -1.9421 502.96 -13.548
v -1.9421 502.949 -13.538
v -1.89676 502.905 -13.5873
v -1.91205 502.905 -13.5504
v -1.94446 502.905 -13.518
v -1.94446 500.095 -13.518
v -1.91205 500.095 -13.5504
v -1.89676 500.095 -14.0155
v -1.89676 500.095 -13.5873
v -1.93207 500.051 -13.548
v -1.9421 500.051 -13.538
v -1.9421 500.04 -13.548
v -1.94446 500.018 -13.5873
v -1.91205 500.054 -13.5873
v -1.94446 500.018 -14.0155
v -1.91205 500.054 -14.0155
v -1.93207 500.051 -14.0548
v -1.9421 500.04 -14.0548
v -1.9421 500.051 -14.0648
v -1.91205 500.095 -14.0524
v -2.45893 502.949 -13.548
v -2.4489 502.949 -13.538
v -2.4489 502.96 -13.548
v -2.44654 502.982 -13.5873
v -2.44654 502.905 -13.518
v -2.47895 502.946 -13.5873
v -2.44654 502.982 -14.0155
v -2.47895 502.905 -13.5504
v -2.47895 502.946 -14.0155
v -2.49423 502.905 -13.5873
v -2.45893 502.949 -14.0548
v -2.4489 502.96 -14.0548
v -2.4489 502.949 -14.0648
v -2.49423 502.905 -14.0155
v -2.47895 502.905 -14.0524
v -2.44654 502.905 -14.0848
v -2.44654 500.095 -14.0848
v -2.47895 500.095 -14.0524
v -2.4489 500.051 -14.0648
v -2.49423 500.095 -14.0155
v -2.45893 500.051 -14.0548
v -2.4489 500.04 -14.0548
v -2.44654 500.018 -14.0155
v -2.47895 500.054 -14.0155
v -2.44654 500.018 -13.5873
v -2.47895 500.054 -13.5873
v -2.49423 500.095 -13.5873
v -2.45893 500.051 -13.548
v -2.4489 500.04 -13.548
v -2.4489 500.051 -13.538
v -2.47895 500.095 -13.5504
v -2.44654 500.095 -13.518
v -7.23327 500.001 -11.6009
v -7.19636 500.018 -11.6009
v -7.19636 500.018 -11.1727
v -7.23327 500.001 -11.1727
v -7.66153 500.001 -11.6009
v -7.66153 500.001 -11.1727
v -7.69844 500.018 -11.1727
v -7.69844 500.018 -11.6009
v -7.66153 502.999 -11.6009
v -7.69844 502.982 -11.6009
v -7.69844 502.982 -11.1727
v -7.66153 502.999 -11.1727
v -7.23327 502.999 -11.1727
v -7.23327 502.999 -11.6009
v -7.19636 502.982 -11.6009
v -7.19636 502.982 -11.1727
v -7.194 502.96 -11.1334
v -7.19636 502.982 -11.1727
v -7.23327 502.999 -11.1727
v -7.23327 502.982 -11.1358
v -7.194 502.949 -11.1234
v -7.66153 502.999 -11.1727
v -7.69844 502.982 -11.1727
v -7.7008 502.96 -11.1334
v -7.66153 502.982 -11.1358
v -7.7008 502.949 -11.1234
v -7.23327 502.946 -11.1034
v -7.66153 502.946 -11.1034
v -7.23327 502.905 -11.0881
v -7.19636 502.905 -11.1034
v -7.66153 502.905 -11.0881
v -7.69844 502.905 -11.1034
v -7.69844 500.095 -11.1034
v -7.23327 500.095 -11.0881
v -7.19636 500.095 -11.1034
v -7.66153 500.095 -11.0881
v -7.194 500.051 -11.1234
v -7.7008 500.051 -11.1234
v -7.23327 500.054 -11.1034
v -7.66153 500.054 -11.1034
v -7.23327 500.018 -11.1358
v -7.194 500.04 -11.1334
v -7.66153 500.018 -11.1358
v -7.7008 500.04 -11.1334
v -7.23327 500.001 -11.1727
v -7.19636 500.018 -11.1727
v -7.66153 500.001 -11.1727
v -7.69844 500.018 -11.1727
v -7.19636 500.018 -11.6009
v -7.23327 500.001 -11.6009
v -7.194 500.04 -11.6402
v -7.23327 500.018 -11.6378
v -7.194 500.051 -11.6502
v -7.66153 500.001 -11.6009
v -7.69844 500.018 -11.6009
v -7.7008 500.04 -11.6402
v -7.66153 500.018 -11.6378
v -7.7008 500.051 -11.6502
v -7.23327 500.054 -11.6702
v -7.66153 500.054 -11.6702
v -7.23327 500.095 -11.6855
v -7.19636 500.095 -11.6702
v -7.66153 500.095 -11.6855
v -7.69844 500.095 -11.6702
v -7.69844 502.905 -11.6702
v -7.23327 502.905 -11.6855
v -7.19636 502.905 -11.6702
v -7.66153 502.905 -11.6855
v -7.7008 502.949 -11.6502
v -7.194 502.949 -11.6502
v -7.66153 502.946 -11.6702
v -7.23327 502.946 -11.6702
v -7.7008 502.96 -11.6402
v -7.23327 502.982 -11.6378
v -7.194 502.96 -11.6402
v -7.66153 502.982 -11.6378
v -7.69844 502.982 -11.6009
v -7.66153 502.999 -11.6009
v -7.23327 502.999 -11.6009
v -7.19636 502.982 -11.6009
v -7.194 502.949 -11.6502
v -7.194 502.96 -11.6402
v -7.18397 502.949 -11.6402
v -7.19636 502.905 -11.6702
v -7.19636 502.982 -11.6009
v -7.16395 502.905 -11.6378
v -7.19636 500.095 -11.6702
v -7.16395 502.946 -11.6009
v -7.19636 502.982 -11.1727
v -7.14866 502.905 -11.6009
v -7.16395 502.946 -11.1727
v -7.18397 502.949 -11.1334
v -7.194 502.96 -11.1334
v -7.194 502.949 -11.1234
v -7.14866 502.905 -11.1727
v -7.16395 502.905 -11.1358
v -7.19636 502.905 -11.1034
v -7.19636 500.095 -11.1034
v -7.16395 500.095 -11.1358
v -7.14866 500.095 -11.6009
v -7.14866 500.095 -11.1727
v -7.18397 500.051 -11.1334
v -7.194 500.051 -11.1234
v -7.194 500.04 -11.1334
v -7.19636 500.018 -11.1727
v -7.16395 500.054 -11.1727
v -7.19636 500.018 -11.6009
v -7.16395 500.054 -11.6009
v -7.18397 500.051 -11.6402
v -7.194 500.04 -11.6402
v -7.194 500.051 -11.6502
v -7.16395 500.095 -11.6378
v -7.71083 502.949 -11.1334
v -7.7008 502.949 -11.1234
v -7.7008 502.96 -11.1334
v -7.69844 502.982 -11.1727
v -7.69844 502.905 -11.1034
v -7.73085 502.946 -11.1727
v -7.69844 502.982 -11.6009
v -7.73085 502.905 -11.1358
v -7.73085 502.946 -11.6009
v -7.74614 502.905 -11.1727
v -7.71083 502.949 -11.6402
v -7.7008 502.96 -11.6402
v -7.7008 502.949 -11.6502
v -7.74614 502.905 -11.6009
v -7.73085 502.905 -11.6378
v -7.69844 502.905 -11.6702
v -7.69844 500.095 -11.6702
v -7.73085 500.095 -11.6378
v -7.7008 500.051 -11.6502
v -7.74614 500.095 -11.6009
v -7.71083 500.051 -11.6402
v -7.7008 500.04 -11.6402
v -7.69844 500.018 -11.6009
v -7.73085 500.054 -11.6009
v -7.69844 500.018 -11.1727
v -7.73085 500.054 -11.1727
v -7.74614 500.095 -11.1727
v -7.71083 500.051 -11.1334
v -7.7008 500.04 -11.1334
v -7.7008 500.051 -11.1234
v -7.73085 500.095 -11.1358
v -7.69844 500.095 -11.1034
v -7.20367 500.001 -7.66873
v -7.16676 500.018 -7.66873
v -7.16676 500.018 -7.24047
v -7.20367 500.001 -7.24047
v -7.63193 500.001 -7.66873
v -7.63193 500.001 -7.24047
v -7.66884 500.018 -7.24047
v -7.66884 500.018 -7.66873
v -7.63193 502.999 -7.66873
v -7.66884 502.982 -7.66873
v -7.66884 502.982 -7.24047
v -7.63193 502.999 -7.24047
v -7.20367 502.999 -7.24047
v -7.20367 502.999 -7.66873
v -7.16676 502.982 -7.66873
v -7.16676 502.982 -7.24047
v -7.1644 502.96 -7.2012
v -7.16676 502.982 -7.24047
v -7.20367 502.999 -7.24047
v -7.20367 502.982 -7.20356
v -7.1644 502.949 -7.19117
v -7.63193 502.999 -7.24047
v -7.66884 502.982 -7.24047
v -7.6712 502.96 -7.2012
v -7.63193 502.982 -7.20356
v -7.6712 502.949 -7.19117
v -7.20367 502.946 -7.17115
v -7.63193 502.946 -7.17115
v -7.20367 502.905 -7.15586
v -7.16676 502.905 -7.17115
v -7.63193 502.905 -7.15586
v -7.66884 502.905 -7.17115
v -7.66884 500.095 -7.17115
v -7.20367 500.095 -7.15586
v -7.16676 500.095 -7.17115
v -7.63193 500.095 -7.15586
v -7.1644 500.051 -7.19117
v -7.6712 500.051 -7.19117
v -7.20367 500.054 -7.17115
v -7.63193 500.054 -7.17115
v -7.20367 500.018 -7.20356
v -7.1644 500.04 -7.2012
v -7.63193 500.018 -7.20356
v -7.6712 500.04 -7.2012
v -7.20367 500.001 -7.24047
v -7.16676 500.018 -7.24047
v -7.63193 500.001 -7.24047
v -7.66884 500.018 -7.24047
v -7.16676 500.018 -7.66873
v -7.20367 500.001 -7.66873
v -7.1644 500.04 -7.708
v -7.20367 500.018 -7.70564
v -7.1644 500.051 -7.71803
v -7.63193 500.001 -7.66873
v -7.66884 500.018 -7.66873
v -7.6712 500.04 -7.708
v -7.63193 500.018 -7.70564
v -7.6712 500.051 -7.71803
v -7.20367 500.054 -7.73805
v -7.63193 500.054 -7.73805
v -7.20367 500.095 -7.75333
v -7.16676 500.095 -7.73805
v -7.63193 500.095 -7.75333
v -7.66884 500.095 -7.73805
v -7.66884 502.905 -7.73805
v -7.20367 502.905 -7.75333
v -7.16676 502.905 -7.73805
v -7.63193 502.905 -7.75333
v -7.6712 502.949 -7.71803
v -7.1644 502.949 -7.71803
v -7.63193 502.946 -7.73805
v -7.20367 502.946 -7.73805
v -7.6712 502.96 -7.708
v -7.20367 502.982 -7.70564
v -7.1644 502.96 -7.708
v -7.63193 502.982 -7.70564
v -7.66884 502.982 -7.66873
v -7.63193 502.999 -7.66873
v -7.20367 502.999 -7.66873
v -7.16676 502.982 -7.66873
v -7.1644 502.949 -7.71803
v -7.1644 502.96 -7.708
v -7.15437 502.949 -7.708
v -7.16676 502.905 -7.73805
v -7.16676 502.982 -7.66873
v -7.13435 502.905 -7.70564
v -7.16676 500.095 -7.73805
v -7.13435 502.946 -7.66873
v -7.16676 502.982 -7.24047
v -7.11906 502.905 -7.66873
v -7.13435 502.946 -7.24047
v -7.15437 502.949 -7.2012
v -7.1644 502.96 -7.2012
v -7.1644 502.949 -7.19117
v -7.11906 502.905 -7.24047
v -7.13435 502.905 -7.20356
v -7.16676 502.905 -7.17115
v -7.16676 500.095 -7.17115
v -7.13435 500.095 -7.20356
v -7.11906 500.095 -7.66873
v -7.11906 500.095 -7.24047
v -7.15437 500.051 -7.2012
v -7.1644 500.051 -7.19117
v -7.1644 500.04 -7.2012
v -7.16676 500.018 -7.24047
v -7.13435 500.054 -7.24047
v -7.16676 500.018 -7.66873
v -7.13435 500.054 -7.66873
v -7.15437 500.051 -7.708
v -7.1644 500.04 -7.708
v -7.1644 500.051 -7.71803
v -7.13435 500.095 -7.70564
v -7.68123 502.949 -7.2012
v -7.6712 502.949 -7.19117
v -7.6712 502.96 -7.2012
v -7.66884 502.982 -7.24047
v -7.66884 502.905 -7.17115
v -7.70125 502.946 -7.24047
v -7.66884 502.982 -7.66873
v -7.70125 502.905 -7.20356
v -7.70125 502.946 -7.66873
v -7.71654 502.905 -7.24047
v -7.68123 502.949 -7.708
v -7.6712 502.96 -7.708
v -7.6712 502.949 -7.71803
v -7.71654 502.905 -7.66873
v -7.70125 502.905 -7.70564
v -7.66884 502.905 -7.73805
v -7.66884 500.095 -7.73805
v -7.70125 500.095 -7.70564
v -7.6712 500.051 -7.71803
v -7.71654 500.095 -7.66873
v -7.68123 500.051 -7.708
v -7.6712 500.04 -7.708
v -7.66884 500.018 -7.66873
v -7.70125 500.054 -7.66873
v -7.66884 500.018 -7.24047
v -7.70125 500.054 -7.24047
v -7.71654 500.095 -7.24047
v -7.68123 500.051 -7.2012
v -7.6712 500.04 -7.2012
v -7.6712 500.051 -7.19117
v -7.70125 500.095 -7.20356
v -7.66884 500.095 -7.17115
v 8.39563 500.001 11.7339
v 8.43254 500.018 11.7339
v 8.43254 500.018 12.1621
v 8.39563 500.001 12.1621
v 7.96737 500.001 11.7339
v 7.96737 500.001 12.1621
v 7.93046 500.018 12.1621
v 7.93046 500.018 11.7339
v 7.96737 502.999 11.7339
v 7.93046 502.982 11.7339
v 7.93046 502.982 12.1621
v 7.96737 502.999 12.1621
v 8.39563 502.999 12.1621
v 8.39563 502.999 11.7339
v 8.43254 502.982 11.7339
v 8.43254 502.982 12.1621
v 8.4349 502.96 12.2014
v 8.43254 502.982 12.1621
v 8.39563 502.999 12.1621
v 8.39563 502.982 12.199
v 8.4349 502.949 12.2114
v 7.96737 502.999 12.1621
v 7.93046 502.982 12.1621
v 7.9281 502.96 12.2014
v 7.96737 502.982 12.199
v 7.9281 502.949 12.2114
v 8.39563 502.946 12.2314
v 7.96737 502.946 12.2314
v 8.39563 502.905 12.2467
v 8.43254 502.905 12.2314
v 7.96737 502.905 12.2467
v 7.93046 502.905 12.2314
v 7.93046 500.095 12.2314
v 8.39563 500.095 12.2467
v 8.43254 500.095 12.2314
v 7.96737 500.095 12.2467
v 8.4349 500.051 12.2114
v 7.9281 500.051 12.2114
v 8.39563 500.054 12.2314
v 7.96737 500.054 12.2314
v 8.39563 500.018 12.199
v 8.4349 500.04 12.2014
v 7.96737 500.018 12.199
v 7.9281 500.04 12.2014
v 8.39563 500.001 12.1621
v 8.43254 500.018 12.1621
v 7.96737 500.001 12.1621
v 7.93046 500.018 12.1621
v 8.43254 500.018 11.7339
v 8.39563 500.001 11.7339
v 8.4349 500.04 11.6946
v 8.39563 500.018 11.697
v 8.4349 500.051 11.6846
v 7.96737 500.001 11.7339
v 7.93046 500.018 11.7339
v 7.9281 500.04 11.6946
v 7.96737 500.018 11.697
v 7.9281 500.051 11.6846
v 8.39563 500.054 11.6646
v 7.96737 500.054 11.6646
v 8.39563 500.095 11.6493
v 8.43254 500.095 11.6646
v 7.96737 500.095 11.6493
v 7.93046 500.095 11.6646
v 7.93046 502.905 11.6646
v 8.39563 502.905 11.6493
v 8.43254 502.905 11.6646
v 7.96737 502.905 11.6493
v 7.9281 502.949 11.6846
v 8.4349 502.949 11.6846
v 7.96737 502.946 11.6646
v 8.39563 502.946 11.6646
v 7.9281 502.96 11.6946
v 8.39563 502.982 11.697
v 8.4349 502.96 11.6946
v 7.96737 502.982 11.697
v 7.93046 502.982 11.7339
v 7.96737 502.999 11.7339
v 8.39563 502.999 11.7339
v 8.43254 502.982 11.7339
v 8.4349 502.949 11.6846
v 8.4349 502.96 11.6946
v 8.44493 502.949 11.6946
v 8.43254 502.905 11.6646
v 8.43254 502.982 11.7339
v 8.46495 502.905 11.697
v 8.43254 500.095 11.6646
v 8.46495 502.946 11.7339
v 8.43254 502.982 12.1621
v 8.48024 502.905 11.7339
v 8.46495 502.946 12.1621
v 8.44493 502.949 12.2014
v 8.4349 502.96 12.2014
v 8.4349 502.949 12.2114
v 8.48024 502.905 12.1621
v 8.46495 502.905 12.199
v 8.43254 502.905 12.2314
v 8.43254 500.095 12.2314
v 8.46495 500.095 12.199
v 8.48024 500.095 11.7339
v 8.48024 500.095 12.1621
v 8.44493 500.051 12.2014
v 8.4349 500.051 12.2114
v 8.4349 500.04 12.2014
v 8.43254 500.018 12.1621
v 8.46495 500.054 12.1621
v 8.43254 500.018 11.7339
v 8.46495 500.054 11.7339
v 8.44493 500.051 11.6946
v 8.4349 500.04 11.6946
v 8.4349 500.051 11.6846
v 8.46495 500.095 11.697
v 7.91807 502.949 12.2014
v 7.9281 502.949 12.2114
v 7.9281 502.96 12.2014
v 7.93046 502.982 12.1621
v 7.93046 502.905 12.2314
v 7.89805 502.946 12.1621
v 7.93046 502.982 11.7339
v 7.89805 502.905 12.199
v 7.89805 502.946 11.7339
v 7.88277 502.905 12.1621
v 7.91807 502.949 11.6946
v 7.9281 502.96 11.6946
v 7.9281 502.949 11.6846
v 7.88277 502.905 11.7339
v 7.89805 502.905 11.697
v 7.93046 502.905 11.6646
v 7.93046 500.095 11.6646
v 7.89805 500.095 11.697
v 7.9281 500.051 11.6846
v 7.88277 500.095 11.7339
v 7.91807 500.051 11.6946
v 7.9281 500.04 11.6946
v 7.93046 500.018 11.7339
v 7.89805 500.054 11.7339
v 7.93046 500.018 12.1621
v 7.89805 500.054 12.1621
v 7.88277 500.095 12.1621
v 7.91807 500.051 12.2014
v 7.9281 500.04 12.2014
v 7.9281 500.051 12.2114
v 7.89805 500.095 12.199
v 7.93046 500.095 12.2314
v 10.2459 500.001 13.9878
v 10.2828 500.018 13.9878
v 10.2828 500.018 14.416
v 10.2459 500.001 14.416
v 9.81767 500.001 13.9878
v 9.81767 500.001 14.416
v 9.78076 500.018 14.416
v 9.78076 500.018 13.9878
v 9.81767 502.999 13.9878
v 9.78076 502.982 13.9878
v 9.78076 502.982 14.416
v 9.81767 502.999 14.416
v 10.2459 502.999 14.416
v 10.2459 502.999 13.9878
v 10.2828 502.982 13.9878
v 10.2828 502.982 14.416
v 10.2852 502.96 14.4553
v 10.2828 502.982 14.416
v 10.2459 502.999 14.416
v 10.2459 502.982 14.4529
v 10.2852 502.949 14.4653
v 9.81767 502.999 14.416
v 9.78076 502.982 14.416
v 9.7784 502.96 14.4553
v 9.81767 502.982 14.4529
v 9.7784 502.949 14.4653
v 10.2459 502.946 14.4853
v 9.81767 502.946 14.4853
v 10.2459 502.905 14.5006
v 10.2828 502.905 14.4853
v 9.81767 502.905 14.5006
v 9.78076 502.905 14.4853
v 9.78076 500.095 14.4853
v 10.2459 500.095 14.5006
v 10.2828 500.095 14.4853
v 9.81767 500.095 14.5006
v 10.2852 500.051 14.4653
v 9.7784 500.051 14.4653
v 10.2459 500.054 14.4853
v 9.81767 500.054 14.4853
v 10.2459 500.018 14.4529
v 10.2852 500.04 14.4553
v 9.81767 500.018 14.4529
v 9.7784 500.04 14.4553
v 10.2459 500.001 14.416
v 10.2828 500.018 14.416
v 9.81767 500.001 14.416
v 9.78076 500.018 14.416
v 10.2828 500.018 13.9878
v 10.2459 500.001 13.9878
v 10.2852 500.04 13.9485
v 10.2459 500.018 13.9509
v 10.2852 500.051 13.9385
v 9.81767 500.001 13.9878
v 9.78076 500.018 13.9878
v 9.7784 500.04 13.9485
v 9.81767 500.018 13.9509
v 9.7784 500.051 13.9385
v 10.2459 500.054 13.9185
v 9.81767 500.054 13.9185
v 10.2459 500.095 13.9032
v 10.2828 500.095 13.9185
v 9.81767 500.095 13.9032
v 9.78076 500.095 13.9185
v 9.78076 502.905 13.9185
v 10.2459 502.905 13.9032
v 10.2828 502.905 13.9185
v 9.81767 502.905 13.9032
v 9.7784 502.949 13.9385
v 10.2852 502.949 13.9385
v 9.81767 502.946 13.9185
v 10.2459 502.946 13.9185
v 9.7784 502.96 13.9485
v 10.2459 502.982 13.9509
v 10.2852 502.96 13.9485
v 9.81767 502.982 13.9509
v 9.78076 502.982 13.9878
v 9.81767 502.999 13.9878
v 10.2459 502.999 13.9878
v 10.2828 502.982 13.9878
v 10.2852 502.949 13.9385
v 10.2852 502.96 13.9485
v 10.2952 502.949 13.9485
v 10.2828 502.905 13.9185
v 10.2828 502.982 13.9878
v 10.3152 502.905 13.9509
v 10.2828 500.095 13.9185
v 10.3152 502.946 13.9878
v 10.2828 502.982 14.416
v 10.3305 502.905 13.9878
v 10.3152 502.946 14.416
v 10.2952 502.949 14.4553
v 10.2852 502.96 14.4553
v 10.2852 502.949 14.4653
v 10.3305 502.905 14.416
v 10.3152 502.905 14.4529
v 10.2828 502.905 14.4853
v 10.2828 500.095 14.4853
v 10.3152 500.095 14.4529
v 10.3305 500.095 13.9878
v 10.3305 500.095 14.416
v 10.2952 500.051 14.4553
v 10.2852 500.051 14.4653
v 10.2852 500.04 14.4553
v 10.2828 500.018 14.416
v 10.3152 500.054 14.416
v 10.2828 500.018 13.9878
v 10.3152 500.054 13.9878
v 10.2952 500.051 13.9485
v 10.2852 500.04 13.9485
v 10.2852 500.051 13.9385
v 10.3152 500.095 13.9509
v 9.76837 502.949 14.4553
v 9.7784 502.949 14.4653
v 9.7784 502.96 14.4553
v 9.78076 502.982 14.416
v 9.78076 502.905 14.4853
v 9.74835 502.946 14.416
v 9.78076 502.982 13.9878
v 9.74835 502.905 14.4529
v 9.74835 502.946 13.9878
v 9.73307 502.905 14.416
v 9.76837 502.949 13.9485
v 9.7784 502.96 13.9485
v 9.7784 502.949 13.9385
v 9.73307 502.905 13.9878
v 9.74835 502.905 13.9509
v 9.78076 502.905 13.9185
v 9.78076 500.095 13.9185
v 9.74835 500.095 13.9509
v 9.7784 500.051 13.9385
v 9.73307 500.095 13.9878
v 9.76837 500.051 13.9485
v 9.7784 500.04 13.9485
v 9.78076 500.018 13.9878
v 9.74835 500.054 13.9878
v 9.78076 500.018 14.416
v 9.74835 500.054 14.416
v 9.73307 500.095 14.416
v 9.76837 500.051 14.4553
v 9.7784 500.04 14.4553
v 9.7784 500.051 14.4653
v 9.74835 500.095 14.4529
v 9.78076 500.095 14.4853
f 72 70 3
f 70 4 3
f 70 68 4
f 3 4 6
f 7 3 6
f 68 8 4
f 6 4 8
f 68 9 10
f 8 68 10
f 8 10 11
f 11 6 8
f 10 131 11
f 6 13 7
f 13 14 7
f 14 13 84
f 6 11 16
f 16 11 131
f 13 6 16
f 133 16 131
f 133 18 16
f 13 19 84
f 13 16 19
f 84 19 85
f 18 21 16
f 16 21 19
f 19 22 85
f 19 21 22
f 23 21 18
f 21 23 22
f 24 23 18
f 85 22 25
f 25 22 23
f 26 85 25
f 27 23 24
f 27 25 23
f 28 27 24
f 27 28 108
f 25 30 26
f 30 25 27
f 30 31 26
f 93 31 30
f 33 93 30
f 34 27 108
f 34 30 27
f 30 34 33
f 34 108 107
f 34 36 33
f 36 34 107
f 36 107 39
f 40 36 39
f 40 41 36
f 41 33 36
f 33 41 93
f 41 94 93
f 40 39 45
f 39 109 45
f 47 41 40
f 94 41 47
f 45 47 40
f 96 94 47
f 96 47 49
f 47 50 49
f 47 45 50
f 49 50 101
f 52 45 109
f 45 52 50
f 53 52 109
f 53 117 52
f 50 55 101
f 50 52 55
f 117 56 52
f 52 56 55
f 55 57 101
f 57 55 56
f 57 102 101
f 59 56 117
f 59 57 56
f 121 59 117
f 102 57 61
f 61 57 59
f 103 102 61
f 63 59 121
f 63 61 59
f 64 63 121
f 63 64 124
f 66 63 124
f 63 66 61
f 66 124 9
f 68 66 9
f 66 69 61
f 69 66 68
f 61 69 103
f 70 69 68
f 69 71 103
f 70 72 69
f 72 71 69
f 72 3 75
f 3 7 75
f 71 72 75
f 7 78 75
f 78 7 14
f 80 71 75
f 81 78 14
f 78 82 75
f 82 78 81
f 82 80 75
f 81 14 83
f 14 84 83
f 85 83 84
f 85 26 83
f 81 83 87
f 87 82 81
f 26 88 83
f 83 88 87
f 88 26 31
f 87 88 90
f 90 88 31
f 87 91 82
f 91 87 90
f 90 31 92
f 91 90 92
f 31 93 92
f 93 94 92
f 95 92 94
f 95 91 92
f 96 95 94
f 96 49 95
f 91 95 98
f 49 98 95
f 91 99 82
f 99 91 98
f 82 99 80
f 98 49 100
f 98 100 99
f 49 101 100
f 102 100 101
f 102 103 100
f 99 104 80
f 100 104 99
f 103 104 100
f 71 80 104
f 103 71 104
f 105 39 107
f 107 108 105
f 109 39 105
f 108 110 105
f 108 28 110
f 112 109 105
f 28 113 110
f 114 112 105
f 110 114 105
f 112 115 109
f 115 112 114
f 115 53 109
f 53 115 117
f 118 114 110
f 113 118 110
f 119 115 114
f 119 114 118
f 115 120 117
f 120 115 119
f 117 120 121
f 64 121 120
f 123 64 120
f 123 120 119
f 64 123 124
f 119 125 123
f 125 119 118
f 123 126 124
f 125 126 123
f 124 126 127
f 127 126 125
f 9 124 127
f 127 10 9
f 130 127 125
f 127 130 10
f 125 118 130
f 130 131 10
f 131 130 132
f 118 132 130
f 133 131 132
f 133 132 18
f 135 132 118
f 132 135 18
f 113 135 118
f 18 135 24
f 113 28 135
f 28 24 135
f 208 206 139
f 206 140 139
f 206 204 140
f 139 140 142
f 143 139 142
f 204 144 140
f 142 140 144
f 204 145 146
f 144 204 146
f 144 146 147
f 147 142 144
f 146 267 147
f 142 149 143
f 149 150 143
f 150 149 220
f 142 147 152
f 152 147 267
f 149 142 152
f 269 152 267
f 269 154 152
f 149 155 220
f 149 152 155
f 220 155 221
f 154 157 152
f 152 157 155
f 155 158 221
f 155 157 158
f 159 157 154
f 157 159 158
f 160 159 154
f 221 158 161
f 161 158 159
f 162 221 161
f 163 159 160
f 163 161 159
f 164 163 160
f 163 164 244
f 161 166 162
f 166 161 163
f 166 167 162
f 229 167 166
f 169 229 166
f 170 163 244
f 170 166 163
f 166 170 169
f 170 244 243
f 170 172 169
f 172 170 243
f 172 243 175
f 176 172 175
f 176 177 172
f 177 169 172
f 169 177 229
f 177 230 229
f 176 175 181
f 175 245 181
f 183 177 176
f 230 177 183
f 181 183 176
f 232 230 183
f 232 183 185
f 183 186 185
f 183 181 186
f 185 186 237
f 188 181 245
f 181 188 186
f 189 188 245
f 189 253 188
f 186 191 237
f 186 188 191
f 253 192 188
f 188 192 191
f 191 193 237
f 193 191 192
f 193 238 237
f 195 192 253
f 195 193 192
f 257 195 253
f 238 193 197
f 197 193 195
f 239 238 197
f 199 195 257
f 199 197 195
f 200 199 257
f 199 200 260
f 202 199 260
f 199 202 197
f 202 260 145
f 204 202 145
f 202 205 197
f 205 202 204
f 197 205 239
f 206 205 204
f 205 207 239
f 206 208 205
f 208 207 205
f 208 139 211
f 139 143 211
f 207 208 211
f 143 214 211
f 214 143 150
f 216 207 211
f 217 214 150
f 214 218 211
f 218 214 217
f 218 216 211
f 217 150 219
f 150 220 219
f 221 219 220
f 221 162 219
f 217 219 223
f 223 218 217
f 162 224 219
f 219 224 223
f 224 162 167
f 223 224 226
f 226 224 167
f 223 227 218
f 227 223 226
f 226 167 228
f 227 226 228
f 167 229 228
f 229 230 228
f 231 228 230
f 231 227 228
f 232 231 230
f 232 185 231
f 227 231 234
f 185 234 231
f 227 235 218
f 235 227 234
f 218 235 216
f 234 185 236
f 234 236 235
f 185 237 236
f 238 236 237
f 238 239 236
f 235 240 216
f 236 240 235
f 239 240 236
f 207 216 240
f 239 207 240
f 241 175 243
f 243 244 241
f 245 175 241
f 244 246 241
f 244 164 246
f 248 245 241
f 164 249 246
f 250 248 241
f 246 250 241
f 248 251 245
f 251 248 250
f 251 189 245
f 189 251 253
f 254 250 246
f 249 254 246
f 255 251 250
f 255 250 254
f 251 256 253
f 256 251 255
f 253 256 257
f 200 257 256
f 259 200 256
f 259 256 255
f 200 259 260
f 255 261 259
f 261 255 254
f 259 262 260
f 261 262 259
f 260 262 263
f 263 262 261
f 145 260 263
f 263 146 145
f 266 263 261
f 263 266 146
f 261 254 266
f 266 267 146
f 267 266 268
f 254 268 266
f 269 267 268
f 269 268 154
f 271 268 254
f 268 271 154
f 249 271 254
f 154 271 160
f 249 164 271
f 164 160 271
f 344 342 275
f 342 276 275
f 342 340 276
f 275 276 278
f 279 275 278
f 340 280 276
f 278 276 280
f 340 281 282
f 280 340 282
f 280 282 283
f 283 278 280
f 282 403 283
f 278 285 279
f 285 286 279
f 286 285 356
f 278 283 288
f 288 283 403
f 285 278 288
f 405 288 403
f 405 290 288
f 285 291 356
f 285 288 291
f 356 291 357
f 290 293 288
f 288 293 291
f 291 294 357
f 291 293 294
f 295 293 290
f 293 295 294
f 296 295 290
f 357 294 297
f 297 294 295
f 298 357 297
f 299 295 296
f 299 297 295
f 300 299 296
f 299 300 380
f 297 302 298
f 302 297 299
f 302 303 298
f 365 303 302
f 305 365 302
f 306 299 380
f 306 302 299
f 302 306 305
f 306 380 379
f 306 308 305
f 308 306 379
f 308 379 311
f 312 308 311
f 312 313 308
f 313 305 308
f 305 313 365
f 313 366 365
f 312 311 317
f 311 381 317
f 319 313 312
f 366 313 319
f 317 319 312
f 368 366 319
f 368 319 321
f 319 322 321
f 319 317 322
f 321 322 373
f 324 317 381
f 317 324 322
f 325 324 381
f 325 389 324
f 322 327 373
f 322 324 327
f 389 328 324
f 324 328 327
f 327 329 373
f 329 327 328
f 329 374 373
f 331 328 389
f 331 329 328
f 393 331 389
f 374 329 333
f 333 329 331
f 375 374 333
f 335 331 393
f 335 333 331
f 336 335 393
f 335 336 396
f 338 335 396
f 335 338 333
f 338 396 281
f 340 338 281
f 338 341 333
f 341 338 340
f 333 341 375
f 342 341 340
f 341 343 375
f 342 344 341
f 344 343 341
f 344 275 347
f 275 279 347
f 343 344 347
f 279 350 347
f 350 279 286
f 352 343 347
f 353 350 286
f 350 354 347
f 354 350 353
f 354 352 347
f 353 286 355
f 286 356 355
f 357 355 356
f 357 298 355
f 353 355 359
f 359 354 353
f 298 360 355
f 355 360 359
f 360 298 303
f 359 360 362
f 362 360 303
f 359 363 354
f 363 359 362
f 362 303 364
f 363 362 364
f 303 365 364
f 365 366 364
f 367 364 366
f 367 363 364
f 368 367 366
f 368 321 367
f 363 367 370
f 321 370 367
f 363 371 354
f 371 363 370
f 354 371 352
f 370 321 372
f 370 372 371
f 321 373 372
f 374 372 373
f 374 375 372
f 371 376 352
f 372 376 371
f 375 376 372
f 343 352 376
f 375 343 376
f 377 311 379
f 379 380 377
f 381 311 377
f 380 382 377
f 380 300 382
f 384 381 377
f 300 385 382
f 386 384 377
f 382 386 377
f 384 387 381
f 387 384 386
f 387 325 381
f 325 387 389
f 390 386 382
f 385 390 382
f 391 387 386
f 391 386 390
f 387 392 389
f 392 387 391
f 389 392 393
f 336 393 392
f 395 336 392
f 395 392 391
f 336 395 396
f 391 397 395
f 397 391 390
f 395 398 396
f 397 398 395
f 396 398 399
f 399 398 397
f 281 396 399
f 399 282 281
f 402 399 397
f 399 402 282
f 397 390 402
f 402 403 282
f 403 402 404
f 390 404 402
f 405 403 404
f 405 404 290
f 407 404 390
f 404 407 290
f 385 407 390
f 290 407 296
f 385 300 407
f 300 296 407
f 480 478 411
f 478 412 411
f 478 476 412
f 411 412 414
f 415 411 414
f 476 416 412
f 414 412 416
f 476 417 418
f 416 476 418
f 416 418 419
f 419 414 416
f 418 539 419
f 414 421 415
f 421 422 415
f 422 421 492
f 414 419 424
f 424 419 539
f 421 414 424
f 541 424 539
f 541 426 424
f 421 427 492
f 421 424 427
f 492 427 493
f 426 429 424
f 424 429 427
f 427 430 493
f 427 429 430
f 431 429 426
f 429 431 430
f 432 431 426
f 493 430 433
f 433 430 431
f 434 493 433
f 435 431 432
f 435 433 431
f 436 435 432
f 435 436 516
f 433 438 434
f 438 433 435
f 438 439 434
f 501 439 438
f 441 501 438
f 442 435 516
f 442 438 435
f 438 442 441
f 442 516 515
f 442 444 441
f 444 442 515
f 444 515 447
f 448 444 447
f 448 449 444
f 449 441 444
f 441 449 501
f 449 502 501
f 448 447 453
f 447 517 453
f 455 449 448
f 502 449 455
f 453 455 448
f 504 502 455
f 504 455 457
f 455 458 457
f 455 453 458
f 457 458 509
f 460 453 517
f 453 460 458
f 461 460 517
f 461 525 460
f 458 463 509
f 458 460 463
f 525 464 460
f 460 464 463
f 463 465 509
f 465 463 464
f 465 510 509
f 467 464 525
f 467 465 464
f 529 467 525
f 510 465 469
f 469 465 467
f 511 510 469
f 471 467 529
f 471 469 467
f 472 471 529
f 471 472 532
f 474 471 532
f 471 474 469
f 474 532 417
f 476 474 417
f 474 477 469
f 477 474 476
f 469 477 511
f 478 477 476
f 477 479 511
f 478 480 477
f 480 479 477
f 480 411 483
f 411 415 483
f 479 480 483
f 415 486 483
f 486 415 422
f 488 479 483
f 489 486 422
f 486 490 483
f 490 486 489
f 490 488 483
f 489 422 491
f 422 492 491
f 493 491 492
f 493 434 491
f 489 491 495
f 495 490 489
f 434 496 491
f 491 496 495
f 496 434 439
f 495 496 498
f 498 496 439
f 495 499 490
f 499 495 498
f 498 439 500
f 499 498 500
f 439 501 500
f 501 502 500
f 503 500 502
f 503 499 500
f 504 503 502
f 504 457 503
f 499 503 506
f 457 506 503
f 499 507 490
f 507 499 506
f 490 507 488
f 506 457 508
f 506 508 507
f 457 509 508
f 510 508 509
f 510 511 508
f 507 512 488
f 508 512 507
f 511 512 508
f 479 488 512
f 511 479 512
f 513 447 515
f 515 516 513
f 517 447 513
f 516 518 513
f 516 436 518
f 520 517 513
f 436 521 518
f 522 520 513
f 518 522 513
f 520 523 517
f 523 520 522
f 523 461 517
f 461 523 525
f 526 522 518
f 521 526 518
f 527 523 522
f 527 522 526
f 523 528 525
f 528 523 527
f 525 528 529
f 472 529 528
f 531 472 528
f 531 528 527
f 472 531 532
f 527 533 531
f 533 527 526
f 531 534 532
f 533 534 531
f 532 534 535
f 535 534 533
f 417 532 535
f 535 418 417
f 538 535 533
f 535 538 418
f 533 526 538
f 538 539 418
f 539 538 540
f 526 540 538
f 541 539 540
f 541 540 426
f 543 540 526
f 540 543 426
f 521 543 526
f 426 543 432
f 521 436 543
f 436 432 543
f 616 614 547
f 614 548 547
f 614 612 548
f 547 548 550
f 551 547 550
f 612 552 548
f 550 548 552
f 612 553 554
f 552 612 554
f 552 554 555
f 555 550 552
f 554 675 555
f 550 557 551
f 557 558 551
f 558 557 628
f 550 555 560
f 560 555 675
f 557 550 560
f 677 560 675
f 677 562 560
f 557 563 628
f 557 560 563
f 628 563 629
f 562 565 560
f 560 565 563
f 563 566 629
f 563 565 566
f 567 565 562
f 565 567 566
f 568 567 562
f 629 566 569
f 569 566 567
f 570 629 569
f 571 567 568
f 571 569 567
f 572 571 568
f 571 572 652
f 569 574 570
f 574 569 571
f 574 575 570
f 637 575 574
f 577 637 574
f 578 571 652
f 578 574 571
f 574 578 577
f 578 652 651
f 578 580 577
f 580 578 651
f 580 651 583
f 584 580 583
f 584 585 580
f 585 577 580
f 577 585 637
f 585 638 637
f 584 583 589
f 583 653 589
f 591 585 584
f 638 585 591
f 589 591 584
f 640 638 591
f 640 591 593
f 591 594 593
f 591 589 594
f 593 594 645
f 596 589 653
f 589 596 594
f 597 596 653
f 597 661 596
f 594 599 645
f 594 596 599
f 661 600 596
f 596 600 599
f 599 601 645
f 601 599 600
f 601 646 645
f 603 600 661
f 603 601 600
f 665 603 661
f 646 601 605
f 605 601 603
f 647 646 605
f 607 603 665
f 607 605 603
f 608 607 665
f 607 608 668
f 610 607 668
f 607 610 605
f 610 668 553
f 612 610 553
f 610 613 605
f 613 610 612
f 605 613 647
f 614 613 612
f 613 615 647
f 614 616 613
f 616 615 613
f 616 547 619
f 547 551 619
f 615 616 619
f 551 622 619
f 622 551 558
f 624 615 619
f 625 622 558
f 622 626 619
f 626 622 625
f 626 624 619
f 625 558 627
f 558 628 627
f 629 627 628
f 629 570 627
f 625 627 631
f 631 626 625
f 570 632 627
f 627 632 631
f 632 570 575
f 631 632 634
f 634 632 575
f 631 635 626
f 635 631 634
f 634 575 636
f 635 634 636
f 575 637 636
f 637 638 636
f 639 636 638
f 639 635 636
f 640 639 638
f 640 593 639
f 635 639 642
f 593 642 639
f 635 643 626
f 643 635 642
f 626 643 624
f 642 593 644
f 642 644 643
f 593 645 644
f 646 644 645
f 646 647 644
f 643 648 624
f 644 648 643
f 647 648 644
f 615 624 648
f 647 615 648
f 649 583 651
f 651 652 649
f 653 583 649
f 652 654 649
f 652 572 654
f 656 653 649
f 572 657 654
f 658 656 649
f 654 658 649
f 656 659 653
f 659 656 658
f 659 597 653
f 597 659 661
f 662 658 654
f 657 662 654
f 663 659 658
f 663 658 662
f 659 664 661
f 664 659 663
f 661 664 665
f 608 665 664
f 667 608 664
f 667 664 663
f 608 667 668
f 663 669 667
f 669 663 662
f 667 670 668
f 669 670 667
f 668 670 671
f 671 670 669
f 553 668 671
f 671 554 553
f 674 671 669
f 671 674 554
f 669 662 674
f 674 675 554
f 675 674 676
f 662 676 674
f 677 675 676
f 677 676 562
f 679 676 662
f 676 679 562
f 657 679 662
f 562 679 568
f 657 572 679
f 572 568 679
f 752 750 683
f 750 684 683
f 750 748 684
f 683 684 686
f 687 683 686
f 748 688 684
f 686 684 688
f 748 689 690
f 688 748 690
f 688 690 691
f 691 686 688
f 690 811 691
f 686 693 687
f 693 694 687
f 694 693 764
f 686 691 696
f 696 691 811
f 693 686 696
f 813 696 811
f 813 698 696
f 693 699 764
f 693 696 699
f 764 699 765
f 698 701 696
f 696 701 699
f 699 702 765
f 699 701 702
f 703 701 698
f 701 703 702
f 704 703 698
f 765 702 705
f 705 702 703
f 706 765 705
f 707 703 704
f 707 705 703
f 708 707 704
f 707 708 788
f 705 710 706
f 710 705 707
f 710 711 706
f 773 711 710
f 713 773 710
f 714 707 788
f 714 710 707
f 710 714 713
f 714 788 787
f 714 716 713
f 716 714 787
f 716 787 719
f 720 716 719
f 720 721 716
f 721 713 716
f 713 721 773
f 721 774 773
f 720 719 725
f 719 789 725
f 727 721 720
f 774 721 727
f 725 727 720
f 776 774 727
f 776 727 729
f 727 730 729
f 727 725 730
f 729 730 781
f 732 725 789
f 725 732 730
f 733 732 789
f 733 797 732
f 730 735 781
f 730 732 735
f 797 736 732
f 732 736 735
f 735 737 781
f 737 735 736
f 737 782 781
f 739 736 797
f 739 737 736
f 801 739 797
f 782 737 741
f 741 737 739
f 783 782 741
f 743 739 801
f 743 741 739
f 744 743 801
f 743 744 804
f 746 743 804
f 743 746 741
f 746 804 689
f 748 746 689
f 746 749 741
f 749 746 748
f 741 749 783
f 750 749 748
f 749 751 783
f 750 752 749
f 752 751 749
f 752 683 755
f 683 687 755
f 751 752 755
f 687 758 755
f 758 687 694
f 760 751 755
f 761 758 694
f 758 762 755
f 762 758 761
f 762 760 755
f 761 694 763
f 694 764 763
f 765 763 764
f 765 706 763
f 761 763 767
f 767 762 761
f 706 768 763
f 763 768 767
f 768 706 711
f 767 768 770
f 770 768 711
f 767 771 762
f 771 767 770
f 770 711 772
f 771 770 772
f 711 773 772
f 773 774 772
f 775 772 774
f 775 771 772
f 776 775 774
f 776 729 775
f 771 775 778
f 729 778 775
f 771 779 762
f 779 771 778
f 762 779 760
f 778 729 780
f 778 780 779
f 729 781 780
f 782 780 781
f 782 783 780
f 779 784 760
f 780 784 779
f 783 784 780
f 751 760 784
f 783 751 784
f 785 719 787
f 787 788 785
f 789 719 785
f 788 790 785
f 788 708 790
f 792 789 785
f 708 793 790
f 794 792 785
f 790 794 785
f 792 795 789
f 795 792 794
f 795 733 789
f 733 795 797
f 798 794 790
f 793 798 790
f 799 795 794
f 799 794 798
f 795 800 797
f 800 795 799
f 797 800 801
f 744 801 800
f 803 744 800
f 803 800 799
f 744 803 804
f 799 805 803
f 805 799 798
f 803 806 804
f 805 806 803
f 804 806 807
f 807 806 805
f 689 804 807
f 807 690 689
f 810 807 805
f 807 810 690
f 805 798 810
f 810 811 690
f 811 810 812
f 798 812 810
f 813 811 812
f 813 812 698
f 815 812 798
f 812 815 698
f 793 815 798
f 698 815 704
f 793 708 815
f 708 704 815
f 888 886 819
f 886 820 819
f 886 884 820
f 819 820 822
f 823 819 822
f 884 824 820
f 822 820 824
f 884 825 826
f 824 884 826
f 824 826 827
f 827 822 824
f 826 947 827
f 822 829 823
f 829 830 823
f 830 829 900
f 822 827 832
f 832 827 947
f 829 822 832
f 949 832 947
f 949 834 832
f 829 835 900
f 829 832 835
f 900 835 901
f 834 837 832
f 832 837 835
f 835 838 901
f 835 837 838
f 839 837 834
f 837 839 838
f 840 839 834
f 901 838 841
f 841 838 839
f 842 901 841
f 843 839 840
f 843 841 839
f 844 843 840
f 843 844 924
f 841 846 842
f 846 841 843
f 846 847 842
f 909 847 846
f 849 909 846
f 850 843 924
f 850 846 843
f 846 850 849
f 850 924 923
f 850 852 849
f 852 850 923
f 852 923 855
f 856 852 855
f 856 857 852
f 857 849 852
f 849 857 909
f 857 910 909
f 856 855 861
f 855 925 861
f 863 857 856
f 910 857 863
f 861 863 856
f 912 910 863
f 912 863 865
f 863 866 865
f 863 861 866
f 865 866 917
f 868 861 925
f 861 868 866
f 869 868 925
f 869 933 868
f 866 871 917
f 866 868 871
f 933 872 868
f 868 872 871
f 871 873 917
f 873 871 872
f 873 918 917
f 875 872 933
f 875 873 872
f 937 875 933
f 918 873 877
f 877 873 875
f 919 918 877
f 879 875 937
f 879 877 875
f 880 879 937
f 879 880 940
f 882 879 940
f 879 882 877
f 882 940 825
f 884 882 825
f 882 885 877
f 885 882 884
f 877 885 919
f 886 885 884
f 885 887 919
f 886 888 885
f 888 887 885
f 888 819 891
f 819 823 891
f 887 888 891
f 823 894 891
f 894 823 830
f 896 887 891
f 897 894 830
f 894 898 891
f 898 894 897
f 898 896 891
f 897 830 899
f 830 900 899
f 901 899 900
f 901 842 899
f 897 899 903
f 903 898 897
f 842 904 899
f 899 904 903
f 904 842 847
f 903 904 906
f 906 904 847
f 903 907 898
f 907 903 906
f 906 847 908
f 907 906 908
f 847 909 908
f 909 910 908
f 911 908 910
f 911 907 908
f 912 911 910
f 912 865 911
f 907 911 914
f 865 914 911
f 907 915 898
f 915 907 914
f 898 915 896
f 914 865 916
f 914 916 915
f 865 917 916
f 918 916 917
f 918 919 916
f 915 920 896
f 916 920 915
f 919 920 916
f 887 896 920
f 919 887 920
f 921 855 923
f 923 924 921
f 925 855 921
f 924 926 921
f 924 844 926
f 928 925 921
f 844 929 926
f 930 928 921
f 926 930 921
f 928 931 925
f 931 928 930
f 931 869 925
f 869 931 933
f 934 930 926
f 929 934 926
f 935 931 930
f 935 930 934
f 931 936 933
f 936 931 935
f 933 936 937
f 880 937 936
f 939 880 936
f 939 936 935
f 880 939 940
f 935 941 939
f 941 935 934
f 939 942 940
f 941 942 939
f 940 942 943
f 943 942 941
f 825 940 943
f 943 826 825
f 946 943 941
f 943 946 826
f 941 934 946
f 946 947 826
f 947 946 948
f 934 948 946
f 949 947 948
f 949 948 834
f 951 948 934
f 948 951 834
f 929 951 934
f 834 951 840
f 929 844 951
f 844 840 951
f 1024 1022 955
f 1022 956 955
f 1022 1020 956
f 955 956 958
f 959 955 958
f 1020 960 956
f 958 956 960
f 1020 961 962
f 960 1020 962
f 960 962 963
f 963 958 960
f 962 1083 963
f 958 965 959
f 965 966 959
f 966 965 1036
f 958 963 968
f 968 963 1083
f 965 958 968
f 1085 968 1083
f 1085 970 968
f 965 971 1036
f 965 968 971
f 1036 971 1037
f 970 973 968
f 968 973 971
f 971 974 1037
f 971 973 974
f 975 973 970
f 973 975 974
f 976 975 970
f 1037 974 977
f 977 974 975
f 978 1037 977
f 979 975 976
f 979 977 975
f 980 979 976
f 979 980 1060
f 977 982 978
f 982 977 979
f 982 983 978
f 1045 983 982
f 985 1045 982
f 986 979 1060
f 986 982 979
f 982 986 985
f 986 1060 1059
f 986 988 985
f 988 986 1059
f 988 1059 991
f 992 988 991
f 992 993 988
f 993 985 988
f 985 993 1045
f 993 1046 1045
f 992 991 997
f 991 1061 997
f 999 993 992
f 1046 993 999
f 997 999 992
f 1048 1046 999
f 1048 999 1001
f 999 1002 1001
f 999 997 1002
f 1001 1002 1053
f 1004 997 1061
f 997 1004 1002
f 1005 1004 1061
f 1005 1069 1004
f 1002 1007 1053
f 1002 1004 1007
f 1069 1008 1004
f 1004 1008 1007
f 1007 1009 1053
f 1009 1007 1008
f 1009 1054 1053
f 1011 1008 1069
f 1011 1009 1008
f 1073 1011 1069
f 1054 1009 1013
f 1013 1009 1011
f 1055 1054 1013
f 1015 1011 1073
f 1015 1013 1011
f 1016 1015 1073
f 1015 1016 1076
f 1018 1015 1076
f 1015 1018 1013
f 1018 1076 961
f 1020 1018 961
f 1018 1021 1013
f 1021 1018 1020
f 1013 1021 1055
f 1022 1021 1020
f 1021 1023 1055
f 1022 1024 1021
f 1024 1023 1021
f 1024 955 1027
f 955 959 1027
f 1023 1024 1027
f 959 1030 1027
f 1030 959 966
f 1032 1023 1027
f 1033 1030 966
f 1030 1034 1027
f 1034 1030 1033
f 1034 1032 1027
f 1033 966 1035
f 966 1036 1035
f 1037 1035 1036
f 1037 978 1035
f 1033 1035 1039
f 1039 1034 1033
f 978 1040 1035
f 1035 1040 1039
f 1040 978 983
f 1039 1040 1042
f 1042 1040 983
f 1039 1043 1034
f 1043 1039 1042
f 1042 983 1044
f 1043 1042 1044
f 983 1045 1044
f 1045 1046 1044
f 1047 1044 1046
f 1047 1043 1044
f 1048 1047 1046
f 1048 1001 1047
f 1043 1047 1050
f 1001 1050 1047
f 1043 1051 1034
f 1051 1043 1050
f 1034 1051 1032
f 1050 1001 1052
f 1050 1052 1051
f 1001 1053 1052
f 1054 1052 1053
f 1054 1055 1052
f 1051 1056 1032
f 1052 1056 1051
f 1055 1056 1052
f 1023 1032 1056
f 1055 1023 1056
f 1057 991 1059
f 1059 1060 1057
f 1061 991 1057
f 1060 1062 1057
f 1060 980 1062
f 1064 1061 1057
f 980 1065 1062
f 1066 1064 1057
f 1062 1066 1057
f 1064 1067 1061
f 1067 1064 1066
f 1067 1005 1061
f 1005 1067 1069
f 1070 1066 1062
f 1065 1070 1062
f 1071 1067 1066
f 1071 1066 1070
f 1067 1072 1069
f 1072 1067 1071
f 1069 1072 1073
f 1016 1073 1072
f 1075 1016 1072
f 1075 1072 1071
f 1016 1075 1076
f 1071 1077 1075
f 1077 1071 1070
f 1075 1078 1076
f 1077 1078 1075
f 1076 1078 1079
f 1079 1078 1077
f 961 1076 1079
f 1079 962 961
f 1082 1079 1077
f 1079 1082 962
f 1077 1070 1082
f 1082 1083 962
f 1083 1082 1084
f 1070 1084 1082
f 1085 1083 1084
f 1085 1084 970
f 1087 1084 1070
f 1084 1087 970
f 1065 1087 1070
f 970 1087 976
f 1065 980 1087
f 980 976 1087
f 1089 1137 1193
f 1092 1089 1193
f 1142 1089 1092
f 1135 1142 1092
f 1142 1135 1225
f 1143 1142 1225
f 1166 1207 1111
f 1110 1166 1111
f 1110 1107 1166
f 1107 1102 1166
f 1102 1107 1173
f 1107 1177 1173
f 1181 1177 1107
f 1108 1181 1107
f 1181 1108 1182
f 1107 1110 1108
f 1110 1111 1203
f 1113 1110 1203
f 1110 1113 1108
f 1113 1203 1202
f 1108 1115 1182
f 1108 1113 1115
f 1116 1113 1202
f 1113 1116 1115
f 1115 1117 1182
f 1117 1115 1116
f 1117 1185 1182
f 1116 1202 1119
f 1119 1117 1116
f 1202 1120 1119
f 1119 1120 1232
f 1117 1122 1185
f 1117 1119 1122
f 1122 1123 1185
f 1124 1119 1232
f 1119 1124 1122
f 1125 1123 1122
f 1232 1126 1124
f 1127 1125 1122
f 1122 1124 1127
f 1126 1128 1124
f 1124 1128 1127
f 1127 1129 1125
f 1129 1127 1128
f 1129 1130 1125
f 1131 1128 1126
f 1131 1129 1128
f 1132 1131 1126
f 1129 1092 1130
f 1129 1131 1092
f 1092 1193 1130
f 1131 1135 1092
f 1135 1131 1132
f 1225 1135 1132
f 1137 1089 1198
f 1089 1140 1198
f 1198 1140 1199
f 1089 1142 1140
f 1142 1143 1222
f 1145 1142 1222
f 1142 1145 1140
f 1145 1222 1146
f 1140 1147 1199
f 1140 1145 1147
f 1148 1145 1146
f 1145 1148 1147
f 1199 1147 1149
f 1149 1147 1148
f 1175 1199 1149
f 1148 1146 1151
f 1151 1149 1148
f 1146 1152 1151
f 1151 1152 1216
f 1149 1154 1175
f 1154 1149 1151
f 1154 1155 1175
f 1156 1151 1216
f 1156 1154 1151
f 1156 1216 1213
f 1169 1155 1154
f 1159 1156 1213
f 1154 1156 1160
f 1160 1169 1154
f 1156 1159 1160
f 1159 1213 1161
f 1160 1162 1169
f 1162 1160 1159
f 1162 1163 1169
f 1164 1159 1161
f 1164 1162 1159
f 1161 1207 1166
f 1164 1161 1166
f 1166 1102 1164
f 1102 1162 1164
f 1163 1162 1102
f 1173 1163 1102
f 1169 1163 1171
f 1155 1169 1171
f 1163 1173 1171
f 1174 1155 1171
f 1155 1174 1175
f 1173 1176 1171
f 1173 1177 1176
f 1176 1178 1171
f 1178 1174 1171
f 1177 1179 1176
f 1178 1176 1179
f 1179 1177 1180
f 1177 1181 1180
f 1180 1181 1182
f 1183 1178 1179
f 1179 1180 1183
f 1184 1180 1182
f 1180 1184 1183
f 1185 1184 1182
f 1185 1123 1184
f 1183 1184 1187
f 1123 1187 1184
f 1178 1183 1188
f 1178 1188 1174
f 1189 1183 1187
f 1183 1189 1188
f 1187 1123 1190
f 1187 1190 1189
f 1123 1125 1190
f 1190 1125 1130
f 1130 1193 1190
f 1193 1194 1190
f 1190 1194 1189
f 1193 1137 1194
f 1189 1194 1196
f 1137 1196 1194
f 1188 1189 1196
f 1196 1137 1197
f 1196 1197 1188
f 1137 1198 1197
f 1199 1197 1198
f 1199 1175 1197
f 1197 1200 1188
f 1175 1200 1197
f 1188 1200 1174
f 1174 1200 1175
f 1201 1202 1203
f 1203 1111 1201
f 1120 1202 1201
f 1111 1206 1201
f 1111 1207 1206
f 1208 1120 1201
f 1207 1209 1206
f 1201 1206 1210
f 1210 1206 1209
f 1208 1201 1210
f 1209 1207 1211
f 1207 1161 1211
f 1211 1161 1213
f 1209 1211 1214
f 1214 1210 1209
f 1215 1211 1213
f 1211 1215 1214
f 1216 1215 1213
f 1216 1152 1215
f 1152 1218 1215
f 1214 1215 1218
f 1218 1152 1146
f 1220 1214 1218
f 1210 1214 1220
f 1221 1218 1146
f 1218 1221 1220
f 1221 1146 1222
f 1222 1143 1221
f 1143 1224 1221
f 1221 1224 1220
f 1143 1225 1224
f 1220 1224 1226
f 1225 1226 1224
f 1227 1210 1220
f 1227 1220 1226
f 1210 1227 1208
f 1226 1225 1228
f 1227 1226 1228
f 1225 1132 1228
f 1132 1126 1228
f 1227 1231 1208
f 1231 1227 1228
f 1231 1228 1126
f 1120 1208 1231
f 1232 1231 1126
f 1232 1120 1231
f 1233 1281 1337
f 1236 1233 1337
f 1286 1233 1236
f 1279 1286 1236
f 1286 1279 1369
f 1287 1286 1369
f 1310 1351 1255
f 1254 1310 1255
f 1254 1251 1310
f 1251 1246 1310
f 1246 1251 1317
f 1251 1321 1317
f 1325 1321 1251
f 1252 1325 1251
f 1325 1252 1326
f 1251 1254 1252
f 1254 1255 1347
f 1257 1254 1347
f 1254 1257 1252
f 1257 1347 1346
f 1252 1259 1326
f 1252 1257 1259
f 1260 1257 1346
f 1257 1260 1259
f 1259 1261 1326
f 1261 1259 1260
f 1261 1329 1326
f 1260 1346 1263
f 1263 1261 1260
f 1346 1264 1263
f 1263 1264 1376
f 1261 1266 1329
f 1261 1263 1266
f 1266 1267 1329
f 1268 1263 1376
f 1263 1268 1266
f 1269 1267 1266
f 1376 1270 1268
f 1271 1269 1266
f 1266 1268 1271
f 1270 1272 1268
f 1268 1272 1271
f 1271 1273 1269
f 1273 1271 1272
f 1273 1274 1269
f 1275 1272 1270
f 1275 1273 1272
f 1276 1275 1270
f 1273 1236 1274
f 1273 1275 1236
f 1236 1337 1274
f 1275 1279 1236
f 1279 1275 1276
f 1369 1279 1276
f 1281 1233 1342
f 1233 1284 1342
f 1342 1284 1343
f 1233 1286 1284
f 1286 1287 1366
f 1289 1286 1366
f 1286 1289 1284
f 1289 1366 1290
f 1284 1291 1343
f 1284 1289 1291
f 1292 1289 1290
f 1289 1292 1291
f 1343 1291 1293
f 1293 1291 1292
f 1319 1343 1293
f 1292 1290 1295
f 1295 1293 1292
f 1290 1296 1295
f 1295 1296 1360
f 1293 1298 1319
f 1298 1293 1295
f 1298 1299 1319
f 1300 1295 1360
f 1300 1298 1295
f 1300 1360 1357
f 1313 1299 1298
f 1303 1300 1357
f 1298 1300 1304
f 1304 1313 1298
f 1300 1303 1304
f 1303 1357 1305
f 1304 1306 1313
f 1306 1304 1303
f 1306 1307 1313
f 1308 1303 1305
f 1308 1306 1303
f 1305 1351 1310
f 1308 1305 1310
f 1310 1246 1308
f 1246 1306 1308
f 1307 1306 1246
f 1317 1307 1246
f 1313 1307 1315
f 1299 1313 1315
f 1307 1317 1315
f 1318 1299 1315
f 1299 1318 1319
f 1317 1320 1315
f 1317 1321 1320
f 1320 1322 1315
f 1322 1318 1315
f 1321 1323 1320
f 1322 1320 1323
f 1323 1321 1324
f 1321 1325 1324
f 1324 1325 1326
f 1327 1322 1323
f 1323 1324 1327
f 1328 1324 1326
f 1324 1328 1327
f 1329 1328 1326
f 1329 1267 1328
f 1327 1328 1331
f 1267 1331 1328
f 1322 1327 1332
f 1322 1332 1318
f 1333 1327 1331
f 1327 1333 1332
f 1331 1267 1334
f 1331 1334 1333
f 1267 1269 1334
f 1334 1269 1274
f 1274 1337 1334
f 1337 1338 1334
f 1334 1338 1333
f 1337 1281 1338
f 1333 1338 1340
f 1281 1340 1338
f 1332 1333 1340
f 1340 1281 1341
f 1340 1341 1332
f 1281 1342 1341
f 1343 1341 1342
f 1343 1319 1341
f 1341 1344 1332
f 1319 1344 1341
f 1332 1344 1318
f 1318 1344 1319
f 1345 1346 1347
f 1347 1255 1345
f 1264 1346 1345
f 1255 1350 1345
f 1255 1351 1350
f 1352 1264 1345
f 1351 1353 1350
f 1345 1350 1354
f 1354 1350 1353
f 1352 1345 1354
f 1353 1351 1355
f 1351 1305 1355
f 1355 1305 1357
f 1353 1355 1358
f 1358 1354 1353
f 1359 1355 1357
f 1355 1359 1358
f 1360 1359 1357
f 1360 1296 1359
f 1296 1362 1359
f 1358 1359 1362
f 1362 1296 1290
f 1364 1358 1362
f 1354 1358 1364
f 1365 1362 1290
f 1362 1365 1364
f 1365 1290 1366
f 1366 1287 1365
f 1287 1368 1365
f 1365 1368 1364
f 1287 1369 1368
f 1364 1368 1370
f 1369 1370 1368
f 1371 1354 1364
f 1371 1364 1370
f 1354 1371 1352
f 1370 1369 1372
f 1371 1370 1372
f 1369 1276 1372
f 1276 1270 1372
f 1371 1375 1352
f 1375 1371 1372
f 1375 1372 1270
f 1264 1352 1375
f 1376 1375 1270
f 1376 1264 1375
f 1377 1425 1481
f 1380 1377 1481
f 1430 1377 1380
f 1423 1430 1380
f 1430 1423 1513
f 1431 1430 1513
f 1454 1495 1399
f 1398 1454 1399
f 1398 1395 1454
f 1395 1390 1454
f 1390 1395 1461
f 1395 1465 1461
f 1469 1465 1395
f 1396 1469 1395
f 1469 1396 1470
f 1395 1398 1396
f 1398 1399 1491
f 1401 1398 1491
f 1398 1401 1396
f 1401 1491 1490
f 1396 1403 1470
f 1396 1401 1403
f 1404 1401 1490
f 1401 1404 1403
f 1403 1405 1470
f 1405 1403 1404
f 1405 1473 1470
f 1404 1490 1407
f 1407 1405 1404
f 1490 1408 1407
f 1407 1408 1520
f 1405 1410 1473
f 1405 1407 1410
f 1410 1411 1473
f 1412 1407 1520
f 1407 1412 1410
f 1413 1411 1410
f 1520 1414 1412
f 1415 1413 1410
f 1410 1412 1415
f 1414 1416 1412
f 1412 1416 1415
f 1415 1417 1413
f 1417 1415 1416
f 1417 1418 1413
f 1419 1416 1414
f 1419 1417 1416
f 1420 1419 1414
f 1417 1380 1418
f 1417 1419 1380
f 1380 1481 1418
f 1419 1423 1380
f 1423 1419 1420
f 1513 1423 1420
f 1425 1377 1486
f 1377 1428 1486
f 1486 1428 1487
f 1377 1430 1428
f 1430 1431 1510
f 1433 1430 1510
f 1430 1433 1428
f 1433 1510 1434
f 1428 1435 1487
f 1428 1433 1435
f 1436 1433 1434
f 1433 1436 1435
f 1487 1435 1437
f 1437 1435 1436
f 1463 1487 1437
f 1436 1434 1439
f 1439 1437 1436
f 1434 1440 1439
f 1439 1440 1504
f 1437 1442 1463
f 1442 1437 1439
f 1442 1443 1463
f 1444 1439 1504
f 1444 1442 1439
f 1444 1504 1501
f 1457 1443 1442
f 1447 1444 1501
f 1442 1444 1448
f 1448 1457 1442
f 1444 1447 1448
f 1447 1501 1449
f 1448 1450 1457
f 1450 1448 1447
f 1450 1451 1457
f 1452 1447 1449
f 1452 1450 1447
f 1449 1495 1454
f 1452 1449 1454
f 1454 1390 1452
f 1390 1450 1452
f 1451 1450 1390
f 1461 1451 1390
f 1457 1451 1459
f 1443 1457 1459
f 1451 1461 1459
f 1462 1443 1459
f 1443 1462 1463
f 1461 1464 1459
f 1461 1465 1464
f 1464 1466 1459
f 1466 1462 1459
f 1465 1467 1464
f 1466 1464 1467
f 1467 1465 1468
f 1465 1469 1468
f 1468 1469 1470
f 1471 1466 1467
f 1467 1468 1471
f 1472 1468 1470
f 1468 1472 1471
f 1473 1472 1470
f 1473 1411 1472
f 1471 1472 1475
f 1411 1475 1472
f 1466 1471 1476
f 1466 1476 1462
f 1477 1471 1475
f 1471 1477 1476
f 1475 1411 1478
f 1475 1478 1477
f 1411 1413 1478
f 1478 1413 1418
f 1418 1481 1478
f 1481 1482 1478
f 1478 1482 1477
f 1481 1425 1482
f 1477 1482 1484
f 1425 1484 1482
f 1476 1477 1484
f 1484 1425 1485
f 1484 1485 1476
f 1425 1486 1485
f 1487 1485 1486
f 1487 1463 1485
f 1485 1488 1476
f 1463 1488 1485
f 1476 1488 1462
f 1462 1488 1463
f 1489 1490 1491
f 1491 1399 1489
f 1408 1490 1489
f 1399 1494 1489
f 1399 1495 1494
f 1496 1408 1489
f 1495 1497 1494
f 1489 1494 1498
f 1498 1494 1497
f 1496 1489 1498
f 1497 1495 1499
f 1495 1449 1499
f 1499 1449 1501
f 1497 1499 1502
f 1502 1498 1497
f 1503 1499 1501
f 1499 1503 1502
f 1504 1503 1501
f 1504 1440 1503
f 1440 1506 1503
f 1502 1503 1506
f 1506 1440 1434
f 1508 1502 1506
f 1498 1502 1508
f 1509 1506 1434
f 1506 1509 1508
f 1509 1434 1510
f 1510 1431 1509
f 1431 1512 1509
f 1509 1512 1508
f 1431 1513 1512
f 1508 1512 1514
f 1513 1514 1512
f 1515 1498 1508
f 1515 1508 1514
f 1498 1515 1496
f 1514 1513 1516
f 1515 1514 1516
f 1513 1420 1516
f 1420 1414 1516
f 1515 1519 1496
f 1519 1515 1516
f 1519 1516 1414
f 1408 1496 1519
f 1520 1519 1414
f 1520 1408 1519
f 1521 1569 1625
f 1524 1521 1625
f 1574 1521 1524
f 1567 1574 1524
f 1574 1567 1657
f 1575 1574 1657
f 1598 1639 1543
f 1542 1598 1543
f 1542 1539 1598
f 1539 1534 1598
f 1534 1539 1605
f 1539 1609 1605
f 1613 1609 1539
f 1540 1613 1539
f 1613 1540 1614
f 1539 1542 1540
f 1542 1543 1635
f 1545 1542 1635
f 1542 1545 1540
f 1545 1635 1634
f 1540 1547 1614
f 1540 1545 1547
f 1548 1545 1634
f 1545 1548 1547
f 1547 1549 1614
f 1549 1547 1548
f 1549 1617 1614
f 1548 1634 1551
f 1551 1549 1548
f 1634 1552 1551
f 1551 1552 1664
f 1549 1554 1617
f 1549 1551 1554
f 1554 1555 1617
f 1556 1551 1664
f 1551 1556 1554
f 1557 1555 1554
f 1664 1558 1556
f 1559 1557 1554
f 1554 1556 1559
f 1558 1560 1556
f 1556 1560 1559
f 1559 1561 1557
f 1561 1559 1560
f 1561 1562 1557
f 1563 1560 1558
f 1563 1561 1560
f 1564 1563 1558
f 1561 1524 1562
f 1561 1563 1524
f 1524 1625 1562
f 1563 1567 1524
f 1567 1563 1564
f 1657 1567 1564
f 1569 1521 1630
f 1521 1572 1630
f 1630 1572 1631
f 1521 1574 1572
f 1574 1575 1654
f 1577 1574 1654
f 1574 1577 1572
f 1577 1654 1578
f 1572 1579 1631
f 1572 1577 1579
f 1580 1577 1578
f 1577 1580 1579
f 1631 1579 1581
f 1581 1579 1580
f 1607 1631 1581
f 1580 1578 1583
f 1583 1581 1580
f 1578 1584 1583
f 1583 1584 1648
f 1581 1586 1607
f 1586 1581 1583
f 1586 1587 1607
f 1588 1583 1648
f 1588 1586 1583
f 1588 1648 1645
f 1601 1587 1586
f 1591 1588 1645
f 1586 1588 1592
f 1592 1601 1586
f 1588 1591 1592
f 1591 1645 1593
f 1592 1594 1601
f 1594 1592 1591
f 1594 1595 1601
f 1596 1591 1593
f 1596 1594 1591
f 1593 1639 1598
f 1596 1593 1598
f 1598 1534 1596
f 1534 1594 1596
f 1595 1594 1534
f 1605 1595 1534
f 1601 1595 1603
f 1587 1601 1603
f 1595 1605 1603
f 1606 1587 1603
f 1587 1606 1607
f 1605 1608 1603
f 1605 1609 1608
f 1608 1610 1603
f 1610 1606 1603
f 1609 1611 1608
f 1610 1608 1611
f 1611 1609 1612
f 1609 1613 1612
f 1612 1613 1614
f 1615 1610 1611
f 1611 1612 1615
f 1616 1612 1614
f 1612 1616 1615
f 1617 1616 1614
f 1617 1555 1616
f 1615 1616 1619
f 1555 1619 1616
f 1610 1615 1620
f 1610 1620 1606
f 1621 1615 1619
f 1615 1621 1620
f 1619 1555 1622
f 1619 1622 1621
f 1555 1557 1622
f 1622 1557 1562
f 1562 1625 1622
f 1625 1626 1622
f 1622 1626 1621
f 1625 1569 1626
f 1621 1626 1628
f 1569 1628 1626
f 1620 1621 1628
f 1628 1569 1629
f 1628 1629 1620
f 1569 1630 1629
f 1631 1629 1630
f 1631 1607 1629
f 1629 1632 1620
f 1607 1632 1629
f 1620 1632 1606
f 1606 1632 1607
f 1633 1634 1635
f 1635 1543 1633
f 1552 1634 1633
f 1543 1638 1633
f 1543 1639 1638
f 1640 1552 1633
f 1639 1641 1638
f 1633 1638 1642
f 1642 1638 1641
f 1640 1633 1642
f 1641 1639 1643
f 1639 1593 1643
f 1643 1593 1645
f 1641 1643 1646
f 1646 1642 1641
f 1647 1643 1645
f 1643 1647 1646
f 1648 1647 1645
f 1648 1584 1647
f 1584 1650 1647
f 1646 1647 1650
f 1650 1584 1578
f 1652 1646 1650
f 1642 1646 1652
f 1653 1650 1578
f 1650 1653 1652
f 1653 1578 1654
f 1654 1575 1653
f 1575 1656 1653
f 1653 1656 1652
f 1575 1657 1656
f 1652 1656 1658
f 1657 1658 1656
f 1659 1642 1652
f 1659 1652 1658
f 1642 1659 1640
f 1658 1657 1660
f 1659 1658 1660
f 1657 1564 1660
f 1564 1558 1660
f 1659 1663 1640
f 1663 1659 1660
f 1663 1660 1558
f 1552 1640 1663
f 1664 1663 1558
f 1664 1552 1663
f 1665 1713 1769
f 1668 1665 1769
f 1718 1665 1668
f 1711 1718 1668
f 1718 1711 1801
f 1719 1718 1801
f 1742 1783 1687
f 1686 1742 1687
f 1686 1683 1742
f 1683 1678 1742
f 1678 1683 1749
f 1683 1753 1749
f 1757 1753 1683
f 1684 1757 1683
f 1757 1684 1758
f 1683 1686 1684
f 1686 1687 1779
f 1689 1686 1779
f 1686 1689 1684
f 1689 1779 1778
f 1684 1691 1758
f 1684 1689 1691
f 1692 1689 1778
f 1689 1692 1691
f 1691 1693 1758
f 1693 1691 1692
f 1693 1761 1758
f 1692 1778 1695
f 1695 1693 1692
f 1778 1696 1695
f 1695 1696 1808
f 1693 1698 1761
f 1693 1695 1698
f 1698 1699 1761
f 1700 1695 1808
f 1695 1700 1698
f 1701 1699 1698
f 1808 1702 1700
f 1703 1701 1698
f 1698 1700 1703
f 1702 1704 1700
f 1700 1704 1703
f 1703 1705 1701
f 1705 1703 1704
f 1705 1706 1701
f 1707 1704 1702
f 1707 1705 1704
f 1708 1707 1702
f 1705 1668 1706
f 1705 1707 1668
f 1668 1769 1706
f 1707 1711 1668
f 1711 1707 1708
f 1801 1711 1708
f 1713 1665 1774
f 1665 1716 1774
f 1774 1716 1775
f 1665 1718 1716
f 1718 1719 1798
f 1721 1718 1798
f 1718 1721 1716
f 1721 1798 1722
f 1716 1723 1775
f 1716 1721 1723
f 1724 1721 1722
f 1721 1724 1723
f 1775 1723 1725
f 1725 1723 1724
f 1751 1775 1725
f 1724 1722 1727
f 1727 1725 1724
f 1722 1728 1727
f 1727 1728 1792
f 1725 1730 1751
f 1730 1725 1727
f 1730 1731 1751
f 1732 1727 1792
f 1732 1730 1727
f 1732 1792 1789
f 1745 1731 1730
f 1735 1732 1789
f 1730 1732 1736
f 1736 1745 1730
f 1732 1735 1736
f 1735 1789 1737
f 1736 1738 1745
f 1738 1736 1735
f 1738 1739 1745
f 1740 1735 1737
f 1740 1738 1735
f 1737 1783 1742
f 1740 1737 1742
f 1742 1678 1740
f 1678 1738 1740
f 1739 1738 1678
f 1749 1739 1678
f 1745 1739 1747
f 1731 1745 1747
f 1739 1749 1747
f 1750 1731 1747
f 1731 1750 1751
f 1749 1752 1747
f 1749 1753 1752
f 1752 1754 1747
f 1754 1750 1747
f 1753 1755 1752
f 1754 1752 1755
f 1755 1753 1756
f 1753 1757 1756
f 1756 1757 1758
f 1759 1754 1755
f 1755 1756 1759
f 1760 1756 1758
f 1756 1760 1759
f 1761 1760 1758
f 1761 1699 1760
f 1759 1760 1763
f 1699 1763 1760
f 1754 1759 1764
f 1754 1764 1750
f 1765 1759 1763
f 1759 1765 1764
f 1763 1699 1766
f 1763 1766 1765
f 1699 1701 1766
f 1766 1701 1706
f 1706 1769 1766
f 1769 1770 1766
f 1766 1770 1765
f 1769 1713 1770
f 1765 1770 1772
f 1713 1772 1770
f 1764 1765 1772
f 1772 1713 1773
f 1772 1773 1764
f 1713 1774 1773
f 1775 1773 1774
f 1775 1751 1773
f 1773 1776 1764
f 1751 1776 1773
f 1764 1776 1750
f 1750 1776 1751
f 1777 1778 1779
f 1779 1687 1777
f 1696 1778 1777
f 1687 1782 1777
f 1687 1783 1782
f 1784 1696 1777
f 1783 1785 1782
f 1777 1782 1786
f 1786 1782 1785
f 1784 1777 1786
f 1785 1783 1787
f 1783 1737 1787
f 1787 1737 1789
f 1785 1787 1790
f 1790 1786 1785
f 1791 1787 1789
f 1787 1791 1790
f 1792 1791 1789
f 1792 1728 1791
f 1728 1794 1791
f 1790 1791 1794
f 1794 1728 1722
f 1796 1790 1794
f 1786 1790 1796
f 1797 1794 1722
f 1794 1797 1796
f 1797 1722 1798
f 1798 1719 1797
f 1719 1800 1797
f 1797 1800 1796
f 1719 1801 1800
f 1796 1800 1802
f 1801 1802 1800
f 1803 1786 1796
f 1803 1796 1802
f 1786 1803 1784
f 1802 1801 1804
f 1803 1802 1804
f 1801 1708 1804
f 1708 1702 1804
f 1803 1807 1784
f 1807 1803 1804
f 1807 1804 1702
f 1696 1784 1807
f 1808 1807 1702
f 1808 1696 1807
f 1809 1857 1913
f 1812 1809 1913
f 1862 1809 1812
f 1855 1862 1812
f 1862 1855 1945
f 1863 1862 1945
f 1886 1927 1831
f 1830 1886 1831
f 1830 1827 1886
f 1827 1822 1886
f 1822 1827 1893
f 1827 1897 1893
f 1901 1897 1827
f 1828 1901 1827
f 1901 1828 1902
f 1827 1830 1828
f 1830 1831 1923
f 1833 1830 1923
f 1830 1833 1828
f 1833 1923 1922
f 1828 1835 1902
f 1828 1833 1835
f 1836 1833 1922
f 1833 1836 1835
f 1835 1837 1902
f 1837 1835 1836
f 1837 1905 1902
f 1836 1922 1839
f 1839 1837 1836
f 1922 1840 1839
f 1839 1840 1952
f 1837 1842 1905
f 1837 1839 1842
f 1842 1843 1905
f 1844 1839 1952
f 1839 1844 1842
f 1845 1843 1842
f 1952 1846 1844
f 1847 1845 1842
f 1842 1844 1847
f 1846 1848 1844
f 1844 1848 1847
f 1847 1849 1845
f 1849 1847 1848
f 1849 1850 1845
f 1851 1848 1846
f 1851 1849 1848
f 1852 1851 1846
f 1849 1812 1850
f 1849 1851 1812
f 1812 1913 1850
f 1851 1855 1812
f 1855 1851 1852
f 1945 1855 1852
f 1857 1809 1918
f 1809 1860 1918
f 1918 1860 1919
f 1809 1862 1860
f 1862 1863 1942
f 1865 1862 1942
f 1862 1865 1860
f 1865 1942 1866
f 1860 1867 1919
f 1860 1865 1867
f 1868 1865 1866
f 1865 1868 1867
f 1919 1867 1869
f 1869 1867 1868
f 1895 1919 1869
f 1868 1866 1871
f 1871 1869 1868
f 1866 1872 1871
f 1871 1872 1936
f 1869 1874 1895
f 1874 1869 1871
f 1874 1875 1895
f 1876 1871 1936
f 1876 1874 1871
f 1876 1936 1933
f 1889 1875 1874
f 1879 1876 1933
f 1874 1876 1880
f 1880 1889 1874
f 1876 1879 1880
f 1879 1933 1881
f 1880 1882 1889
f 1882 1880 1879
f 1882 1883 1889
f 1884 1879 1881
f 1884 1882 1879
f 1881 1927 1886
f 1884 1881 1886
f 1886 1822 1884
f 1822 1882 1884
f 1883 1882 1822
f 1893 1883 1822
f 1889 1883 1891
f 1875 1889 1891
f 1883 1893 1891
f 1894 1875 1891
f 1875 1894 1895
f 1893 1896 1891
f 1893 1897 1896
f 1896 1898 1891
f 1898 1894 1891
f 1897 1899 1896
f 1898 1896 1899
f 1899 1897 1900
f 1897 1901 1900
f 1900 1901 1902
f 1903 1898 1899
f 1899 1900 1903
f 1904 1900 1902
f 1900 1904 1903
f 1905 1904 1902
f 1905 1843 1904
f 1903 1904 1907
f 1843 1907 1904
f 1898 1903 1908
f 1898 1908 1894
f 1909 1903 1907
f 1903 1909 1908
f 1907 1843 1910
f 1907 1910 1909
f 1843 1845 1910
f 1910 1845 1850
f 1850 1913 1910
f 1913 1914 1910
f 1910 1914 1909
f 1913 1857 1914
f 1909 1914 1916
f 1857 1916 1914
f 1908 1909 1916
f 1916 1857 1917
f 1916 1917 1908
f 1857 1918 1917
f 1919 1917 1918
f 1919 1895 1917
f 1917 1920 1908
f 1895 1920 1917
f 1908 1920 1894
f 1894 1920 1895
f 1921 1922 1923
f 1923 1831 1921
f 1840 1922 1921
f 1831 1926 1921
f 1831 1927 1926
f 1928 1840 1921
f 1927 1929 1926
f 1921 1926 1930
f 1930 1926 1929
f 1928 1921 1930
f 1929 1927 1931
f 1927 1881 1931
f 1931 1881 1933
f 1929 1931 1934
f 1934 1930 1929
f 1935 1931 1933
f 1931 1935 1934
f 1936 1935 1933
f 1936 1872 1935
f 1872 1938 1935
f 1934 1935 1938
f 1938 1872 1866
f 1940 1934 1938
f 1930 1934 1940
f 1941 1938 1866
f 1938 1941 1940
f 1941 1866 1942
f 1942 1863 1941
f 1863 1944 1941
f 1941 1944 1940
f 1863 1945 1944
f 1940 1944 1946
f 1945 1946 1944
f 1947 1930 1940
f 1947 1940 1946
f 1930 1947 1928
f 1946 1945 1948
f 1947 1946 1948
f 1945 1852 1948
f 1852 1846 1948
f 1947 1951 1928
f 1951 1947 1948
f 1951 1948 1846
f 1840 1928 1951
f 1952 1951 1846
f 1952 1840 1951
f 1953 2001 2057
f 1956 1953 2057
f 2006 1953 1956
f 1999 2006 1956
f 2006 1999 2089
f 2007 2006 2089
f 2030 2071 1975
f 1974 2030 1975
f 1974 1971 2030
f 1971 1966 2030
f 1966 1971 2037
f 1971 2041 2037
f 2045 2041 1971
f 1972 2045 1971
f 2045 1972 2046
f 1971 1974 1972
f 1974 1975 2067
f 1977 1974 2067
f 1974 1977 1972
f 1977 2067 2066
f 1972 1979 2046
f 1972 1977 1979
f 1980 1977 2066
f 1977 1980 1979
f 1979 1981 2046
f 1981 1979 1980
f 1981 2049 2046
f 1980 2066 1983
f 1983 1981 1980
f 2066 1984 1983
f 1983 1984 2096
f 1981 1986 2049
f 1981 1983 1986
f 1986 1987 2049
f 1988 1983 2096
f 1983 1988 1986
f 1989 1987 1986
f 2096 1990 1988
f 1991 1989 1986
f 1986 1988 1991
f 1990 1992 1988
f 1988 1992 1991
f 1991 1993 1989
f 1993 1991 1992
f 1993 1994 1989
f 1995 1992 1990
f 1995 1993 1992
f 1996 1995 1990
f 1993 1956 1994
f 1993 1995 1956
f 1956 2057 1994
f 1995 1999 1956
f 1999 1995 1996
f 2089 1999 1996
f 2001 1953 2062
f 1953 2004 2062
f 2062 2004 2063
f 1953 2006 2004
f 2006 2007 2086
f 2009 2006 2086
f 2006 2009 2004
f 2009 2086 2010
f 2004 2011 2063
f 2004 2009 2011
f 2012 2009 2010
f 2009 2012 2011
f 2063 2011 2013
f 2013 2011 2012
f 2039 2063 2013
f 2012 2010 2015
f 2015 2013 2012
f 2010 2016 2015
f 2015 2016 2080
f 2013 2018 2039
f 2018 2013 2015
f 2018 2019 2039
f 2020 2015 2080
f 2020 2018 2015
f 2020 2080 2077
f 2033 2019 2018
f 2023 2020 2077
f 2018 2020 2024
f 2024 2033 2018
f 2020 2023 2024
f 2023 2077 2025
f 2024 2026 2033
f 2026 2024 2023
f 2026 2027 2033
f 2028 2023 2025
f 2028 2026 2023
f 2025 2071 2030
f 2028 2025 2030
f 2030 1966 2028
f 1966 2026 2028
f 2027 2026 1966
f 2037 2027 1966
f 2033 2027 2035
f 2019 2033 2035
f 2027 2037 2035
f 2038 2019 2035
f 2019 2038 2039
f 2037 2040 2035
f 2037 2041 2040
f 2040 2042 2035
f 2042 2038 2035
f 2041 2043 2040
f 2042 2040 2043
f 2043 2041 2044
f 2041 2045 2044
f 2044 2045 2046
f 2047 2042 2043
f 2043 2044 2047
f 2048 2044 2046
f 2044 2048 2047
f 2049 2048 2046
f 2049 1987 2048
f 2047 2048 2051
f 1987 2051 2048
f 2042 2047 2052
f 2042 2052 2038
f 2053 2047 2051
f 2047 2053 2052
f 2051 1987 2054
f 2051 2054 2053
f 1987 1989 2054
f 2054 1989 1994
f 1994 2057 2054
f 2057 2058 2054
f 2054 2058 2053
f 2057 2001 2058
f 2053 2058 2060
f 2001 2060 2058
f 2052 2053 2060
f 2060 2001 2061
f 2060 2061 2052
f 2001 2062 2061
f 2063 2061 2062
f 2063 2039 2061
f 2061 2064 2052
f 2039 2064 2061
f 2052 2064 2038
f 2038 2064 2039
f 2065 2066 2067
f 2067 1975 2065
f 1984 2066 2065
f 1975 2070 2065
f 1975 2071 2070
f 2072 1984 2065
f 2071 2073 2070
f 2065 2070 2074
f 2074 2070 2073
f 2072 2065 2074
f 2073 2071 2075
f 2071 2025 2075
f 2075 2025 2077
f 2073 2075 2078
f 2078 2074 2073
f 2079 2075 2077
f 2075 2079 2078
f 2080 2079 2077
f 2080 2016 2079
f 2016 2082 2079
f 2078 2079 2082
f 2082 2016 2010
f 2084 2078 2082
f 2074 2078 2084
f 2085 2082 2010
f 2082 2085 2084
f 2085 2010 2086
f 2086 2007 2085
f 2007 2088 2085
f 2085 2088 2084
f 2007 2089 2088
f 2084 2088 2090
f 2089 2090 2088
f 2091 2074 2084
f 2091 2084 2090
f 2074 2091 2072
f 2090 2089 2092
f 2091 2090 2092
f 2089 1996 2092
f 1996 1990 2092
f 2091 2095 2072
f 2095 2091 2092
f 2095 2092 1990
f 1984 2072 2095
f 2096 2095 1990
f 2096 1984 2095
f 2097 2145 2201
f 2100 2097 2201
f 2150 2097 2100
f 2143 2150 2100
f 2150 2143 2233
f 2151 2150 2233
f 2174 2215 2119
f 2118 2174 2119
f 2118 2115 2174
f 2115 2110 2174
f 2110 2115 2181
f 2115 2185 2181
f 2189 2185 2115
f 2116 2189 2115
f 2189 2116 2190
f 2115 2118 2116
f 2118 2119 2211
f 2121 2118 2211
f 2118 2121 2116
f 2121 2211 2210
f 2116 2123 2190
f 2116 2121 2123
f 2124 2121 2210
f 2121 2124 2123
f 2123 2125 2190
f 2125 2123 2124
f 2125 2193 2190
f 2124 2210 2127
f 2127 2125 2124
f 2210 2128 2127
f 2127 2128 2240
f 2125 2130 2193
f 2125 2127 2130
f 2130 2131 2193
f 2132 2127 2240
f 2127 2132 2130
f 2133 2131 2130
f 2240 2134 2132
f 2135 2133 2130
f 2130 2132 2135
f 2134 2136 2132
f 2132 2136 2135
f 2135 2137 2133
f 2137 2135 2136
f 2137 2138 2133
f 2139 2136 2134
f 2139 2137 2136
f 2140 2139 2134
f 2137 2100 2138
f 2137 2139 2100
f 2100 2201 2138
f 2139 2143 2100
f 2143 2139 2140
f 2233 2143 2140
f 2145 2097 2206
f 2097 2148 2206
f 2206 2148 2207
f 2097 2150 2148
f 2150 2151 2230
f 2153 2150 2230
f 2150 2153 2148
f 2153 2230 2154
f 2148 2155 2207
f 2148 2153 2155
f 2156 2153 2154
f 2153 2156 2155
f 2207 2155 2157
f 2157 2155 2156
f 2183 2207 2157
f 2156 2154 2159
f 2159 2157 2156
f 2154 2160 2159
f 2159 2160 2224
f 2157 2162 2183
f 2162 2157 2159
f 2162 2163 2183
f 2164 2159 2224
f 2164 2162 2159
f 2164 2224 2221
f 2177 2163 2162
f 2167 2164 2221
f 2162 2164 2168
f 2168 2177 2162
f 2164 2167 2168
f 2167 2221 2169
f 2168 2170 2177
f 2170 2168 2167
f 2170 2171 2177
f 2172 2167 2169
f 2172 2170 2167
f 2169 2215 2174
f 2172 2169 2174
f 2174 2110 2172
f 2110 2170 2172
f 2171 2170 2110
f 2181 2171 2110
f 2177 2171 2179
f 2163 2177 2179
f 2171 2181 2179
f 2182 2163 2179
f 2163 2182 2183
f 2181 2184 2179
f 2181 2185 2184
f 2184 2186 2179
f 2186 2182 2179
f 2185 2187 2184
f 2186 2184 2187
f 2187 2185 2188
f 2185 2189 2188
f 2188 2189 2190
f 2191 2186 2187
f 2187 2188 2191
f 2192 2188 2190
f 2188 2192 2191
f 2193 2192 2190
f 2193 2131 2192
f 2191 2192 2195
f 2131 2195 2192
f 2186 2191 2196
f 2186 2196 2182
f 2197 2191 2195
f 2191 2197 2196
f 2195 2131 2198
f 2195 2198 2197
f 2131 2133 2198
f 2198 2133 2138
f 2138 2201 2198
f 2201 2202 2198
f 2198 2202 2197
f 2201 2145 2202
f 2197 2202 2204
f 2145 2204 2202
f 2196 2197 2204
f 2204 2145 2205
f 2204 2205 2196
f 2145 2206 2205
f 2207 2205 2206
f 2207 2183 2205
f 2205 2208 2196
f 2183 2208 2205
f 2196 2208 2182
f 2182 2208 2183
f 2209 2210 2211
f 2211 2119 2209
f 2128 2210 2209
f 2119 2214 2209
f 2119 2215 2214
f 2216 2128 2209
f 2215 2217 2214
f 2209 2214 2218
f 2218 2214 2217
f 2216 2209 2218
f 2217 2215 2219
f 2215 2169 2219
f 2219 2169 2221
f 2217 2219 2222
f 2222 2218 2217
f 2223 2219 2221
f 2219 2223 2222
f 2224 2223 2221
f 2224 2160 2223
f 2160 2226 2223
f 2222 2223 2226
f 2226 2160 2154
f 2228 2222 2226
f 2218 2222 2228
f 2229 2226 2154
f 2226 2229 2228
f 2229 2154 2230
f 2230 2151 2229
f 2151 2232 2229
f 2229 2232 2228
f 2151 2233 2232
f 2228 2232 2234
f 2233 2234 2232
f 2235 2218 2228
f 2235 2228 2234
f 2218 2235 2216
f 2234 2233 2236
f 2235 2234 2236
f 2233 2140 2236
f 2140 2134 2236
f 2235 2239 2216
f 2239 2235 2236
f 2239 2236 2134
f 2128 2216 2239
f 2240 2239 2134
f 2240 2128 2239
