v -18.8746 499.964 18.8746
v -18.8261 499.984 18.0684
v -19.2752 499.944 18.8746
v -19.6862 499.941 18.0684
v -18.826 499.984 -18.0684
v -20 499.903 18.0684
v -19.6862 499.903 18.826
v -19.6862 499.941 -18.0684
v -18.8746 499.964 -18.8746
v -19.2752 499.944 -18.8746
v -20 499.903 -18.0684
v -19.6862 499.903 -18.8261
v -20 498.097 18.0684
v -19.6862 498.097 18.826
v -19.2752 498.056 18.8746
v -20 498.097 -18.0684
v -19.6862 498.097 -18.8261
v -19.2752 498.056 -18.8746
v -19.6862 498.059 18.0684
v -18.8746 498.036 18.8746
v -19.6862 498.059 -18.0684
v -18.8261 498.016 18.0684
v -18.826 498.016 -18.0684
v -18.8746 498.036 -18.8746
v -18.0684 498 18.0684
v -18.0684 498.016 18.826
v -18.0684 498 -18.0684
v -18.0684 498.016 -18.8261
v 18.0684 498.016 -18.826
v 18.0684 498 18.0684
v 18.0684 498.016 18.826
v 18.8746 498.036 18.8746
v 18.8261 498.016 18.0684
v 18.0684 498 -18.0684
v 18.8746 498.036 -18.8746
v 18.8261 498.016 -18.0684
v 18.8261 498.016 -18.0684
v 18.8746 498.036 -18.8746
v 19.2752 498.056 -18.8746
v 19.6862 498.059 -18.0684
v 19.6862 498.059 18.0684
v 18.8261 498.016 18.0684
v 18.8746 498.036 18.8746
v 19.2752 498.056 18.8746
v 20 498.097 -18.0684
v 19.6862 498.097 -18.826
v 20 498.097 18.0684
v 19.6862 498.097 18.826
v 19.6862 499.903 18.826
v 20 499.903 18.0684
v 19.2752 499.944 18.8746
v 20 499.903 -18.0684
v 19.6862 499.903 -18.826
v 19.2753 499.944 -18.8746
v 19.6862 499.941 18.0684
v 19.6862 499.941 -18.0684
v 18.826 499.984 18.0684
v 18.8746 499.964 18.8746
v 18.8261 499.984 -18.0684
v 18.8746 499.964 -18.8746
v 18.0684 500 18.0684
v 18.0684 499.984 18.826
v 18.0684 500 -18.0684
v 18.0684 499.984 -18.826
v -18.0684 499.984 -18.8261
v -18.0684 500 -18.0684
v -18.8746 499.964 -18.8746
v -18.826 499.984 -18.0684
v -18.0684 500 18.0684
v -18.8261 499.984 18.0684
v -18.0684 499.984 18.826
v -18.8746 499.964 18.8746
v -18.8746 499.964 18.8746
v -19.2752 499.944 18.8746
v -18.8746 499.944 19.2752
v -19.6862 499.903 18.826
v -18.0684 499.984 18.826
v -18.8261 499.903 19.6861
v -19.6862 498.097 18.826
v -18.0684 499.941 19.6861
v -18.8261 498.097 19.6861
v -18.0684 499.903 20
v -18.8746 498.056 19.2752
v -19.2752 498.056 18.8746
v -18.8746 498.036 18.8746
v -18.0684 498.016 18.826
v -18.0684 498.097 20
v -18.0684 498.059 19.6861
v 18.0684 498.016 18.826
v 18.0684 498.059 19.6862
v 18.0684 498.097 20
v 18.8746 498.056 19.2752
v 18.8746 498.036 18.8746
v 19.2752 498.056 18.8746
v 18.8261 498.097 19.6862
v 19.6862 498.097 18.826
v 19.6862 499.903 18.826
v 18.826 499.903 19.6862
v 18.0684 499.903 20
v 18.8746 499.944 19.2752
v 19.2752 499.944 18.8746
v 18.8746 499.964 18.8746
v 18.0684 499.984 18.826
v 18.0684 499.941 19.6862
v 18.8746 498.056 -19.2752
v 19.2752 498.056 -18.8746
v 18.8746 498.036 -18.8746
v 18.0684 498.016 -18.826
v 19.6862 498.097 -18.826
v 18.0684 498.059 -19.6862
v -18.0684 498.016 -18.8261
v 18.8261 498.097 -19.6862
v -18.0684 498.059 -19.6862
v 18.0684 498.097 -20
v 18.8261 499.903 -19.6862
v 19.6862 499.903 -18.826
v 19.2753 499.944 -18.8746
v -18.0684 498.097 -20
v 18.0684 499.903 -20
v 18.8746 499.944 -19.2752
v 18.8746 499.964 -18.8746
v 18.0684 499.984 -18.826
v 18.0684 499.941 -19.6862
v -18.0684 499.984 -18.8261
v -18.0684 499.903 -20
v -18.0684 499.941 -19.6862
v -18.8746 499.944 -19.2752
v -18.8746 499.964 -18.8746
v -19.2752 499.944 -18.8746
v -18.826 499.903 -19.6862
v -19.6862 499.903 -18.8261
v -18.826 498.097 -19.6862
v -19.6862 498.097 -18.8261
v -19.2752 498.056 -18.8746
v -18.8746 498.056 -19.2752
v -18.8746 498.036 -18.8746
v -18.8746 505.102 20.4719
v -18.8261 505.155 20.4517
v -19.2752 505.05 20.4719
v -19.6862 505.043 20.4517
v -18.826 505.155 19.5483
v -20 504.945 20.4517
v -19.6862 504.945 20.4707
v -19.6862 505.043 19.5483
v -18.8746 505.102 19.5281
v -19.2752 505.05 19.5281
v -20 504.945 19.5483
v -19.6862 504.945 19.5293
v -20 500.251 20.4517
v -19.6862 500.251 20.4707
v -19.2752 500.146 20.4719
v -20 500.251 19.5483
v -19.6862 500.251 19.5293
v -19.2752 500.146 19.5281
v -19.6862 500.152 20.4517
v -18.8746 500.094 20.4719
v -19.6862 500.152 19.5483
v -18.8261 500.041 20.4517
v -18.826 500.041 19.5483
v -18.8746 500.094 19.5281
v -18.0684 500 20.4517
v -18.0684 500.041 20.4707
v -18.0684 500 19.5483
v -18.0684 500.041 19.5293
v 18.0684 500.041 19.5293
v 18.0684 500 20.4517
v 18.0684 500.041 20.4707
v 18.8746 500.094 20.4719
v 18.8261 500.041 20.4517
v 18.0684 500 19.5483
v 18.8746 500.094 19.5281
v 18.8261 500.041 19.5483
v 18.8261 500.041 19.5483
v 18.8746 500.094 19.5281
v 19.2752 500.146 19.5281
v 19.6862 500.152 19.5483
v 19.6862 500.152 20.4517
v 18.8261 500.041 20.4517
v 18.8746 500.094 20.4719
v 19.2752 500.146 20.4719
v 20 500.251 19.5483
v 19.6862 500.251 19.5293
v 20 500.251 20.4517
v 19.6862 500.251 20.4707
v 19.6862 504.945 20.4707
v 20 504.945 20.4517
v 19.2752 505.05 20.4719
v 20 504.945 19.5483
v 19.6862 504.945 19.5293
v 19.2753 505.05 19.5281
v 19.6862 505.043 20.4517
v 19.6862 505.043 19.5483
v 18.826 505.155 20.4517
v 18.8746 505.102 20.4719
v 18.8261 505.155 19.5483
v 18.8746 505.102 19.5281
v 18.0684 505.196 20.4517
v 18.0684 505.155 20.4707
v 18.0684 505.196 19.5483
v 18.0684 505.155 19.5293
v -18.0684 505.155 19.5293
v -18.0684 505.196 19.5483
v -18.8746 505.102 19.5281
v -18.826 505.155 19.5483
v -18.0684 505.196 20.4517
v -18.8261 505.155 20.4517
v -18.0684 505.155 20.4707
v -18.8746 505.102 20.4719
v -18.8746 505.102 20.4719
v -19.2752 505.05 20.4719
v -18.8746 505.05 20.4819
v -19.6862 504.945 20.4707
v -18.0684 505.155 20.4707
v -18.8261 504.945 20.4922
v -19.6862 500.251 20.4707
v -18.0684 505.043 20.4922
v -18.8261 500.251 20.4922
v -18.0684 504.945 20.5
v -18.8746 500.146 20.4819
v -19.2752 500.146 20.4719
v -18.8746 500.094 20.4719
v -18.0684 500.041 20.4707
v -18.0684 500.251 20.5
v -18.0684 500.152 20.4922
v 18.0684 500.041 20.4707
v 18.0684 500.152 20.4922
v 18.0684 500.251 20.5
v 18.8746 500.146 20.4819
v 18.8746 500.094 20.4719
v 19.2752 500.146 20.4719
v 18.8261 500.251 20.4922
v 19.6862 500.251 20.4707
v 19.6862 504.945 20.4707
v 18.826 504.945 20.4922
v 18.0684 504.945 20.5
v 18.8746 505.05 20.4819
v 19.2752 505.05 20.4719
v 18.8746 505.102 20.4719
v 18.0684 505.155 20.4707
v 18.0684 505.043 20.4922
v 18.8746 500.146 19.5181
v 19.2752 500.146 19.5281
v 18.8746 500.094 19.5281
v 18.0684 500.041 19.5293
v 19.6862 500.251 19.5293
v 18.0684 500.152 19.5078
v -18.0684 500.041 19.5293
v 18.8261 500.251 19.5078
v -18.0684 500.152 19.5078
v 18.0684 500.251 19.5
v 18.8261 504.945 19.5078
v 19.6862 504.945 19.5293
v 19.2753 505.05 19.5281
v -18.0684 500.251 19.5
v 18.0684 504.945 19.5
v 18.8746 505.05 19.5181
v 18.8746 505.102 19.5281
v 18.0684 505.155 19.5293
v 18.0684 505.043 19.5078
v -18.0684 505.155 19.5293
v -18.0684 504.945 19.5
v -18.0684 505.043 19.5078
v -18.8746 505.05 19.5181
v -18.8746 505.102 19.5281
v -19.2752 505.05 19.5281
v -18.826 504.945 19.5078
v -19.6862 504.945 19.5293
v -18.826 500.251 19.5078
v -19.6862 500.251 19.5293
v -19.2752 500.146 19.5281
v -18.8746 500.146 19.5181
v -18.8746 500.094 19.5281
v -18.8746 505.102 -19.5281
v -18.8261 505.155 -19.5483
v -19.2752 505.05 -19.5281
v -19.6862 505.043 -19.5483
v -18.826 505.155 -20.4517
v -20 504.945 -19.5483
v -19.6862 504.945 -19.5293
v -19.6862 505.043 -20.4517
v -18.8746 505.102 -20.4719
v -19.2752 505.05 -20.4719
v -20 504.945 -20.4517
v -19.6862 504.945 -20.4707
v -20 500.251 -19.5483
v -19.6862 500.251 -19.5293
v -19.2752 500.146 -19.5281
v -20 500.251 -20.4517
v -19.6862 500.251 -20.4707
v -19.2752 500.146 -20.4719
v -19.6862 500.152 -19.5483
v -18.8746 500.094 -19.5281
v -19.6862 500.152 -20.4517
v -18.8261 500.041 -19.5483
v -18.826 500.041 -20.4517
v -18.8746 500.094 -20.4719
v -18.0684 500 -19.5483
v -18.0684 500.041 -19.5293
v -18.0684 500 -20.4517
v -18.0684 500.041 -20.4707
v 18.0684 500.041 -20.4707
v 18.0684 500 -19.5483
v 18.0684 500.041 -19.5293
v 18.8746 500.094 -19.5281
v 18.8261 500.041 -19.5483
v 18.0684 500 -20.4517
v 18.8746 500.094 -20.4719
v 18.8261 500.041 -20.4517
v 18.8261 500.041 -20.4517
v 18.8746 500.094 -20.4719
v 19.2752 500.146 -20.4719
v 19.6862 500.152 -20.4517
v 19.6862 500.152 -19.5483
v 18.8261 500.041 -19.5483
v 18.8746 500.094 -19.5281
v 19.2752 500.146 -19.5281
v 20 500.251 -20.4517
v 19.6862 500.251 -20.4707
v 20 500.251 -19.5483
v 19.6862 500.251 -19.5293
v 19.6862 504.945 -19.5293
v 20 504.945 -19.5483
v 19.2752 505.05 -19.5281
v 20 504.945 -20.4517
v 19.6862 504.945 -20.4707
v 19.2753 505.05 -20.4719
v 19.6862 505.043 -19.5483
v 19.6862 505.043 -20.4517
v 18.826 505.155 -19.5483
v 18.8746 505.102 -19.5281
v 18.8261 505.155 -20.4517
v 18.8746 505.102 -20.4719
v 18.0684 505.196 -19.5483
v 18.0684 505.155 -19.5293
v 18.0684 505.196 -20.4517
v 18.0684 505.155 -20.4707
v -18.0684 505.155 -20.4707
v -18.0684 505.196 -20.4517
v -18.8746 505.102 -20.4719
v -18.826 505.155 -20.4517
v -18.0684 505.196 -19.5483
v -18.8261 505.155 -19.5483
v -18.0684 505.155 -19.5293
v -18.8746 505.102 -19.5281
v -18.8746 505.102 -19.5281
v -19.2752 505.05 -19.5281
v -18.8746 505.05 -19.5181
v -19.6862 504.945 -19.5293
v -18.0684 505.155 -19.5293
v -18.8261 504.945 -19.5078
v -19.6862 500.251 -19.5293
v -18.0684 505.043 -19.5078
v -18.8261 500.251 -19.5078
v -18.0684 504.945 -19.5
v -18.8746 500.146 -19.5181
v -19.2752 500.146 -19.5281
v -18.8746 500.094 -19.5281
v -18.0684 500.041 -19.5293
v -18.0684 500.251 -19.5
v -18.0684 500.152 -19.5078
v 18.0684 500.041 -19.5293
v 18.0684 500.152 -19.5078
v 18.0684 500.251 -19.5
v 18.8746 500.146 -19.5181
v 18.8746 500.094 -19.5281
v 19.2752 500.146 -19.5281
v 18.8261 500.251 -19.5078
v 19.6862 500.251 -19.5293
v 19.6862 504.945 -19.5293
v 18.826 504.945 -19.5078
v 18.0684 504.945 -19.5
v 18.8746 505.05 -19.5181
v 19.2752 505.05 -19.5281
v 18.8746 505.102 -19.5281
v 18.0684 505.155 -19.5293
v 18.0684 505.043 -19.5078
v 18.8746 500.146 -20.4819
v 19.2752 500.146 -20.4719
v 18.8746 500.094 -20.4719
v 18.0684 500.041 -20.4707
v 19.6862 500.251 -20.4707
v 18.0684 500.152 -20.4922
v -18.0684 500.041 -20.4707
v 18.8261 500.251 -20.4922
v -18.0684 500.152 -20.4922
v 18.0684 500.251 -20.5
v 18.8261 504.945 -20.4922
v 19.6862 504.945 -20.4707
v 19.2753 505.05 -20.4719
v -18.0684 500.251 -20.5
v 18.0684 504.945 -20.5
v 18.8746 505.05 -20.4819
v 18.8746 505.102 -20.4719
v 18.0684 505.155 -20.4707
v 18.0684 505.043 -20.4922
v -18.0684 505.155 -20.4707
v -18.0684 504.945 -20.5
v -18.0684 505.043 -20.4922
v -18.8746 505.05 -20.4819
v -18.8746 505.102 -20.4719
v -19.2752 505.05 -20.4719
v -18.826 504.945 -20.4922
v -19.6862 504.945 -20.4707
v -18.826 500.251 -20.4922
v -19.6862 500.251 -20.4707
v -19.2752 500.146 -20.4719
v -18.8746 500.146 -20.4819
v -18.8746 500.094 -20.4719
v 19.5281 505.102 18.8746
v 19.5293 505.155 18.0684
v 19.5181 505.05 18.8746
v 19.5078 505.043 18.0684
v 19.5293 505.155 -18.0684
v 19.5 504.945 18.0684
v 19.5078 504.945 18.826
v 19.5078 505.043 -18.0684
v 19.5281 505.102 -18.8746
v 19.5181 505.05 -18.8746
v 19.5 504.945 -18.0684
v 19.5078 504.945 -18.8261
v 19.5 500.251 18.0684
v 19.5078 500.251 18.826
v 19.5181 500.146 18.8746
v 19.5 500.251 -18.0684
v 19.5078 500.251 -18.8261
v 19.5181 500.146 -18.8746
v 19.5078 500.152 18.0684
v 19.5281 500.094 18.8746
v 19.5078 500.152 -18.0684
v 19.5293 500.041 18.0684
v 19.5293 500.041 -18.0684
v 19.5281 500.094 -18.8746
v 19.5483 500 18.0684
v 19.5483 500.041 18.826
v 19.5483 500 -18.0684
v 19.5483 500.041 -18.8261
v 20.4517 500.041 -18.826
v 20.4517 500 18.0684
v 20.4517 500.041 18.826
v 20.4719 500.094 18.8746
v 20.4707 500.041 18.0684
v 20.4517 500 -18.0684
v 20.4719 500.094 -18.8746
v 20.4707 500.041 -18.0684
v 20.4707 500.041 -18.0684
v 20.4719 500.094 -18.8746
v 20.4819 500.146 -18.8746
v 20.4922 500.152 -18.0684
v 20.4922 500.152 18.0684
v 20.4707 500.041 18.0684
v 20.4719 500.094 18.8746
v 20.4819 500.146 18.8746
v 20.5 500.251 -18.0684
v 20.4922 500.251 -18.826
v 20.5 500.251 18.0684
v 20.4922 500.251 18.826
v 20.4922 504.945 18.826
v 20.5 504.945 18.0684
v 20.4819 505.05 18.8746
v 20.5 504.945 -18.0684
v 20.4922 504.945 -18.826
v 20.4819 505.05 -18.8746
v 20.4922 505.043 18.0684
v 20.4922 505.043 -18.0684
v 20.4707 505.155 18.0684
v 20.4719 505.102 18.8746
v 20.4707 505.155 -18.0684
v 20.4719 505.102 -18.8746
v 20.4517 505.196 18.0684
v 20.4517 505.155 18.826
v 20.4517 505.196 -18.0684
v 20.4517 505.155 -18.826
v 19.5483 505.155 -18.8261
v 19.5483 505.196 -18.0684
v 19.5281 505.102 -18.8746
v 19.5293 505.155 -18.0684
v 19.5483 505.196 18.0684
v 19.5293 505.155 18.0684
v 19.5483 505.155 18.826
v 19.5281 505.102 18.8746
v 19.5281 505.102 18.8746
v 19.5181 505.05 18.8746
v 19.5281 505.05 19.2752
v 19.5078 504.945 18.826
v 19.5483 505.155 18.826
v 19.5293 504.945 19.6861
v 19.5078 500.251 18.826
v 19.5483 505.043 19.6861
v 19.5293 500.251 19.6861
v 19.5483 504.945 20
v 19.5281 500.146 19.2752
v 19.5181 500.146 18.8746
v 19.5281 500.094 18.8746
v 19.5483 500.041 18.826
v 19.5483 500.251 20
v 19.5483 500.152 19.6861
v 20.4517 500.041 18.826
v 20.4517 500.152 19.6862
v 20.4517 500.251 20
v 20.4719 500.146 19.2752
v 20.4719 500.094 18.8746
v 20.4819 500.146 18.8746
v 20.4707 500.251 19.6862
v 20.4922 500.251 18.826
v 20.4922 504.945 18.826
v 20.4707 504.945 19.6862
v 20.4517 504.945 20
v 20.4719 505.05 19.2752
v 20.4819 505.05 18.8746
v 20.4719 505.102 18.8746
v 20.4517 505.155 18.826
v 20.4517 505.043 19.6862
v 20.4719 500.146 -19.2752
v 20.4819 500.146 -18.8746
v 20.4719 500.094 -18.8746
v 20.4517 500.041 -18.826
v 20.4922 500.251 -18.826
v 20.4517 500.152 -19.6862
v 19.5483 500.041 -18.8261
v 20.4707 500.251 -19.6862
v 19.5483 500.152 -19.6862
v 20.4517 500.251 -20
v 20.4707 504.945 -19.6862
v 20.4922 504.945 -18.826
v 20.4819 505.05 -18.8746
v 19.5483 500.251 -20
v 20.4517 504.945 -20
v 20.4719 505.05 -19.2752
v 20.4719 505.102 -18.8746
v 20.4517 505.155 -18.826
v 20.4517 505.043 -19.6862
v 19.5483 505.155 -18.8261
v 19.5483 504.945 -20
v 19.5483 505.043 -19.6862
v 19.5281 505.05 -19.2752
v 19.5281 505.102 -18.8746
v 19.5181 505.05 -18.8746
v 19.5293 504.945 -19.6862
v 19.5078 504.945 -18.8261
v 19.5293 500.251 -19.6862
v 19.5078 500.251 -18.8261
v 19.5181 500.146 -18.8746
v 19.5281 500.146 -19.2752
v 19.5281 500.094 -18.8746
v -20.4719 505.102 18.8746
v -20.4707 505.155 18.0684
v -20.4819 505.05 18.8746
v -20.4922 505.043 18.0684
v -20.4707 505.155 -18.0684
v -20.5 504.945 18.0684
v -20.4922 504.945 18.826
v -20.4922 505.043 -18.0684
v -20.4719 505.102 -18.8746
v -20.4819 505.05 -18.8746
v -20.5 504.945 -18.0684
v -20.4922 504.945 -18.8261
v -20.5 500.251 18.0684
v -20.4922 500.251 18.826
v -20.4819 500.146 18.8746
v -20.5 500.251 -18.0684
v -20.4922 500.251 -18.8261
v -20.4819 500.146 -18.8746
v -20.4922 500.152 18.0684
v -20.4719 500.094 18.8746
v -20.4922 500.152 -18.0684
v -20.4707 500.041 18.0684
v -20.4707 500.041 -18.0684
v -20.4719 500.094 -18.8746
v -20.4517 500 18.0684
v -20.4517 500.041 18.826
v -20.4517 500 -18.0684
v -20.4517 500.041 -18.8261
v -19.5483 500.041 -18.826
v -19.5483 500 18.0684
v -19.5483 500.041 18.826
v -19.5281 500.094 18.8746
v -19.5293 500.041 18.0684
v -19.5483 500 -18.0684
v -19.5281 500.094 -18.8746
v -19.5293 500.041 -18.0684
v -19.5293 500.041 -18.0684
v -19.5281 500.094 -18.8746
v -19.5181 500.146 -18.8746
v -19.5078 500.152 -18.0684
v -19.5078 500.152 18.0684
v -19.5293 500.041 18.0684
v -19.5281 500.094 18.8746
v -19.5181 500.146 18.8746
v -19.5 500.251 -18.0684
v -19.5078 500.251 -18.826
v -19.5 500.251 18.0684
v -19.5078 500.251 18.826
v -19.5078 504.945 18.826
v -19.5 504.945 18.0684
v -19.5181 505.05 18.8746
v -19.5 504.945 -18.0684
v -19.5078 504.945 -18.826
v -19.5181 505.05 -18.8746
v -19.5078 505.043 18.0684
v -19.5078 505.043 -18.0684
v -19.5293 505.155 18.0684
v -19.5281 505.102 18.8746
v -19.5293 505.155 -18.0684
v -19.5281 505.102 -18.8746
v -19.5483 505.196 18.0684
v -19.5483 505.155 18.826
v -19.5483 505.196 -18.0684
v -19.5483 505.155 -18.826
v -20.4517 505.155 -18.8261
v -20.4517 505.196 -18.0684
v -20.4719 505.102 -18.8746
v -20.4707 505.155 -18.0684
v -20.4517 505.196 18.0684
v -20.4707 505.155 18.0684
v -20.4517 505.155 18.826
v -20.4719 505.102 18.8746
v -20.4719 505.102 18.8746
v -20.4819 505.05 18.8746
v -20.4719 505.05 19.2752
v -20.4922 504.945 18.826
v -20.4517 505.155 18.826
v -20.4707 504.945 19.6861
v -20.4922 500.251 18.826
v -20.4517 505.043 19.6861
v -20.4707 500.251 19.6861
v -20.4517 504.945 20
v -20.4719 500.146 19.2752
v -20.4819 500.146 18.8746
v -20.4719 500.094 18.8746
v -20.4517 500.041 18.826
v -20.4517 500.251 20
v -20.4517 500.152 19.6861
v -19.5483 500.041 18.826
v -19.5483 500.152 19.6862
v -19.5483 500.251 20
v -19.5281 500.146 19.2752
v -19.5281 500.094 18.8746
v -19.5181 500.146 18.8746
v -19.5293 500.251 19.6862
v -19.5078 500.251 18.826
v -19.5078 504.945 18.826
v -19.5293 504.945 19.6862
v -19.5483 504.945 20
v -19.5281 505.05 19.2752
v -19.5181 505.05 18.8746
v -19.5281 505.102 18.8746
v -19.5483 505.155 18.826
v -19.5483 505.043 19.6862
v -19.5281 500.146 -19.2752
v -19.5181 500.146 -18.8746
v -19.5281 500.094 -18.8746
v -19.5483 500.041 -18.826
v -19.5078 500.251 -18.826
v -19.5483 500.152 -19.6862
v -20.4517 500.041 -18.8261
v -19.5293 500.251 -19.6862
v -20.4517 500.152 -19.6862
v -19.5483 500.251 -20
v -19.5293 504.945 -19.6862
v -19.5078 504.945 -18.826
v -19.5181 505.05 -18.8746
v -20.4517 500.251 -20
v -19.5483 504.945 -20
v -19.5281 505.05 -19.2752
v -19.5281 505.102 -18.8746
v -19.5483 505.155 -18.826
v -19.5483 505.043 -19.6862
v -20.4517 505.155 -18.8261
v -20.4517 504.945 -20
v -20.4517 505.043 -19.6862
v -20.4719 505.05 -19.2752
v -20.4719 505.102 -18.8746
v -20.4819 505.05 -18.8746
v -20.4707 504.945 -19.6862
v -20.4922 504.945 -18.8261
v -20.4707 500.251 -19.6862
v -20.4922 500.251 -18.8261
v -20.4819 500.146 -18.8746
v -20.4719 500.146 -19.2752
v -20.4719 500.094 -18.8746
v -19.5417 502.411 0.566238
v -19.522 502.436 0.542052
v -19.7049 502.386 0.566238
v -19.8722 502.383 0.542052
v -19.522 502.436 -0.542052
v -20 502.337 0.542052
v -19.8722 502.337 0.564781
v -19.8722 502.383 -0.542052
v -19.5417 502.411 -0.566238
v -19.7049 502.386 -0.566238
v -20 502.337 -0.542052
v -19.8722 502.337 -0.564782
v -20 500.119 0.542052
v -19.8722 500.119 0.564781
v -19.7049 500.069 0.566238
v -20 500.119 -0.542052
v -19.8722 500.119 -0.564782
v -19.7049 500.069 -0.566238
v -19.8722 500.072 0.542052
v -19.5417 500.044 0.566238
v -19.8722 500.072 -0.542052
v -19.522 500.019 0.542052
v -19.522 500.019 -0.542052
v -19.5417 500.044 -0.566238
v -19.2134 500 0.542052
v -19.2134 500.019 0.564781
v -19.2134 500 -0.542052
v -19.2134 500.019 -0.564782
v -4.49817 500.019 -0.564781
v -4.49817 500 0.542052
v -4.49817 500.019 0.564782
v -4.16987 500.044 0.566238
v -4.18964 500.019 0.542052
v -4.49817 500 -0.542052
v -4.16987 500.044 -0.566238
v -4.18964 500.019 -0.542052
v -4.18964 500.019 -0.542052
v -4.16987 500.044 -0.566238
v -4.00673 500.069 -0.566238
v -3.83939 500.072 -0.542052
v -3.83939 500.072 0.542052
v -4.18964 500.019 0.542052
v -4.16987 500.044 0.566238
v -4.00673 500.069 0.566238
v -3.7116 500.119 -0.542052
v -3.83939 500.119 -0.564781
v -3.7116 500.119 0.542052
v -3.83939 500.119 0.564782
v -3.8394 502.337 0.564782
v -3.71161 502.337 0.542052
v -4.00673 502.386 0.566238
v -3.7116 502.337 -0.542052
v -3.83939 502.337 -0.564781
v -4.00672 502.386 -0.566238
v -3.8394 502.383 0.542052
v -3.83939 502.383 -0.542052
v -4.18965 502.436 0.542052
v -4.16988 502.411 0.566238
v -4.18964 502.436 -0.542052
v -4.16987 502.411 -0.566238
v -4.49817 502.455 0.542052
v -4.49817 502.436 0.564782
v -4.49817 502.455 -0.542052
v -4.49817 502.436 -0.564781
v -19.2134 502.436 -0.564782
v -19.2134 502.455 -0.542052
v -19.5417 502.411 -0.566238
v -19.522 502.436 -0.542052
v -19.2134 502.455 0.542052
v -19.522 502.436 0.542052
v -19.2134 502.436 0.564781
v -19.5417 502.411 0.566238
v -19.5417 502.411 0.566238
v -19.7049 502.386 0.566238
v -19.5417 502.386 0.578257
v -19.8722 502.337 0.564781
v -19.2134 502.436 0.564781
v -19.522 502.337 0.590585
v -19.8722 500.119 0.564781
v -19.2134 502.383 0.590585
v -19.522 500.119 0.590585
v -19.2134 502.337 0.6
v -19.5417 500.069 0.578257
v -19.7049 500.069 0.566238
v -19.5417 500.044 0.566238
v -19.2134 500.019 0.564781
v -19.2134 500.119 0.6
v -19.2134 500.072 0.590585
v -4.49817 500.019 0.564782
v -4.49817 500.072 0.590585
v -4.49817 500.119 0.6
v -4.16987 500.069 0.578257
v -4.16987 500.044 0.566238
v -4.00673 500.069 0.566238
v -4.18964 500.119 0.590585
v -3.83939 500.119 0.564782
v -3.8394 502.337 0.564782
v -4.18965 502.337 0.590585
v -4.49817 502.337 0.6
v -4.16988 502.386 0.578258
v -4.00673 502.386 0.566238
v -4.16988 502.411 0.566238
v -4.49817 502.436 0.564782
v -4.49817 502.383 0.590585
v -4.16987 500.069 -0.578258
v -4.00673 500.069 -0.566238
v -4.16987 500.044 -0.566238
v -4.49817 500.019 -0.564781
v -3.83939 500.119 -0.564781
v -4.49817 500.072 -0.590585
v -19.2134 500.019 -0.564782
v -4.18964 500.119 -0.590585
v -19.2134 500.072 -0.590586
v -4.49817 500.119 -0.6
v -4.18964 502.337 -0.590585
v -3.83939 502.337 -0.564781
v -4.00672 502.386 -0.566238
v -19.2134 500.119 -0.6
v -4.49816 502.337 -0.6
v -4.16987 502.386 -0.578258
v -4.16987 502.411 -0.566238
v -4.49817 502.436 -0.564781
v -4.49816 502.383 -0.590585
v -19.2134 502.436 -0.564782
v -19.2134 502.337 -0.6
v -19.2134 502.383 -0.590586
v -19.5417 502.386 -0.578258
v -19.5417 502.411 -0.566238
v -19.7049 502.386 -0.566238
v -19.522 502.337 -0.590586
v -19.8722 502.337 -0.564782
v -19.522 500.119 -0.590586
v -19.8722 500.119 -0.564782
v -19.7049 500.069 -0.566238
v -19.5417 500.069 -0.578258
v -19.5417 500.044 -0.566238
v 4.16987 502.411 0.566238
v 4.18964 502.436 0.542052
v 4.00673 502.386 0.566238
v 3.83939 502.383 0.542052
v 4.18965 502.436 -0.542052
v 3.7116 502.337 0.542052
v 3.83939 502.337 0.564781
v 3.8394 502.383 -0.542052
v 4.16987 502.411 -0.566238
v 4.00673 502.386 -0.566238
v 3.7116 502.337 -0.542052
v 3.8394 502.337 -0.564782
v 3.7116 500.119 0.542052
v 3.83939 500.119 0.564781
v 4.00673 500.069 0.566238
v 3.7116 500.119 -0.542052
v 3.8394 500.119 -0.564782
v 4.00673 500.069 -0.566238
v 3.83939 500.072 0.542052
v 4.16987 500.044 0.566238
v 3.8394 500.072 -0.542052
v 4.18964 500.019 0.542052
v 4.18965 500.019 -0.542052
v 4.16987 500.044 -0.566238
v 4.49817 500 0.542052
v 4.49817 500.019 0.564781
v 4.49817 500 -0.542052
v 4.49817 500.019 -0.564782
v 19.2134 500.019 -0.564781
v 19.2134 500 0.542052
v 19.2134 500.019 0.564782
v 19.5417 500.044 0.566238
v 19.522 500.019 0.542052
v 19.2134 500 -0.542052
v 19.5417 500.044 -0.566238
v 19.522 500.019 -0.542052
v 19.522 500.019 -0.542052
v 19.5417 500.044 -0.566238
v 19.7049 500.069 -0.566238
v 19.8722 500.072 -0.542052
v 19.8722 500.072 0.542052
v 19.522 500.019 0.542052
v 19.5417 500.044 0.566238
v 19.7049 500.069 0.566238
v 20 500.119 -0.542052
v 19.8722 500.119 -0.564781
v 20 500.119 0.542052
v 19.8722 500.119 0.564782
v 19.8722 502.337 0.564782
v 20 502.337 0.542052
v 19.7049 502.386 0.566238
v 20 502.337 -0.542052
v 19.8722 502.337 -0.564781
v 19.7049 502.386 -0.566238
v 19.8722 502.383 0.542052
v 19.8722 502.383 -0.542052
v 19.522 502.436 0.542052
v 19.5417 502.411 0.566238
v 19.522 502.436 -0.542052
v 19.5417 502.411 -0.566238
v 19.2134 502.455 0.542052
v 19.2134 502.436 0.564782
v 19.2134 502.455 -0.542052
v 19.2134 502.436 -0.564781
v 4.49817 502.436 -0.564782
v 4.49817 502.455 -0.542052
v 4.16987 502.411 -0.566238
v 4.18965 502.436 -0.542052
v 4.49817 502.455 0.542052
v 4.18964 502.436 0.542052
v 4.49817 502.436 0.564781
v 4.16987 502.411 0.566238
v 4.16987 502.411 0.566238
v 4.00673 502.386 0.566238
v 4.16987 502.386 0.578257
v 3.83939 502.337 0.564781
v 4.49817 502.436 0.564781
v 4.18964 502.337 0.590585
v 3.83939 500.119 0.564781
v 4.49817 502.383 0.590585
v 4.18964 500.119 0.590585
v 4.49817 502.337 0.6
v 4.16987 500.069 0.578257
v 4.00673 500.069 0.566238
v 4.16987 500.044 0.566238
v 4.49817 500.019 0.564781
v 4.49817 500.119 0.6
v 4.49817 500.072 0.590585
v 19.2134 500.019 0.564782
v 19.2134 500.072 0.590585
v 19.2134 500.119 0.6
v 19.5417 500.069 0.578257
v 19.5417 500.044 0.566238
v 19.7049 500.069 0.566238
v 19.522 500.119 0.590585
v 19.8722 500.119 0.564782
v 19.8722 502.337 0.564782
v 19.522 502.337 0.590585
v 19.2134 502.337 0.6
v 19.5417 502.386 0.578258
v 19.7049 502.386 0.566238
v 19.5417 502.411 0.566238
v 19.2134 502.436 0.564782
v 19.2134 502.383 0.590585
v 19.5417 500.069 -0.578258
v 19.7049 500.069 -0.566238
v 19.5417 500.044 -0.566238
v 19.2134 500.019 -0.564781
v 19.8722 500.119 -0.564781
v 19.2134 500.072 -0.590585
v 4.49817 500.019 -0.564782
v 19.522 500.119 -0.590585
v 4.49817 500.072 -0.590586
v 19.2134 500.119 -0.6
v 19.522 502.337 -0.590585
v 19.8722 502.337 -0.564781
v 19.7049 502.386 -0.566238
v 4.49817 500.119 -0.6
v 19.2134 502.337 -0.6
v 19.5417 502.386 -0.578258
v 19.5417 502.411 -0.566238
v 19.2134 502.436 -0.564781
v 19.2134 502.383 -0.590585
v 4.49817 502.436 -0.564782
v 4.49817 502.337 -0.6
v 4.49817 502.383 -0.590586
v 4.16987 502.386 -0.578258
v 4.16987 502.411 -0.566238
v 4.00673 502.386 -0.566238
v 4.18965 502.337 -0.590586
v 3.8394 502.337 -0.564782
v 4.18965 500.119 -0.590586
v 3.8394 500.119 -0.564782
v 4.00673 500.069 -0.566238
v 4.16987 500.069 -0.578258
v 4.16987 500.044 -0.566238
v 12.725 500.001 -15.0614
v 12.7619 500.018 -15.0614
v 12.7619 500.018 -14.6332
v 12.725 500.001 -14.6332
v 12.2968 500.001 -15.0614
v 12.2968 500.001 -14.6332
v 12.2599 500.018 -14.6332
v 12.2599 500.018 -15.0614
v 12.2968 502.999 -15.0614
v 12.2599 502.982 -15.0614
v 12.2599 502.982 -14.6332
v 12.2968 502.999 -14.6332
v 12.725 502.999 -14.6332
v 12.725 502.999 -15.0614
v 12.7619 502.982 -15.0614
v 12.7619 502.982 -14.6332
v 12.7643 502.96 -14.5939
v 12.7619 502.982 -14.6332
v 12.725 502.999 -14.6332
v 12.725 502.982 -14.5963
v 12.7643 502.949 -14.5839
v 12.2968 502.999 -14.6332
v 12.2599 502.982 -14.6332
v 12.2575 502.96 -14.5939
v 12.2968 502.982 -14.5963
v 12.2575 502.949 -14.5839
v 12.725 502.946 -14.5639
v 12.2968 502.946 -14.5639
v 12.725 502.905 -14.5486
v 12.7619 502.905 -14.5639
v 12.2968 502.905 -14.5486
v 12.2599 502.905 -14.5639
v 12.2599 500.095 -14.5639
v 12.725 500.095 -14.5486
v 12.7619 500.095 -14.5639
v 12.2968 500.095 -14.5486
v 12.7643 500.051 -14.5839
v 12.2575 500.051 -14.5839
v 12.725 500.054 -14.5639
v 12.2968 500.054 -14.5639
v 12.725 500.018 -14.5963
v 12.7643 500.04 -14.5939
v 12.2968 500.018 -14.5963
v 12.2575 500.04 -14.5939
v 12.725 500.001 -14.6332
v 12.7619 500.018 -14.6332
v 12.2968 500.001 -14.6332
v 12.2599 500.018 -14.6332
v 12.7619 500.018 -15.0614
v 12.725 500.001 -15.0614
v 12.7643 500.04 -15.1007
v 12.725 500.018 -15.0983
v 12.7643 500.051 -15.1107
v 12.2968 500.001 -15.0614
v 12.2599 500.018 -15.0614
v 12.2575 500.04 -15.1007
v 12.2968 500.018 -15.0983
v 12.2575 500.051 -15.1107
v 12.725 500.054 -15.1307
v 12.2968 500.054 -15.1307
v 12.725 500.095 -15.146
v 12.7619 500.095 -15.1307
v 12.2968 500.095 -15.146
v 12.2599 500.095 -15.1307
v 12.2599 502.905 -15.1307
v 12.725 502.905 -15.146
v 12.7619 502.905 -15.1307
v 12.2968 502.905 -15.146
v 12.2575 502.949 -15.1107
v 12.7643 502.949 -15.1107
v 12.2968 502.946 -15.1307
v 12.725 502.946 -15.1307
v 12.2575 502.96 -15.1007
v 12.725 502.982 -15.0983
v 12.7643 502.96 -15.1007
v 12.2968 502.982 -15.0983
v 12.2599 502.982 -15.0614
v 12.2968 502.999 -15.0614
v 12.725 502.999 -15.0614
v 12.7619 502.982 -15.0614
v 12.7643 502.949 -15.1107
v 12.7643 502.96 -15.1007
v 12.7743 502.949 -15.1007
v 12.7619 502.905 -15.1307
v 12.7619 502.982 -15.0614
v 12.7943 502.905 -15.0983
v 12.7619 500.095 -15.1307
v 12.7943 502.946 -15.0614
v 12.7619 502.982 -14.6332
v 12.8096 502.905 -15.0614
v 12.7943 502.946 -14.6332
v 12.7743 502.949 -14.5939
v 12.7643 502.96 -14.5939
v 12.7643 502.949 -14.5839
v 12.8096 502.905 -14.6332
v 12.7943 502.905 -14.5963
v 12.7619 502.905 -14.5639
v 12.7619 500.095 -14.5639
v 12.7943 500.095 -14.5963
v 12.8096 500.095 -15.0614
v 12.8096 500.095 -14.6332
v 12.7743 500.051 -14.5939
v 12.7643 500.051 -14.5839
v 12.7643 500.04 -14.5939
v 12.7619 500.018 -14.6332
v 12.7943 500.054 -14.6332
v 12.7619 500.018 -15.0614
v 12.7943 500.054 -15.0614
v 12.7743 500.051 -15.1007
v 12.7643 500.04 -15.1007
v 12.7643 500.051 -15.1107
v 12.7943 500.095 -15.0983
v 12.2475 502.949 -14.5939
v 12.2575 502.949 -14.5839
v 12.2575 502.96 -14.5939
v 12.2599 502.982 -14.6332
v 12.2599 502.905 -14.5639
v 12.2275 502.946 -14.6332
v 12.2599 502.982 -15.0614
v 12.2275 502.905 -14.5963
v 12.2275 502.946 -15.0614
v 12.2122 502.905 -14.6332
v 12.2475 502.949 -15.1007
v 12.2575 502.96 -15.1007
v 12.2575 502.949 -15.1107
v 12.2122 502.905 -15.0614
v 12.2275 502.905 -15.0983
v 12.2599 502.905 -15.1307
v 12.2599 500.095 -15.1307
v 12.2275 500.095 -15.0983
v 12.2575 500.051 -15.1107
v 12.2122 500.095 -15.0614
v 12.2475 500.051 -15.1007
v 12.2575 500.04 -15.1007
v 12.2599 500.018 -15.0614
v 12.2275 500.054 -15.0614
v 12.2599 500.018 -14.6332
v 12.2275 500.054 -14.6332
v 12.2122 500.095 -14.6332
v 12.2475 500.051 -14.5939
v 12.2575 500.04 -14.5939
v 12.2575 500.051 -14.5839
v 12.2275 500.095 -14.5963
v 12.2599 500.095 -14.5639
v 3.21413 500.001 -8.47903
v 3.25104 500.018 -8.47903
v 3.25104 500.018 -8.05077
v 3.21413 500.001 -8.05077
v 2.78587 500.001 -8.47903
v 2.78587 500.001 -8.05077
v 2.74896 500.018 -8.05077
v 2.74896 500.018 -8.47903
v 2.78587 502.999 -8.47903
v 2.74896 502.982 -8.47903
v 2.74896 502.982 -8.05077
v 2.78587 502.999 -8.05077
v 3.21413 502.999 -8.05077
v 3.21413 502.999 -8.47903
v 3.25104 502.982 -8.47903
v 3.25104 502.982 -8.05077
v 3.2534 502.96 -8.0115
v 3.25104 502.982 -8.05077
v 3.21413 502.999 -8.05077
v 3.21413 502.982 -8.01386
v 3.2534 502.949 -8.00147
v 2.78587 502.999 -8.05077
v 2.74896 502.982 -8.05077
v 2.7466 502.96 -8.0115
v 2.78587 502.982 -8.01386
v 2.7466 502.949 -8.00147
v 3.21413 502.946 -7.98145
v 2.78587 502.946 -7.98145
v 3.21413 502.905 -7.96617
v 3.25104 502.905 -7.98145
v 2.78587 502.905 -7.96617
v 2.74896 502.905 -7.98145
v 2.74896 500.095 -7.98145
v 3.21413 500.095 -7.96617
v 3.25104 500.095 -7.98145
v 2.78587 500.095 -7.96617
v 3.2534 500.051 -8.00147
v 2.7466 500.051 -8.00147
v 3.21413 500.054 -7.98145
v 2.78587 500.054 -7.98145
v 3.21413 500.018 -8.01386
v 3.2534 500.04 -8.0115
v 2.78587 500.018 -8.01386
v 2.7466 500.04 -8.0115
v 3.21413 500.001 -8.05077
v 3.25104 500.018 -8.05077
v 2.78587 500.001 -8.05077
v 2.74896 500.018 -8.05077
v 3.25104 500.018 -8.47903
v 3.21413 500.001 -8.47903
v 3.2534 500.04 -8.5183
v 3.21413 500.018 -8.51594
v 3.2534 500.051 -8.52833
v 2.78587 500.001 -8.47903
v 2.74896 500.018 -8.47903
v 2.7466 500.04 -8.5183
v 2.78587 500.018 -8.51594
v 2.7466 500.051 -8.52833
v 3.21413 500.054 -8.54835
v 2.78587 500.054 -8.54835
v 3.21413 500.095 -8.56363
v 3.25104 500.095 -8.54835
v 2.78587 500.095 -8.56363
v 2.74896 500.095 -8.54835
v 2.74896 502.905 -8.54835
v 3.21413 502.905 -8.56363
v 3.25104 502.905 -8.54835
v 2.78587 502.905 -8.56363
v 2.7466 502.949 -8.52833
v 3.2534 502.949 -8.52833
v 2.78587 502.946 -8.54835
v 3.21413 502.946 -8.54835
v 2.7466 502.96 -8.5183
v 3.21413 502.982 -8.51594
v 3.2534 502.96 -8.5183
v 2.78587 502.982 -8.51594
v 2.74896 502.982 -8.47903
v 2.78587 502.999 -8.47903
v 3.21413 502.999 -8.47903
v 3.25104 502.982 -8.47903
v 3.2534 502.949 -8.52833
v 3.2534 502.96 -8.5183
v 3.26343 502.949 -8.5183
v 3.25104 502.905 -8.54835
v 3.25104 502.982 -8.47903
v 3.28345 502.905 -8.51594
v 3.25104 500.095 -8.54835
v 3.28345 502.946 -8.47903
v 3.25104 502.982 -8.05077
v 3.29873 502.905 -8.47903
v 3.28345 502.946 -8.05077
v 3.26343 502.949 -8.0115
v 3.2534 502.96 -8.0115
v 3.2534 502.949 -8.00147
v 3.29873 502.905 -8.05077
v 3.28345 502.905 -8.01386
v 3.25104 502.905 -7.98145
v 3.25104 500.095 -7.98145
v 3.28345 500.095 -8.01386
v 3.29873 500.095 -8.47903
v 3.29873 500.095 -8.05077
v 3.26343 500.051 -8.0115
v 3.2534 500.051 -8.00147
v 3.2534 500.04 -8.0115
v 3.25104 500.018 -8.05077
v 3.28345 500.054 -8.05077
v 3.25104 500.018 -8.47903
v 3.28345 500.054 -8.47903
v 3.26343 500.051 -8.5183
v 3.2534 500.04 -8.5183
v 3.2534 500.051 -8.52833
v 3.28345 500.095 -8.51594
v 2.73657 502.949 -8.0115
v 2.7466 502.949 -8.00147
v 2.7466 502.96 -8.0115
v 2.74896 502.982 -8.05077
v 2.74896 502.905 -7.98145
v 2.71655 502.946 -8.05077
v 2.74896 502.982 -8.47903
v 2.71655 502.905 -8.01386
v 2.71655 502.946 -8.47903
v 2.70127 502.905 -8.05077
v 2.73657 502.949 -8.5183
v 2.7466 502.96 -8.5183
v 2.7466 502.949 -8.52833
v 2.70127 502.905 -8.47903
v 2.71655 502.905 -8.51594
v 2.74896 502.905 -8.54835
v 2.74896 500.095 -8.54835
v 2.71655 500.095 -8.51594
v 2.7466 500.051 -8.52833
v 2.70127 500.095 -8.47903
v 2.73657 500.051 -8.5183
v 2.7466 500.04 -8.5183
v 2.74896 500.018 -8.47903
v 2.71655 500.054 -8.47903
v 2.74896 500.018 -8.05077
v 2.71655 500.054 -8.05077
v 2.70127 500.095 -8.05077
v 2.73657 500.051 -8.0115
v 2.7466 500.04 -8.0115
v 2.7466 500.051 -8.00147
v 2.71655 500.095 -8.01386
v 2.74896 500.095 -7.98145
v -2.69837 500.001 -13.6942
v -2.66146 500.018 -13.6942
v -2.66146 500.018 -13.266
v -2.69837 500.001 -13.266
v -3.12663 500.001 -13.6942
v -3.12663 500.001 -13.266
v -3.16354 500.018 -13.266
v -3.16354 500.018 -13.6942
v -3.12663 502.999 -13.6942
v -3.16354 502.982 -13.6942
v -3.16354 502.982 -13.266
v -3.12663 502.999 -13.266
v -2.69837 502.999 -13.266
v -2.69837 502.999 -13.6942
v -2.66146 502.982 -13.6942
v -2.66146 502.982 -13.266
v -2.6591 502.96 -13.2267
v -2.66146 502.982 -13.266
v -2.69837 502.999 -13.266
v -2.69837 502.982 -13.2291
v -2.6591 502.949 -13.2167
v -3.12663 502.999 -13.266
v -3.16354 502.982 -13.266
v -3.1659 502.96 -13.2267
v -3.12663 502.982 -13.2291
v -3.1659 502.949 -13.2167
v -2.69837 502.946 -13.1967
v -3.12663 502.946 -13.1967
v -2.69837 502.905 -13.1814
v -2.66146 502.905 -13.1967
v -3.12663 502.905 -13.1814
v -3.16354 502.905 -13.1967
v -3.16354 500.095 -13.1967
v -2.69837 500.095 -13.1814
v -2.66146 500.095 -13.1967
v -3.12663 500.095 -13.1814
v -2.6591 500.051 -13.2167
v -3.1659 500.051 -13.2167
v -2.69837 500.054 -13.1967
v -3.12663 500.054 -13.1967
v -2.69837 500.018 -13.2291
v -2.6591 500.04 -13.2267
v -3.12663 500.018 -13.2291
v -3.1659 500.04 -13.2267
v -2.69837 500.001 -13.266
v -2.66146 500.018 -13.266
v -3.12663 500.001 -13.266
v -3.16354 500.018 -13.266
v -2.66146 500.018 -13.6942
v -2.69837 500.001 -13.6942
v -2.6591 500.04 -13.7335
v -2.69837 500.018 -13.7311
v -2.6591 500.051 -13.7435
v -3.12663 500.001 -13.6942
v -3.16354 500.018 -13.6942
v -3.1659 500.04 -13.7335
v -3.12663 500.018 -13.7311
v -3.1659 500.051 -13.7435
v -2.69837 500.054 -13.7635
v -3.12663 500.054 -13.7635
v -2.69837 500.095 -13.7788
v -2.66146 500.095 -13.7635
v -3.12663 500.095 -13.7788
v -3.16354 500.095 -13.7635
v -3.16354 502.905 -13.7635
v -2.69837 502.905 -13.7788
v -2.66146 502.905 -13.7635
v -3.12663 502.905 -13.7788
v -3.1659 502.949 -13.7435
v -2.6591 502.949 -13.7435
v -3.12663 502.946 -13.7635
v -2.69837 502.946 -13.7635
v -3.1659 502.96 -13.7335
v -2.69837 502.982 -13.7311
v -2.6591 502.96 -13.7335
v -3.12663 502.982 -13.7311
v -3.16354 502.982 -13.6942
v -3.12663 502.999 -13.6942
v -2.69837 502.999 -13.6942
v -2.66146 502.982 -13.6942
v -2.6591 502.949 -13.7435
v -2.6591 502.96 -13.7335
v -2.64907 502.949 -13.7335
v -2.66146 502.905 -13.7635
v -2.66146 502.982 -13.6942
v -2.62905 502.905 -13.7311
v -2.66146 500.095 -13.7635
v -2.62905 502.946 -13.6942
v -2.66146 502.982 -13.266
v -2.61377 502.905 -13.6942
v -2.62905 502.946 -13.266
v -2.64907 502.949 -13.2267
v -2.6591 502.96 -13.2267
v -2.6591 502.949 -13.2167
v -2.61377 502.905 -13.266
v -2.62905 502.905 -13.2291
v -2.66146 502.905 -13.1967
v -2.66146 500.095 -13.1967
v -2.62905 500.095 -13.2291
v -2.61377 500.095 -13.6942
v -2.61377 500.095 -13.266
v -2.64907 500.051 -13.2267
v -2.6591 500.051 -13.2167
v -2.6591 500.04 -13.2267
v -2.66146 500.018 -13.266
v -2.62905 500.054 -13.266
v -2.66146 500.018 -13.6942
v -2.62905 500.054 -13.6942
v -2.64907 500.051 -13.7335
v -2.6591 500.04 -13.7335
v -2.6591 500.051 -13.7435
v -2.62905 500.095 -13.7311
v -3.17593 502.949 -13.2267
v -3.1659 502.949 -13.2167
v -3.1659 502.96 -13.2267
v -3.16354 502.982 -13.266
v -3.16354 502.905 -13.1967
v -3.19595 502.946 -13.266
v -3.16354 502.982 -13.6942
v -3.19595 502.905 -13.2291
v -3.19595 502.946 -13.6942
v -3.21123 502.905 -13.266
v -3.17593 502.949 -13.7335
v -3.1659 502.96 -13.7335
v -3.1659 502.949 -13.7435
v -3.21123 502.905 -13.6942
v -3.19595 502.905 -13.7311
v -3.16354 502.905 -13.7635
v -3.16354 500.095 -13.7635
v -3.19595 500.095 -13.7311
v -3.1659 500.051 -13.7435
v -3.21123 500.095 -13.6942
v -3.17593 500.051 -13.7335
v -3.1659 500.04 -13.7335
v -3.16354 500.018 -13.6942
v -3.19595 500.054 -13.6942
v -3.16354 500.018 -13.266
v -3.19595 500.054 -13.266
v -3.21123 500.095 -13.266
v -3.17593 500.051 -13.2267
v -3.1659 500.04 -13.2267
v -3.1659 500.051 -13.2167
v -3.19595 500.095 -13.2291
v -3.16354 500.095 -13.1967
v -8.97847 500.001 -7.73753
v -8.94156 500.018 -7.73753
v -8.94156 500.018 -7.30927
v -8.97847 500.001 -7.30927
v -9.40673 500.001 -7.73753
v -9.40673 500.001 -7.30927
v -9.44364 500.018 -7.30927
v -9.44364 500.018 -7.73753
v -9.40673 502.999 -7.73753
v -9.44364 502.982 -7.73753
v -9.44364 502.982 -7.30927
v -9.40673 502.999 -7.30927
v -8.97847 502.999 -7.30927
v -8.97847 502.999 -7.73753
v -8.94156 502.982 -7.73753
v -8.94156 502.982 -7.30927
v -8.9392 502.96 -7.27
v -8.94156 502.982 -7.30927
v -8.97847 502.999 -7.30927
v -8.97847 502.982 -7.27236
v -8.9392 502.949 -7.25997
v -9.40673 502.999 -7.30927
v -9.44364 502.982 -7.30927
v -9.446 502.96 -7.27
v -9.40673 502.982 -7.27236
v -9.446 502.949 -7.25997
v -8.97847 502.946 -7.23995
v -9.40673 502.946 -7.23995
v -8.97847 502.905 -7.22466
v -8.94156 502.905 -7.23995
v -9.40673 502.905 -7.22466
v -9.44364 502.905 -7.23995
v -9.44364 500.095 -7.23995
v -8.97847 500.095 -7.22466
v -8.94156 500.095 -7.23995
v -9.40673 500.095 -7.22466
v -8.9392 500.051 -7.25997
v -9.446 500.051 -7.25997
v -8.97847 500.054 -7.23995
v -9.40673 500.054 -7.23995
v -8.97847 500.018 -7.27236
v -8.9392 500.04 -7.27
v -9.40673 500.018 -7.27236
v -9.446 500.04 -7.27
v -8.97847 500.001 -7.30927
v -8.94156 500.018 -7.30927
v -9.40673 500.001 -7.30927
v -9.44364 500.018 -7.30927
v -8.94156 500.018 -7.73753
v -8.97847 500.001 -7.73753
v -8.9392 500.04 -7.7768
v -8.97847 500.018 -7.77444
v -8.9392 500.051 -7.78683
v -9.40673 500.001 -7.73753
v -9.44364 500.018 -7.73753
v -9.446 500.04 -7.7768
v -9.40673 500.018 -7.77444
v -9.446 500.051 -7.78683
v -8.97847 500.054 -7.80685
v -9.40673 500.054 -7.80685
v -8.97847 500.095 -7.82213
v -8.94156 500.095 -7.80685
v -9.40673 500.095 -7.82213
v -9.44364 500.095 -7.80685
v -9.44364 502.905 -7.80685
v -8.97847 502.905 -7.82213
v -8.94156 502.905 -7.80685
v -9.40673 502.905 -7.82213
v -9.446 502.949 -7.78683
v -8.9392 502.949 -7.78683
v -9.40673 502.946 -7.80685
v -8.97847 502.946 -7.80685
v -9.446 502.96 -7.7768
v -8.97847 502.982 -7.77444
v -8.9392 502.96 -7.7768
v -9.40673 502.982 -7.77444
v -9.44364 502.982 -7.73753
v -9.40673 502.999 -7.73753
v -8.97847 502.999 -7.73753
v -8.94156 502.982 -7.73753
v -8.9392 502.949 -7.78683
v -8.9392 502.96 -7.7768
v -8.92917 502.949 -7.7768
v -8.94156 502.905 -7.80685
v -8.94156 502.982 -7.73753
v -8.90915 502.905 -7.77444
v -8.94156 500.095 -7.80685
v -8.90915 502.946 -7.73753
v -8.94156 502.982 -7.30927
v -8.89387 502.905 -7.73753
v -8.90915 502.946 -7.30927
v -8.92917 502.949 -7.27
v -8.9392 502.96 -7.27
v -8.9392 502.949 -7.25997
v -8.89387 502.905 -7.30927
v -8.90915 502.905 -7.27236
v -8.94156 502.905 -7.23995
v -8.94156 500.095 -7.23995
v -8.90915 500.095 -7.27236
v -8.89387 500.095 -7.73753
v -8.89387 500.095 -7.30927
v -8.92917 500.051 -7.27
v -8.9392 500.051 -7.25997
v -8.9392 500.04 -7.27
v -8.94156 500.018 -7.30927
v -8.90915 500.054 -7.30927
v -8.94156 500.018 -7.73753
v -8.90915 500.054 -7.73753
v -8.92917 500.051 -7.7768
v -8.9392 500.04 -7.7768
v -8.9392 500.051 -7.78683
v -8.90915 500.095 -7.77444
v -9.45603 502.949 -7.27
v -9.446 502.949 -7.25997
v -9.446 502.96 -7.27
v -9.44364 502.982 -7.30927
v -9.44364 502.905 -7.23995
v -9.47605 502.946 -7.30927
v -9.44364 502.982 -7.73753
v -9.47605 502.905 -7.27236
v -9.47605 502.946 -7.73753
v -9.49133 502.905 -7.30927
v -9.45603 502.949 -7.7768
v -9.446 502.96 -7.7768
v -9.446 502.949 -7.78683
v -9.49133 502.905 -7.73753
v -9.47605 502.905 -7.77444
v -9.44364 502.905 -7.80685
v -9.44364 500.095 -7.80685
v -9.47605 500.095 -7.77444
v -9.446 500.051 -7.78683
v -9.49133 500.095 -7.73753
v -9.45603 500.051 -7.7768
v -9.446 500.04 -7.7768
v -9.44364 500.018 -7.73753
v -9.47605 500.054 -7.73753
v -9.44364 500.018 -7.30927
v -9.47605 500.054 -7.30927
v -9.49133 500.095 -7.30927
v -9.45603 500.051 -7.27
v -9.446 500.04 -7.27
v -9.446 500.051 -7.25997
v -9.47605 500.095 -7.27236
v -9.44364 500.095 -7.23995
v 8.18213 500.001 8.99537
v 8.21904 500.018 8.99537
v 8.21904 500.018 9.42363
v 8.18213 500.001 9.42363
v 7.75387 500.001 8.99537
v 7.75387 500.001 9.42363
v 7.71696 500.018 9.42363
v 7.71696 500.018 8.99537
v 7.75387 502.999 8.99537
v 7.71696 502.982 8.99537
v 7.71696 502.982 9.42363
v 7.75387 502.999 9.42363
v 8.18213 502.999 9.42363
v 8.18213 502.999 8.99537
v 8.21904 502.982 8.99537
v 8.21904 502.982 9.42363
v 8.2214 502.96 9.4629
v 8.21904 502.982 9.42363
v 8.18213 502.999 9.42363
v 8.18213 502.982 9.46054
v 8.2214 502.949 9.47293
v 7.75387 502.999 9.42363
v 7.71696 502.982 9.42363
v 7.7146 502.96 9.4629
v 7.75387 502.982 9.46054
v 7.7146 502.949 9.47293
v 8.18213 502.946 9.49295
v 7.75387 502.946 9.49295
v 8.18213 502.905 9.50823
v 8.21904 502.905 9.49295
v 7.75387 502.905 9.50823
v 7.71696 502.905 9.49295
v 7.71696 500.095 9.49295
v 8.18213 500.095 9.50823
v 8.21904 500.095 9.49295
v 7.75387 500.095 9.50823
v 8.2214 500.051 9.47293
v 7.7146 500.051 9.47293
v 8.18213 500.054 9.49295
v 7.75387 500.054 9.49295
v 8.18213 500.018 9.46054
v 8.2214 500.04 9.4629
v 7.75387 500.018 9.46054
v 7.7146 500.04 9.4629
v 8.18213 500.001 9.42363
v 8.21904 500.018 9.42363
v 7.75387 500.001 9.42363
v 7.71696 500.018 9.42363
v 8.21904 500.018 8.99537
v 8.18213 500.001 8.99537
v 8.2214 500.04 8.9561
v 8.18213 500.018 8.95846
v 8.2214 500.051 8.94607
v 7.75387 500.001 8.99537
v 7.71696 500.018 8.99537
v 7.7146 500.04 8.9561
v 7.75387 500.018 8.95846
v 7.7146 500.051 8.94607
v 8.18213 500.054 8.92605
v 7.75387 500.054 8.92605
v 8.18213 500.095 8.91077
v 8.21904 500.095 8.92605
v 7.75387 500.095 8.91077
v 7.71696 500.095 8.92605
v 7.71696 502.905 8.92605
v 8.18213 502.905 8.91077
v 8.21904 502.905 8.92605
v 7.75387 502.905 8.91077
v 7.7146 502.949 8.94607
v 8.2214 502.949 8.94607
v 7.75387 502.946 8.92605
v 8.18213 502.946 8.92605
v 7.7146 502.96 8.9561
v 8.18213 502.982 8.95846
v 8.2214 502.96 8.9561
v 7.75387 502.982 8.95846
v 7.71696 502.982 8.99537
v 7.75387 502.999 8.99537
v 8.18213 502.999 8.99537
v 8.21904 502.982 8.99537
v 8.2214 502.949 8.94607
v 8.2214 502.96 8.9561
v 8.23143 502.949 8.9561
v 8.21904 502.905 8.92605
v 8.21904 502.982 8.99537
v 8.25145 502.905 8.95846
v 8.21904 500.095 8.92605
v 8.25145 502.946 8.99537
v 8.21904 502.982 9.42363
v 8.26674 502.905 8.99537
v 8.25145 502.946 9.42363
v 8.23143 502.949 9.4629
v 8.2214 502.96 9.4629
v 8.2214 502.949 9.47293
v 8.26674 502.905 9.42363
v 8.25145 502.905 9.46054
v 8.21904 502.905 9.49295
v 8.21904 500.095 9.49295
v 8.25145 500.095 9.46054
v 8.26674 500.095 8.99537
v 8.26674 500.095 9.42363
v 8.23143 500.051 9.4629
v 8.2214 500.051 9.47293
v 8.2214 500.04 9.4629
v 8.21904 500.018 9.42363
v 8.25145 500.054 9.42363
v 8.21904 500.018 8.99537
v 8.25145 500.054 8.99537
v 8.23143 500.051 8.9561
v 8.2214 500.04 8.9561
v 8.2214 500.051 8.94607
v 8.25145 500.095 8.95846
v 7.70457 502.949 9.4629
v 7.7146 502.949 9.47293
v 7.7146 502.96 9.4629
v 7.71696 502.982 9.42363
v 7.71696 502.905 9.49295
v 7.68455 502.946 9.42363
v 7.71696 502.982 8.99537
v 7.68455 502.905 9.46054
v 7.68455 502.946 8.99537
v 7.66926 502.905 9.42363
v 7.70457 502.949 8.9561
v 7.7146 502.96 8.9561
v 7.7146 502.949 8.94607
v 7.66926 502.905 8.99537
v 7.68455 502.905 8.95846
v 7.71696 502.905 8.92605
v 7.71696 500.095 8.92605
v 7.68455 500.095 8.95846
v 7.7146 500.051 8.94607
v 7.66926 500.095 8.99537
v 7.70457 500.051 8.9561
v 7.7146 500.04 8.9561
v 7.71696 500.018 8.99537
v 7.68455 500.054 8.99537
v 7.71696 500.018 9.42363
v 7.68455 500.054 9.42363
v 7.66926 500.095 9.42363
v 7.70457 500.051 9.4629
v 7.7146 500.04 9.4629
v 7.7146 500.051 9.47293
v 7.68455 500.095 9.46054
v 7.71696 500.095 9.49295
v 5.90913 500.001 14.932
v 5.94604 500.018 14.932
v 5.94604 500.018 15.3602
v 5.90913 500.001 15.3602
v 5.48087 500.001 14.932
v 5.48087 500.001 15.3602
v 5.44396 500.018 15.3602
v 5.44396 500.018 14.932
v 5.48087 502.999 14.932
v 5.44396 502.982 14.932
v 5.44396 502.982 15.3602
v 5.48087 502.999 15.3602
v 5.90913 502.999 15.3602
v 5.90913 502.999 14.932
v 5.94604 502.982 14.932
v 5.94604 502.982 15.3602
v 5.9484 502.96 15.3995
v 5.94604 502.982 15.3602
v 5.90913 502.999 15.3602
v 5.90913 502.982 15.3971
v 5.9484 502.949 15.4095
v 5.48087 502.999 15.3602
v 5.44396 502.982 15.3602
v 5.4416 502.96 15.3995
v 5.48087 502.982 15.3971
v 5.4416 502.949 15.4095
v 5.90913 502.946 15.4295
v 5.48087 502.946 15.4295
v 5.90913 502.905 15.4448
v 5.94604 502.905 15.4295
v 5.48087 502.905 15.4448
v 5.44396 502.905 15.4295
v 5.44396 500.095 15.4295
v 5.90913 500.095 15.4448
v 5.94604 500.095 15.4295
v 5.48087 500.095 15.4448
v 5.9484 500.051 15.4095
v 5.4416 500.051 15.4095
v 5.90913 500.054 15.4295
v 5.48087 500.054 15.4295
v 5.90913 500.018 15.3971
v 5.9484 500.04 15.3995
v 5.48087 500.018 15.3971
v 5.4416 500.04 15.3995
v 5.90913 500.001 15.3602
v 5.94604 500.018 15.3602
v 5.48087 500.001 15.3602
v 5.44396 500.018 15.3602
v 5.94604 500.018 14.932
v 5.90913 500.001 14.932
v 5.9484 500.04 14.8927
v 5.90913 500.018 14.8951
v 5.9484 500.051 14.8827
v 5.48087 500.001 14.932
v 5.44396 500.018 14.932
v 5.4416 500.04 14.8927
v 5.48087 500.018 14.8951
v 5.4416 500.051 14.8827
v 5.90913 500.054 14.8627
v 5.48087 500.054 14.8627
v 5.90913 500.095 14.8474
v 5.94604 500.095 14.8627
v 5.48087 500.095 14.8474
v 5.44396 500.095 14.8627
v 5.44396 502.905 14.8627
v 5.90913 502.905 14.8474
v 5.94604 502.905 14.8627
v 5.48087 502.905 14.8474
v 5.4416 502.949 14.8827
v 5.9484 502.949 14.8827
v 5.48087 502.946 14.8627
v 5.90913 502.946 14.8627
v 5.4416 502.96 14.8927
v 5.90913 502.982 14.8951
v 5.9484 502.96 14.8927
v 5.48087 502.982 14.8951
v 5.44396 502.982 14.932
v 5.48087 502.999 14.932
v 5.90913 502.999 14.932
v 5.94604 502.982 14.932
v 5.9484 502.949 14.8827
v 5.9484 502.96 14.8927
v 5.95843 502.949 14.8927
v 5.94604 502.905 14.8627
v 5.94604 502.982 14.932
v 5.97845 502.905 14.8951
v 5.94604 500.095 14.8627
v 5.97845 502.946 14.932
v 5.94604 502.982 15.3602
v 5.99374 502.905 14.932
v 5.97845 502.946 15.3602
v 5.95843 502.949 15.3995
v 5.9484 502.96 15.3995
v 5.9484 502.949 15.4095
v 5.99374 502.905 15.3602
v 5.97845 502.905 15.3971
v 5.94604 502.905 15.4295
v 5.94604 500.095 15.4295
v 5.97845 500.095 15.3971
v 5.99374 500.095 14.932
v 5.99374 500.095 15.3602
v 5.95843 500.051 15.3995
v 5.9484 500.051 15.4095
v 5.9484 500.04 15.3995
v 5.94604 500.018 15.3602
v 5.97845 500.054 15.3602
v 5.94604 500.018 14.932
v 5.97845 500.054 14.932
v 5.95843 500.051 14.8927
v 5.9484 500.04 14.8927
v 5.9484 500.051 14.8827
v 5.97845 500.095 14.8951
v 5.43157 502.949 15.3995
v 5.4416 502.949 15.4095
v 5.4416 502.96 15.3995
v 5.44396 502.982 15.3602
v 5.44396 502.905 15.4295
v 5.41155 502.946 15.3602
v 5.44396 502.982 14.932
v 5.41155 502.905 15.3971
v 5.41155 502.946 14.932
v 5.39627 502.905 15.3602
v 5.43157 502.949 14.8927
v 5.4416 502.96 14.8927
v 5.4416 502.949 14.8827
v 5.39627 502.905 14.932
v 5.41155 502.905 14.8951
v 5.44396 502.905 14.8627
v 5.44396 500.095 14.8627
v 5.41155 500.095 14.8951
v 5.4416 500.051 14.8827
v 5.39627 500.095 14.932
v 5.43157 500.051 14.8927
v 5.4416 500.04 14.8927
v 5.44396 500.018 14.932
v 5.41155 500.054 14.932
v 5.44396 500.018 15.3602
v 5.41155 500.054 15.3602
v 5.39627 500.095 15.3602
v 5.43157 500.051 15.3995
v 5.4416 500.04 15.3995
v 5.4416 500.051 15.4095
v 5.41155 500.095 15.3971
v 5.44396 500.095 15.4295
v -2.98987 500.001 9.35827
v -2.95296 500.018 9.35827
v -2.95296 500.018 9.78653
v -2.98987 500.001 9.78653
v -3.41813 500.001 9.35827
v -3.41813 500.001 9.78653
v -3.45504 500.018 9.78653
v -3.45504 500.018 9.35827
v -3.41813 502.999 9.35827
v -3.45504 502.982 9.35827
v -3.45504 502.982 9.78653
v -3.41813 502.999 9.78653
v -2.98987 502.999 9.78653
v -2.98987 502.999 9.35827
v -2.95296 502.982 9.35827
v -2.95296 502.982 9.78653
v -2.9506 502.96 9.8258
v -2.95296 502.982 9.78653
v -2.98987 502.999 9.78653
v -2.98987 502.982 9.82344
v -2.9506 502.949 9.83583
v -3.41813 502.999 9.78653
v -3.45504 502.982 9.78653
v -3.4574 502.96 9.8258
v -3.41813 502.982 9.82344
v -3.4574 502.949 9.83583
v -2.98987 502.946 9.85585
v -3.41813 502.946 9.85585
v -2.98987 502.905 9.87113
v -2.95296 502.905 9.85585
v -3.41813 502.905 9.87113
v -3.45504 502.905 9.85585
v -3.45504 500.095 9.85585
v -2.98987 500.095 9.87113
v -2.95296 500.095 9.85585
v -3.41813 500.095 9.87113
v -2.9506 500.051 9.83583
v -3.4574 500.051 9.83583
v -2.98987 500.054 9.85585
v -3.41813 500.054 9.85585
v -2.98987 500.018 9.82344
v -2.9506 500.04 9.8258
v -3.41813 500.018 9.82344
v -3.4574 500.04 9.8258
v -2.98987 500.001 9.78653
v -2.95296 500.018 9.78653
v -3.41813 500.001 9.78653
v -3.45504 500.018 9.78653
v -2.95296 500.018 9.35827
v -2.98987 500.001 9.35827
v -2.9506 500.04 9.319
v -2.98987 500.018 9.32136
v -2.9506 500.051 9.30897
v -3.41813 500.001 9.35827
v -3.45504 500.018 9.35827
v -3.4574 500.04 9.319
v -3.41813 500.018 9.32136
v -3.4574 500.051 9.30897
v -2.98987 500.054 9.28895
v -3.41813 500.054 9.28895
v -2.98987 500.095 9.27367
v -2.95296 500.095 9.28895
v -3.41813 500.095 9.27367
v -3.45504 500.095 9.28895
v -3.45504 502.905 9.28895
v -2.98987 502.905 9.27367
v -2.95296 502.905 9.28895
v -3.41813 502.905 9.27367
v -3.4574 502.949 9.30897
v -2.9506 502.949 9.30897
v -3.41813 502.946 9.28895
v -2.98987 502.946 9.28895
v -3.4574 502.96 9.319
v -2.98987 502.982 9.32136
v -2.9506 502.96 9.319
v -3.41813 502.982 9.32136
v -3.45504 502.982 9.35827
v -3.41813 502.999 9.35827
v -2.98987 502.999 9.35827
v -2.95296 502.982 9.35827
v -2.9506 502.949 9.30897
v -2.9506 502.96 9.319
v -2.94057 502.949 9.319
v -2.95296 502.905 9.28895
v -2.95296 502.982 9.35827
v -2.92055 502.905 9.32136
v -2.95296 500.095 9.28895
v -2.92055 502.946 9.35827
v -2.95296 502.982 9.78653
v -2.90527 502.905 9.35827
v -2.92055 502.946 9.78653
v -2.94057 502.949 9.8258
v -2.9506 502.96 9.8258
v -2.9506 502.949 9.83583
v -2.90527 502.905 9.78653
v -2.92055 502.905 9.82344
v -2.95296 502.905 9.85585
v -2.95296 500.095 9.85585
v -2.92055 500.095 9.82344
v -2.90527 500.095 9.35827
v -2.90527 500.095 9.78653
v -2.94057 500.051 9.8258
v -2.9506 500.051 9.83583
v -2.9506 500.04 9.8258
v -2.95296 500.018 9.78653
v -2.92055 500.054 9.78653
v -2.95296 500.018 9.35827
v -2.92055 500.054 9.35827
v -2.94057 500.051 9.319
v -2.9506 500.04 9.319
v -2.9506 500.051 9.30897
v -2.92055 500.095 9.32136
v -3.46743 502.949 9.8258
v -3.4574 502.949 9.83583
v -3.4574 502.96 9.8258
v -3.45504 502.982 9.78653
v -3.45504 502.905 9.85585
v -3.48745 502.946 9.78653
v -3.45504 502.982 9.35827
v -3.48745 502.905 9.82344
v -3.48745 502.946 9.35827
v -3.50273 502.905 9.78653
v -3.46743 502.949 9.319
v -3.4574 502.96 9.319
v -3.4574 502.949 9.30897
v -3.50273 502.905 9.35827
v -3.48745 502.905 9.32136
v -3.45504 502.905 9.28895
v -3.45504 500.095 9.28895
v -3.48745 500.095 9.32136
v -3.4574 500.051 9.30897
v -3.50273 500.095 9.35827
v -3.46743 500.051 9.319
v -3.4574 500.04 9.319
v -3.45504 500.018 9.35827
v -3.48745 500.054 9.35827
v -3.45504 500.018 9.78653
v -3.48745 500.054 9.78653
v -3.50273 500.095 9.78653
v -3.46743 500.051 9.8258
v -3.4574 500.04 9.8258
v -3.4574 500.051 9.83583
v -3.48745 500.095 9.82344
v -3.45504 500.095 9.85585
v -6.55397 500.001 10.6164
v -6.51706 500.018 10.6164
v -6.51706 500.018 11.0446
v -6.55397 500.001 11.0446
v -6.98223 500.001 10.6164
v -6.98223 500.001 11.0446
v -7.01914 500.018 11.0446
v -7.01914 500.018 10.6164
v -6.98223 502.999 10.6164
v -7.01914 502.982 10.6164
v -7.01914 502.982 11.0446
v -6.98223 502.999 11.0446
v -6.55397 502.999 11.0446
v -6.55397 502.999 10.6164
v -6.51706 502.982 10.6164
v -6.51706 502.982 11.0446
v -6.5147 502.96 11.0839
v -6.51706 502.982 11.0446
v -6.55397 502.999 11.0446
v -6.55397 502.982 11.0815
v -6.5147 502.949 11.0939
v -6.98223 502.999 11.0446
v -7.01914 502.982 11.0446
v -7.0215 502.96 11.0839
v -6.98223 502.982 11.0815
v -7.0215 502.949 11.0939
v -6.55397 502.946 11.1139
v -6.98223 502.946 11.1139
v -6.55397 502.905 11.1292
v -6.51706 502.905 11.1139
v -6.98223 502.905 11.1292
v -7.01914 502.905 11.1139
v -7.01914 500.095 11.1139
v -6.55397 500.095 11.1292
v -6.51706 500.095 11.1139
v -6.98223 500.095 11.1292
v -6.5147 500.051 11.0939
v -7.0215 500.051 11.0939
v -6.55397 500.054 11.1139
v -6.98223 500.054 11.1139
v -6.55397 500.018 11.0815
v -6.5147 500.04 11.0839
v -6.98223 500.018 11.0815
v -7.0215 500.04 11.0839
v -6.55397 500.001 11.0446
v -6.51706 500.018 11.0446
v -6.98223 500.001 11.0446
v -7.01914 500.018 11.0446
v -6.51706 500.018 10.6164
v -6.55397 500.001 10.6164
v -6.5147 500.04 10.5771
v -6.55397 500.018 10.5795
v -6.5147 500.051 10.5671
v -6.98223 500.001 10.6164
v -7.01914 500.018 10.6164
v -7.0215 500.04 10.5771
v -6.98223 500.018 10.5795
v -7.0215 500.051 10.5671
v -6.55397 500.054 10.5471
v -6.98223 500.054 10.5471
v -6.55397 500.095 10.5318
v -6.51706 500.095 10.5471
v -6.98223 500.095 10.5318
v -7.01914 500.095 10.5471
v -7.01914 502.905 10.5471
v -6.55397 502.905 10.5318
v -6.51706 502.905 10.5471
v -6.98223 502.905 10.5318
v -7.0215 502.949 10.5671
v -6.5147 502.949 10.5671
v -6.98223 502.946 10.5471
v -6.55397 502.946 10.5471
v -7.0215 502.96 10.5771
v -6.55397 502.982 10.5795
v -6.5147 502.96 10.5771
v -6.98223 502.982 10.5795
v -7.01914 502.982 10.6164
v -6.98223 502.999 10.6164
v -6.55397 502.999 10.6164
v -6.51706 502.982 10.6164
v -6.5147 502.949 10.5671
v -6.5147 502.96 10.5771
v -6.50467 502.949 10.5771
v -6.51706 502.905 10.5471
v -6.51706 502.982 10.6164
v -6.48465 502.905 10.5795
v -6.51706 500.095 10.5471
v -6.48465 502.946 10.6164
v -6.51706 502.982 11.0446
v -6.46936 502.905 10.6164
v -6.48465 502.946 11.0446
v -6.50467 502.949 11.0839
v -6.5147 502.96 11.0839
v -6.5147 502.949 11.0939
v -6.46936 502.905 11.0446
v -6.48465 502.905 11.0815
v -6.51706 502.905 11.1139
v -6.51706 500.095 11.1139
v -6.48465 500.095 11.0815
v -6.46936 500.095 10.6164
v -6.46936 500.095 11.0446
v -6.50467 500.051 11.0839
v -6.5147 500.051 11.0939
v -6.5147 500.04 11.0839
v -6.51706 500.018 11.0446
v -6.48465 500.054 11.0446
v -6.51706 500.018 10.6164
v -6.48465 500.054 10.6164
v -6.50467 500.051 10.5771
v -6.5147 500.04 10.5771
v -6.5147 500.051 10.5671
v -6.48465 500.095 10.5795
v -7.03153 502.949 11.0839
v -7.0215 502.949 11.0939
v -7.0215 502.96 11.0839
v -7.01914 502.982 11.0446
v -7.01914 502.905 11.1139
v -7.05155 502.946 11.0446
v -7.01914 502.982 10.6164
v -7.05155 502.905 11.0815
v -7.05155 502.946 10.6164
v -7.06683 502.905 11.0446
v -7.03153 502.949 10.5771
v -7.0215 502.96 10.5771
v -7.0215 502.949 10.5671
v -7.06683 502.905 10.6164
v -7.05155 502.905 10.5795
v -7.01914 502.905 10.5471
v -7.01914 500.095 10.5471
v -7.05155 500.095 10.5795
v -7.0215 500.051 10.5671
v -7.06683 500.095 10.6164
v -7.03153 500.051 10.5771
v -7.0215 500.04 10.5771
v -7.01914 500.018 10.6164
v -7.05155 500.054 10.6164
v -7.01914 500.018 11.0446
v -7.05155 500.054 11.0446
v -7.06683 500.095 11.0446
v -7.03153 500.051 11.0839
v -7.0215 500.04 11.0839
v -7.0215 500.051 11.0939
v -7.05155 500.095 11.0815
v -7.01914 500.095 11.1139
v -16.1749 501.657 -8.62508
v -16.1652 501.674 -8.78632
v -16.255 501.64 -8.62508
v -16.3372 501.638 -8.78632
v -16.1652 501.674 -16.0137
v -16.4 501.606 -8.78632
v -16.3372 501.606 -8.63479
v -16.3372 501.638 -16.0137
v -16.1749 501.657 -16.1749
v -16.255 501.64 -16.1749
v -16.4 501.606 -16.0137
v -16.3372 501.606 -16.1652
v -16.4 500.082 -8.78632
v -16.3372 500.082 -8.63479
v -16.255 500.047 -8.62508
v -16.4 500.082 -16.0137
v -16.3372 500.082 -16.1652
v -16.255 500.047 -16.1749
v -16.3372 500.05 -8.78632
v -16.1749 500.031 -8.62508
v -16.3372 500.05 -16.0137
v -16.1652 500.013 -8.78632
v -16.1652 500.013 -16.0137
v -16.1749 500.031 -16.1749
v -16.0137 500 -8.78632
v -16.0137 500.013 -8.63479
v -16.0137 500 -16.0137
v -16.0137 500.013 -16.1652
v -8.78632 500.013 -16.1652
v -8.78632 500 -8.78632
v -8.78632 500.013 -8.63479
v -8.62508 500.031 -8.62508
v -8.63479 500.013 -8.78632
v -8.78632 500 -16.0137
v -8.62508 500.031 -16.1749
v -8.63479 500.013 -16.0137
v -8.63479 500.013 -16.0137
v -8.62508 500.031 -16.1749
v -8.54495 500.047 -16.1749
v -8.46276 500.05 -16.0137
v -8.46276 500.05 -8.78632
v -8.63479 500.013 -8.78632
v -8.62508 500.031 -8.62508
v -8.54495 500.047 -8.62508
v -8.4 500.082 -16.0137
v -8.46276 500.082 -16.1652
v -8.4 500.082 -8.78632
v -8.46276 500.082 -8.63479
v -8.46277 501.606 -8.63479
v -8.4 501.606 -8.78632
v -8.54495 501.64 -8.62508
v -8.4 501.606 -16.0137
v -8.46276 501.606 -16.1652
v -8.54495 501.64 -16.1749
v -8.46277 501.638 -8.78632
v -8.46276 501.638 -16.0137
v -8.63479 501.674 -8.78632
v -8.62508 501.657 -8.62508
v -8.63479 501.674 -16.0137
v -8.62508 501.657 -16.1749
v -8.78632 501.688 -8.78632
v -8.78632 501.674 -8.63479
v -8.78632 501.688 -16.0137
v -8.78632 501.674 -16.1652
v -16.0137 501.674 -16.1652
v -16.0137 501.688 -16.0137
v -16.1749 501.657 -16.1749
v -16.1652 501.674 -16.0137
v -16.0137 501.688 -8.78632
v -16.1652 501.674 -8.78632
v -16.0137 501.674 -8.63479
v -16.1749 501.657 -8.62508
v -16.1749 501.657 -8.62508
v -16.255 501.64 -8.62508
v -16.1749 501.64 -8.54495
v -16.3372 501.606 -8.63479
v -16.0137 501.674 -8.63479
v -16.1652 501.606 -8.46277
v -16.3372 500.082 -8.63479
v -16.0137 501.638 -8.46277
v -16.1652 500.082 -8.46277
v -16.0137 501.606 -8.4
v -16.1749 500.047 -8.54495
v -16.255 500.047 -8.62508
v -16.1749 500.031 -8.62508
v -16.0137 500.013 -8.63479
v -16.0137 500.082 -8.4
v -16.0137 500.05 -8.46277
v -8.78632 500.013 -8.63479
v -8.78632 500.05 -8.46277
v -8.78632 500.082 -8.4
v -8.62508 500.047 -8.54495
v -8.62508 500.031 -8.62508
v -8.54495 500.047 -8.62508
v -8.63479 500.082 -8.46277
v -8.46276 500.082 -8.63479
v -8.46277 501.606 -8.63479
v -8.63479 501.606 -8.46277
v -8.78632 501.606 -8.4
v -8.62508 501.64 -8.54495
v -8.54495 501.64 -8.62508
v -8.62508 501.657 -8.62508
v -8.78632 501.674 -8.63479
v -8.78632 501.638 -8.46277
v -8.62508 500.047 -16.255
v -8.54495 500.047 -16.1749
v -8.62508 500.031 -16.1749
v -8.78632 500.013 -16.1652
v -8.46276 500.082 -16.1652
v -8.78632 500.05 -16.3372
v -16.0137 500.013 -16.1652
v -8.63479 500.082 -16.3372
v -16.0137 500.05 -16.3372
v -8.78632 500.082 -16.4
v -8.63479 501.606 -16.3372
v -8.46276 501.606 -16.1652
v -8.54495 501.64 -16.1749
v -16.0137 500.082 -16.4
v -8.78632 501.606 -16.4
v -8.62508 501.64 -16.255
v -8.62508 501.657 -16.1749
v -8.78632 501.674 -16.1652
v -8.78632 501.638 -16.3372
v -16.0137 501.674 -16.1652
v -16.0137 501.606 -16.4
v -16.0137 501.638 -16.3372
v -16.1749 501.64 -16.255
v -16.1749 501.657 -16.1749
v -16.255 501.64 -16.1749
v -16.1652 501.606 -16.3372
v -16.3372 501.606 -16.1652
v -16.1652 500.082 -16.3372
v -16.3372 500.082 -16.1652
v -16.255 500.047 -16.1749
v -16.1749 500.047 -16.255
v -16.1749 500.031 -16.1749
v -8.54373 500.829 -9.56881
v -8.5413 500.837 -9.68974
v -8.56376 500.82 -9.56881
v -8.58431 500.819 -9.68974
v -8.5413 500.837 -15.1103
v -8.6 500.803 -9.68974
v -8.58431 500.803 -9.5761
v -8.58431 500.819 -15.1103
v -8.54373 500.829 -15.2312
v -8.56376 500.82 -15.2312
v -8.6 500.803 -15.1103
v -8.58431 500.803 -15.2239
v -8.6 500.041 -9.68974
v -8.58431 500.041 -9.5761
v -8.56376 500.024 -9.56881
v -8.6 500.041 -15.1103
v -8.58431 500.041 -15.2239
v -8.56376 500.024 -15.2312
v -8.58431 500.025 -9.68974
v -8.54373 500.015 -9.56881
v -8.58431 500.025 -15.1103
v -8.5413 500.007 -9.68974
v -8.5413 500.007 -15.1103
v -8.54373 500.015 -15.2312
v -8.50342 500 -9.68974
v -8.50342 500.007 -9.5761
v -8.50342 500 -15.1103
v -8.50342 500.007 -15.2239
v -6.69658 500.007 -15.2239
v -6.69658 500 -9.68974
v -6.69658 500.007 -9.57609
v -6.65627 500.015 -9.56881
v -6.6587 500.007 -9.68974
v -6.69658 500 -15.1103
v -6.65627 500.015 -15.2312
v -6.6587 500.007 -15.1103
v -6.6587 500.007 -15.1103
v -6.65627 500.015 -15.2312
v -6.63624 500.024 -15.2312
v -6.61569 500.025 -15.1103
v -6.61569 500.025 -9.68974
v -6.6587 500.007 -9.68974
v -6.65627 500.015 -9.56881
v -6.63624 500.024 -9.56881
v -6.6 500.041 -15.1103
v -6.61569 500.041 -15.2239
v -6.6 500.041 -9.68974
v -6.61569 500.041 -9.57609
v -6.61569 500.803 -9.57609
v -6.6 500.803 -9.68974
v -6.63624 500.82 -9.56881
v -6.6 500.803 -15.1103
v -6.61569 500.803 -15.2239
v -6.63624 500.82 -15.2312
v -6.61569 500.819 -9.68974
v -6.61569 500.819 -15.1103
v -6.6587 500.837 -9.68974
v -6.65627 500.829 -9.56881
v -6.6587 500.837 -15.1103
v -6.65627 500.829 -15.2312
v -6.69658 500.844 -9.68974
v -6.69658 500.837 -9.57609
v -6.69658 500.844 -15.1103
v -6.69658 500.837 -15.2239
v -8.50342 500.837 -15.2239
v -8.50342 500.844 -15.1103
v -8.54373 500.829 -15.2312
v -8.5413 500.837 -15.1103
v -8.50342 500.844 -9.68974
v -8.5413 500.837 -9.68974
v -8.50342 500.837 -9.5761
v -8.54373 500.829 -9.56881
v -8.54373 500.829 -9.56881
v -8.56376 500.82 -9.56881
v -8.54373 500.82 -9.50871
v -8.58431 500.803 -9.5761
v -8.50342 500.837 -9.5761
v -8.5413 500.803 -9.44708
v -8.58431 500.041 -9.5761
v -8.50342 500.819 -9.44708
v -8.5413 500.041 -9.44708
v -8.50342 500.803 -9.4
v -8.54373 500.024 -9.50871
v -8.56376 500.024 -9.56881
v -8.54373 500.015 -9.56881
v -8.50342 500.007 -9.5761
v -8.50342 500.041 -9.4
v -8.50342 500.025 -9.44708
v -6.69658 500.007 -9.57609
v -6.69658 500.025 -9.44707
v -6.69658 500.041 -9.4
v -6.65627 500.024 -9.50871
v -6.65627 500.015 -9.56881
v -6.63624 500.024 -9.56881
v -6.6587 500.041 -9.44707
v -6.61569 500.041 -9.57609
v -6.61569 500.803 -9.57609
v -6.6587 500.803 -9.44707
v -6.69658 500.803 -9.4
v -6.65627 500.82 -9.50871
v -6.63624 500.82 -9.56881
v -6.65627 500.829 -9.56881
v -6.69658 500.837 -9.57609
v -6.69658 500.819 -9.44707
v -6.65627 500.024 -15.2913
v -6.63624 500.024 -15.2312
v -6.65627 500.015 -15.2312
v -6.69658 500.007 -15.2239
v -6.61569 500.041 -15.2239
v -6.69658 500.025 -15.3529
v -8.50342 500.007 -15.2239
v -6.6587 500.041 -15.3529
v -8.50342 500.025 -15.3529
v -6.69658 500.041 -15.4
v -6.6587 500.803 -15.3529
v -6.61569 500.803 -15.2239
v -6.63624 500.82 -15.2312
v -8.50342 500.041 -15.4
v -6.69658 500.803 -15.4
v -6.65627 500.82 -15.2913
v -6.65627 500.829 -15.2312
v -6.69658 500.837 -15.2239
v -6.69658 500.819 -15.3529
v -8.50342 500.837 -15.2239
v -8.50342 500.803 -15.4
v -8.50342 500.819 -15.3529
v -8.54373 500.82 -15.2913
v -8.54373 500.829 -15.2312
v -8.56376 500.82 -15.2312
v -8.5413 500.803 -15.3529
v -8.58431 500.803 -15.2239
v -8.5413 500.041 -15.3529
v -8.58431 500.041 -15.2239
v -8.56376 500.024 -15.2312
v -8.54373 500.024 -15.2913
v -8.54373 500.015 -15.2312
v 8.62508 501.657 16.1749
v 8.63479 501.674 16.0137
v 8.54495 501.64 16.1749
v 8.46276 501.638 16.0137
v 8.63479 501.674 8.78632
v 8.4 501.606 16.0137
v 8.46276 501.606 16.1652
v 8.46277 501.638 8.78632
v 8.62508 501.657 8.62508
v 8.54495 501.64 8.62508
v 8.4 501.606 8.78632
v 8.46277 501.606 8.63479
v 8.4 500.082 16.0137
v 8.46276 500.082 16.1652
v 8.54495 500.047 16.1749
v 8.4 500.082 8.78632
v 8.46277 500.082 8.63479
v 8.54495 500.047 8.62508
v 8.46276 500.05 16.0137
v 8.62508 500.031 16.1749
v 8.46277 500.05 8.78632
v 8.63479 500.013 16.0137
v 8.63479 500.013 8.78632
v 8.62508 500.031 8.62508
v 8.78632 500 16.0137
v 8.78632 500.013 16.1652
v 8.78632 500 8.78632
v 8.78632 500.013 8.63479
v 16.0137 500.013 8.63479
v 16.0137 500 16.0137
v 16.0137 500.013 16.1652
v 16.1749 500.031 16.1749
v 16.1652 500.013 16.0137
v 16.0137 500 8.78632
v 16.1749 500.031 8.62508
v 16.1652 500.013 8.78632
v 16.1652 500.013 8.78632
v 16.1749 500.031 8.62508
v 16.255 500.047 8.62508
v 16.3372 500.05 8.78632
v 16.3372 500.05 16.0137
v 16.1652 500.013 16.0137
v 16.1749 500.031 16.1749
v 16.255 500.047 16.1749
v 16.4 500.082 8.78632
v 16.3372 500.082 8.63479
v 16.4 500.082 16.0137
v 16.3372 500.082 16.1652
v 16.3372 501.606 16.1652
v 16.4 501.606 16.0137
v 16.255 501.64 16.1749
v 16.4 501.606 8.78632
v 16.3372 501.606 8.63479
v 16.2551 501.64 8.62508
v 16.3372 501.638 16.0137
v 16.3372 501.638 8.78632
v 16.1652 501.674 16.0137
v 16.1749 501.657 16.1749
v 16.1652 501.674 8.78632
v 16.1749 501.657 8.62508
v 16.0137 501.688 16.0137
v 16.0137 501.674 16.1652
v 16.0137 501.688 8.78632
v 16.0137 501.674 8.63479
v 8.78632 501.674 8.63479
v 8.78632 501.688 8.78632
v 8.62508 501.657 8.62508
v 8.63479 501.674 8.78632
v 8.78632 501.688 16.0137
v 8.63479 501.674 16.0137
v 8.78632 501.674 16.1652
v 8.62508 501.657 16.1749
v 8.62508 501.657 16.1749
v 8.54495 501.64 16.1749
v 8.62508 501.64 16.255
v 8.46276 501.606 16.1652
v 8.78632 501.674 16.1652
v 8.63479 501.606 16.3372
v 8.46276 500.082 16.1652
v 8.78632 501.638 16.3372
v 8.63479 500.082 16.3372
v 8.78632 501.606 16.4
v 8.62508 500.047 16.255
v 8.54495 500.047 16.1749
v 8.62508 500.031 16.1749
v 8.78632 500.013 16.1652
v 8.78632 500.082 16.4
v 8.78632 500.05 16.3372
v 16.0137 500.013 16.1652
v 16.0137 500.05 16.3372
v 16.0137 500.082 16.4
v 16.1749 500.047 16.255
v 16.1749 500.031 16.1749
v 16.255 500.047 16.1749
v 16.1652 500.082 16.3372
v 16.3372 500.082 16.1652
v 16.3372 501.606 16.1652
v 16.1652 501.606 16.3372
v 16.0137 501.606 16.4
v 16.1749 501.64 16.2551
v 16.255 501.64 16.1749
v 16.1749 501.657 16.1749
v 16.0137 501.674 16.1652
v 16.0137 501.638 16.3372
v 16.1749 500.047 8.54495
v 16.255 500.047 8.62508
v 16.1749 500.031 8.62508
v 16.0137 500.013 8.63479
v 16.3372 500.082 8.63479
v 16.0137 500.05 8.46277
v 8.78632 500.013 8.63479
v 16.1652 500.082 8.46277
v 8.78632 500.05 8.46276
v 16.0137 500.082 8.4
v 16.1652 501.606 8.46277
v 16.3372 501.606 8.63479
v 16.2551 501.64 8.62508
v 8.78632 500.082 8.4
v 16.0137 501.606 8.4
v 16.1749 501.64 8.54495
v 16.1749 501.657 8.62508
v 16.0137 501.674 8.63479
v 16.0137 501.638 8.46277
v 8.78632 501.674 8.63479
v 8.78632 501.606 8.4
v 8.78632 501.638 8.46276
v 8.62508 501.64 8.54495
v 8.62508 501.657 8.62508
v 8.54495 501.64 8.62508
v 8.63479 501.606 8.46276
v 8.46277 501.606 8.63479
v 8.63479 500.082 8.46276
v 8.46277 500.082 8.63479
v 8.54495 500.047 8.62508
v 8.62508 500.047 8.54495
v 8.62508 500.031 8.62508
v 6.65627 500.829 15.2312
v 6.6587 500.837 15.1103
v 6.63624 500.82 15.2312
v 6.61569 500.819 15.1103
v 6.6587 500.837 9.68974
v 6.6 500.803 15.1103
v 6.61569 500.803 15.2239
v 6.61569 500.819 9.68974
v 6.65627 500.829 9.56881
v 6.63624 500.82 9.56881
v 6.6 500.803 9.68974
v 6.61569 500.803 9.57609
v 6.6 500.041 15.1103
v 6.61569 500.041 15.2239
v 6.63624 500.024 15.2312
v 6.6 500.041 9.68974
v 6.61569 500.041 9.57609
v 6.63624 500.024 9.56881
v 6.61569 500.025 15.1103
v 6.65627 500.015 15.2312
v 6.61569 500.025 9.68974
v 6.6587 500.007 15.1103
v 6.6587 500.007 9.68974
v 6.65627 500.015 9.56881
v 6.69658 500 15.1103
v 6.69658 500.007 15.2239
v 6.69658 500 9.68974
v 6.69658 500.007 9.57609
v 8.50342 500.007 9.57609
v 8.50342 500 15.1103
v 8.50342 500.007 15.2239
v 8.54373 500.015 15.2312
v 8.5413 500.007 15.1103
v 8.50342 500 9.68974
v 8.54373 500.015 9.56881
v 8.5413 500.007 9.68974
v 8.5413 500.007 9.68974
v 8.54373 500.015 9.56881
v 8.56376 500.024 9.56881
v 8.58431 500.025 9.68974
v 8.58431 500.025 15.1103
v 8.5413 500.007 15.1103
v 8.54373 500.015 15.2312
v 8.56376 500.024 15.2312
v 8.6 500.041 9.68974
v 8.58431 500.041 9.57609
v 8.6 500.041 15.1103
v 8.58431 500.041 15.2239
v 8.58431 500.803 15.2239
v 8.6 500.803 15.1103
v 8.56376 500.82 15.2312
v 8.6 500.803 9.68974
v 8.58431 500.803 9.57609
v 8.56376 500.82 9.56881
v 8.58431 500.819 15.1103
v 8.58431 500.819 9.68974
v 8.5413 500.837 15.1103
v 8.54373 500.829 15.2312
v 8.5413 500.837 9.68974
v 8.54373 500.829 9.56881
v 8.50342 500.844 15.1103
v 8.50342 500.837 15.2239
v 8.50342 500.844 9.68974
v 8.50342 500.837 9.57609
v 6.69658 500.837 9.57609
v 6.69658 500.844 9.68974
v 6.65627 500.829 9.56881
v 6.6587 500.837 9.68974
v 6.69658 500.844 15.1103
v 6.6587 500.837 15.1103
v 6.69658 500.837 15.2239
v 6.65627 500.829 15.2312
v 6.65627 500.829 15.2312
v 6.63624 500.82 15.2312
v 6.65627 500.82 15.2913
v 6.61569 500.803 15.2239
v 6.69658 500.837 15.2239
v 6.6587 500.803 15.3529
v 6.61569 500.041 15.2239
v 6.69658 500.819 15.3529
v 6.6587 500.041 15.3529
v 6.69658 500.803 15.4
v 6.65627 500.024 15.2913
v 6.63624 500.024 15.2312
v 6.65627 500.015 15.2312
v 6.69658 500.007 15.2239
v 6.69658 500.041 15.4
v 6.69658 500.025 15.3529
v 8.50342 500.007 15.2239
v 8.50342 500.025 15.3529
v 8.50342 500.041 15.4
v 8.54373 500.024 15.2913
v 8.54373 500.015 15.2312
v 8.56376 500.024 15.2312
v 8.5413 500.041 15.3529
v 8.58431 500.041 15.2239
v 8.58431 500.803 15.2239
v 8.5413 500.803 15.3529
v 8.50342 500.803 15.4
v 8.54373 500.82 15.2913
v 8.56376 500.82 15.2312
v 8.54373 500.829 15.2312
v 8.50342 500.837 15.2239
v 8.50342 500.819 15.3529
v 8.54373 500.024 9.50871
v 8.56376 500.024 9.56881
v 8.54373 500.015 9.56881
v 8.50342 500.007 9.57609
v 8.58431 500.041 9.57609
v 8.50342 500.025 9.44707
v 6.69658 500.007 9.57609
v 8.5413 500.041 9.44707
v 6.69658 500.025 9.44707
v 8.50342 500.041 9.4
v 8.5413 500.803 9.44707
v 8.58431 500.803 9.57609
v 8.56376 500.82 9.56881
v 6.69658 500.041 9.4
v 8.50342 500.803 9.4
v 8.54373 500.82 9.50871
v 8.54373 500.829 9.56881
v 8.50342 500.837 9.57609
v 8.50342 500.819 9.44707
v 6.69658 500.837 9.57609
v 6.69658 500.803 9.4
v 6.69658 500.819 9.44707
v 6.65627 500.82 9.50871
v 6.65627 500.829 9.56881
v 6.63624 500.82 9.56881
v 6.6587 500.803 9.44707
v 6.61569 500.803 9.57609
v 6.6587 500.041 9.44707
v 6.61569 500.041 9.57609
v 6.63624 500.024 9.56881
v 6.65627 500.024 9.50871
v 6.65627 500.015 9.56881
f 72 70 3
f 70 4 3
f 70 68 4
f 3 4 6
f 7 3 6
f 68 8 4
f 6 4 8
f 68 9 10
f 8 68 10
f 8 10 11
f 11 6 8
f 10 131 11
f 6 13 7
f 13 14 7
f 14 13 84
f 6 11 16
f 16 11 131
f 13 6 16
f 133 16 131
f 133 18 16
f 13 19 84
f 13 16 19
f 84 19 85
f 18 21 16
f 16 21 19
f 19 22 85
f 19 21 22
f 23 21 18
f 21 23 22
f 24 23 18
f 85 22 25
f 25 22 23
f 26 85 25
f 27 23 24
f 27 25 23
f 28 27 24
f 27 28 108
f 25 30 26
f 30 25 27
f 30 31 26
f 93 31 30
f 33 93 30
f 34 27 108
f 34 30 27
f 30 34 33
f 34 108 107
f 34 36 33
f 36 34 107
f 36 107 39
f 40 36 39
f 40 41 36
f 41 33 36
f 33 41 93
f 41 94 93
f 40 39 45
f 39 109 45
f 47 41 40
f 94 41 47
f 45 47 40
f 96 94 47
f 96 47 49
f 47 50 49
f 47 45 50
f 49 50 101
f 52 45 109
f 45 52 50
f 53 52 109
f 53 117 52
f 50 55 101
f 50 52 55
f 117 56 52
f 52 56 55
f 55 57 101
f 57 55 56
f 57 102 101
f 59 56 117
f 59 57 56
f 121 59 117
f 102 57 61
f 61 57 59
f 103 102 61
f 63 59 121
f 63 61 59
f 64 63 121
f 63 64 124
f 66 63 124
f 63 66 61
f 66 124 9
f 68 66 9
f 66 69 61
f 69 66 68
f 61 69 103
f 70 69 68
f 69 71 103
f 70 72 69
f 72 71 69
f 72 3 75
f 3 7 75
f 71 72 75
f 7 78 75
f 78 7 14
f 80 71 75
f 81 78 14
f 78 82 75
f 82 78 81
f 82 80 75
f 81 14 83
f 14 84 83
f 85 83 84
f 85 26 83
f 81 83 87
f 87 82 81
f 26 88 83
f 83 88 87
f 88 26 31
f 87 88 90
f 90 88 31
f 87 91 82
f 91 87 90
f 90 31 92
f 91 90 92
f 31 93 92
f 93 94 92
f 95 92 94
f 95 91 92
f 96 95 94
f 96 49 95
f 91 95 98
f 49 98 95
f 91 99 82
f 99 91 98
f 82 99 80
f 98 49 100
f 98 100 99
f 49 101 100
f 102 100 101
f 102 103 100
f 99 104 80
f 100 104 99
f 103 104 100
f 71 80 104
f 103 71 104
f 105 39 107
f 107 108 105
f 109 39 105
f 108 110 105
f 108 28 110
f 112 109 105
f 28 113 110
f 114 112 105
f 110 114 105
f 112 115 109
f 115 112 114
f 115 53 109
f 53 115 117
f 118 114 110
f 113 118 110
f 119 115 114
f 119 114 118
f 115 120 117
f 120 115 119
f 117 120 121
f 64 121 120
f 123 64 120
f 123 120 119
f 64 123 124
f 119 125 123
f 125 119 118
f 123 126 124
f 125 126 123
f 124 126 127
f 127 126 125
f 9 124 127
f 127 10 9
f 130 127 125
f 127 130 10
f 125 118 130
f 130 131 10
f 131 130 132
f 118 132 130
f 133 131 132
f 133 132 18
f 135 132 118
f 132 135 18
f 113 135 118
f 18 135 24
f 113 28 135
f 28 24 135
f 208 206 139
f 206 140 139
f 206 204 140
f 139 140 142
f 143 139 142
f 204 144 140
f 142 140 144
f 204 145 146
f 144 204 146
f 144 146 147
f 147 142 144
f 146 267 147
f 142 149 143
f 149 150 143
f 150 149 220
f 142 147 152
f 152 147 267
f 149 142 152
f 269 152 267
f 269 154 152
f 149 155 220
f 149 152 155
f 220 155 221
f 154 157 152
f 152 157 155
f 155 158 221
f 155 157 158
f 159 157 154
f 157 159 158
f 160 159 154
f 221 158 161
f 161 158 159
f 162 221 161
f 163 159 160
f 163 161 159
f 164 163 160
f 163 164 244
f 161 166 162
f 166 161 163
f 166 167 162
f 229 167 166
f 169 229 166
f 170 163 244
f 170 166 163
f 166 170 169
f 170 244 243
f 170 172 169
f 172 170 243
f 172 243 175
f 176 172 175
f 176 177 172
f 177 169 172
f 169 177 229
f 177 230 229
f 176 175 181
f 175 245 181
f 183 177 176
f 230 177 183
f 181 183 176
f 232 230 183
f 232 183 185
f 183 186 185
f 183 181 186
f 185 186 237
f 188 181 245
f 181 188 186
f 189 188 245
f 189 253 188
f 186 191 237
f 186 188 191
f 253 192 188
f 188 192 191
f 191 193 237
f 193 191 192
f 193 238 237
f 195 192 253
f 195 193 192
f 257 195 253
f 238 193 197
f 197 193 195
f 239 238 197
f 199 195 257
f 199 197 195
f 200 199 257
f 199 200 260
f 202 199 260
f 199 202 197
f 202 260 145
f 204 202 145
f 202 205 197
f 205 202 204
f 197 205 239
f 206 205 204
f 205 207 239
f 206 208 205
f 208 207 205
f 208 139 211
f 139 143 211
f 207 208 211
f 143 214 211
f 214 143 150
f 216 207 211
f 217 214 150
f 214 218 211
f 218 214 217
f 218 216 211
f 217 150 219
f 150 220 219
f 221 219 220
f 221 162 219
f 217 219 223
f 223 218 217
f 162 224 219
f 219 224 223
f 224 162 167
f 223 224 226
f 226 224 167
f 223 227 218
f 227 223 226
f 226 167 228
f 227 226 228
f 167 229 228
f 229 230 228
f 231 228 230
f 231 227 228
f 232 231 230
f 232 185 231
f 227 231 234
f 185 234 231
f 227 235 218
f 235 227 234
f 218 235 216
f 234 185 236
f 234 236 235
f 185 237 236
f 238 236 237
f 238 239 236
f 235 240 216
f 236 240 235
f 239 240 236
f 207 216 240
f 239 207 240
f 241 175 243
f 243 244 241
f 245 175 241
f 244 246 241
f 244 164 246
f 248 245 241
f 164 249 246
f 250 248 241
f 246 250 241
f 248 251 245
f 251 248 250
f 251 189 245
f 189 251 253
f 254 250 246
f 249 254 246
f 255 251 250
f 255 250 254
f 251 256 253
f 256 251 255
f 253 256 257
f 200 257 256
f 259 200 256
f 259 256 255
f 200 259 260
f 255 261 259
f 261 255 254
f 259 262 260
f 261 262 259
f 260 262 263
f 263 262 261
f 145 260 263
f 263 146 145
f 266 263 261
f 263 266 146
f 261 254 266
f 266 267 146
f 267 266 268
f 254 268 266
f 269 267 268
f 269 268 154
f 271 268 254
f 268 271 154
f 249 271 254
f 154 271 160
f 249 164 271
f 164 160 271
f 344 342 275
f 342 276 275
f 342 340 276
f 275 276 278
f 279 275 278
f 340 280 276
f 278 276 280
f 340 281 282
f 280 340 282
f 280 282 283
f 283 278 280
f 282 403 283
f 278 285 279
f 285 286 279
f 286 285 356
f 278 283 288
f 288 283 403
f 285 278 288
f 405 288 403
f 405 290 288
f 285 291 356
f 285 288 291
f 356 291 357
f 290 293 288
f 288 293 291
f 291 294 357
f 291 293 294
f 295 293 290
f 293 295 294
f 296 295 290
f 357 294 297
f 297 294 295
f 298 357 297
f 299 295 296
f 299 297 295
f 300 299 296
f 299 300 380
f 297 302 298
f 302 297 299
f 302 303 298
f 365 303 302
f 305 365 302
f 306 299 380
f 306 302 299
f 302 306 305
f 306 380 379
f 306 308 305
f 308 306 379
f 308 379 311
f 312 308 311
f 312 313 308
f 313 305 308
f 305 313 365
f 313 366 365
f 312 311 317
f 311 381 317
f 319 313 312
f 366 313 319
f 317 319 312
f 368 366 319
f 368 319 321
f 319 322 321
f 319 317 322
f 321 322 373
f 324 317 381
f 317 324 322
f 325 324 381
f 325 389 324
f 322 327 373
f 322 324 327
f 389 328 324
f 324 328 327
f 327 329 373
f 329 327 328
f 329 374 373
f 331 328 389
f 331 329 328
f 393 331 389
f 374 329 333
f 333 329 331
f 375 374 333
f 335 331 393
f 335 333 331
f 336 335 393
f 335 336 396
f 338 335 396
f 335 338 333
f 338 396 281
f 340 338 281
f 338 341 333
f 341 338 340
f 333 341 375
f 342 341 340
f 341 343 375
f 342 344 341
f 344 343 341
f 344 275 347
f 275 279 347
f 343 344 347
f 279 350 347
f 350 279 286
f 352 343 347
f 353 350 286
f 350 354 347
f 354 350 353
f 354 352 347
f 353 286 355
f 286 356 355
f 357 355 356
f 357 298 355
f 353 355 359
f 359 354 353
f 298 360 355
f 355 360 359
f 360 298 303
f 359 360 362
f 362 360 303
f 359 363 354
f 363 359 362
f 362 303 364
f 363 362 364
f 303 365 364
f 365 366 364
f 367 364 366
f 367 363 364
f 368 367 366
f 368 321 367
f 363 367 370
f 321 370 367
f 363 371 354
f 371 363 370
f 354 371 352
f 370 321 372
f 370 372 371
f 321 373 372
f 374 372 373
f 374 375 372
f 371 376 352
f 372 376 371
f 375 376 372
f 343 352 376
f 375 343 376
f 377 311 379
f 379 380 377
f 381 311 377
f 380 382 377
f 380 300 382
f 384 381 377
f 300 385 382
f 386 384 377
f 382 386 377
f 384 387 381
f 387 384 386
f 387 325 381
f 325 387 389
f 390 386 382
f 385 390 382
f 391 387 386
f 391 386 390
f 387 392 389
f 392 387 391
f 389 392 393
f 336 393 392
f 395 336 392
f 395 392 391
f 336 395 396
f 391 397 395
f 397 391 390
f 395 398 396
f 397 398 395
f 396 398 399
f 399 398 397
f 281 396 399
f 399 282 281
f 402 399 397
f 399 402 282
f 397 390 402
f 402 403 282
f 403 402 404
f 390 404 402
f 405 403 404
f 405 404 290
f 407 404 390
f 404 407 290
f 385 407 390
f 290 407 296
f 385 300 407
f 300 296 407
f 480 478 411
f 478 412 411
f 478 476 412
f 411 412 414
f 415 411 414
f 476 416 412
f 414 412 416
f 476 417 418
f 416 476 418
f 416 418 419
f 419 414 416
f 418 539 419
f 414 421 415
f 421 422 415
f 422 421 492
f 414 419 424
f 424 419 539
f 421 414 424
f 541 424 539
f 541 426 424
f 421 427 492
f 421 424 427
f 492 427 493
f 426 429 424
f 424 429 427
f 427 430 493
f 427 429 430
f 431 429 426
f 429 431 430
f 432 431 426
f 493 430 433
f 433 430 431
f 434 493 433
f 435 431 432
f 435 433 431
f 436 435 432
f 435 436 516
f 433 438 434
f 438 433 435
f 438 439 434
f 501 439 438
f 441 501 438
f 442 435 516
f 442 438 435
f 438 442 441
f 442 516 515
f 442 444 441
f 444 442 515
f 444 515 447
f 448 444 447
f 448 449 444
f 449 441 444
f 441 449 501
f 449 502 501
f 448 447 453
f 447 517 453
f 455 449 448
f 502 449 455
f 453 455 448
f 504 502 455
f 504 455 457
f 455 458 457
f 455 453 458
f 457 458 509
f 460 453 517
f 453 460 458
f 461 460 517
f 461 525 460
f 458 463 509
f 458 460 463
f 525 464 460
f 460 464 463
f 463 465 509
f 465 463 464
f 465 510 509
f 467 464 525
f 467 465 464
f 529 467 525
f 510 465 469
f 469 465 467
f 511 510 469
f 471 467 529
f 471 469 467
f 472 471 529
f 471 472 532
f 474 471 532
f 471 474 469
f 474 532 417
f 476 474 417
f 474 477 469
f 477 474 476
f 469 477 511
f 478 477 476
f 477 479 511
f 478 480 477
f 480 479 477
f 480 411 483
f 411 415 483
f 479 480 483
f 415 486 483
f 486 415 422
f 488 479 483
f 489 486 422
f 486 490 483
f 490 486 489
f 490 488 483
f 489 422 491
f 422 492 491
f 493 491 492
f 493 434 491
f 489 491 495
f 495 490 489
f 434 496 491
f 491 496 495
f 496 434 439
f 495 496 498
f 498 496 439
f 495 499 490
f 499 495 498
f 498 439 500
f 499 498 500
f 439 501 500
f 501 502 500
f 503 500 502
f 503 499 500
f 504 503 502
f 504 457 503
f 499 503 506
f 457 506 503
f 499 507 490
f 507 499 506
f 490 507 488
f 506 457 508
f 506 508 507
f 457 509 508
f 510 508 509
f 510 511 508
f 507 512 488
f 508 512 507
f 511 512 508
f 479 488 512
f 511 479 512
f 513 447 515
f 515 516 513
f 517 447 513
f 516 518 513
f 516 436 518
f 520 517 513
f 436 521 518
f 522 520 513
f 518 522 513
f 520 523 517
f 523 520 522
f 523 461 517
f 461 523 525
f 526 522 518
f 521 526 518
f 527 523 522
f 527 522 526
f 523 528 525
f 528 523 527
f 525 528 529
f 472 529 528
f 531 472 528
f 531 528 527
f 472 531 532
f 527 533 531
f 533 527 526
f 531 534 532
f 533 534 531
f 532 534 535
f 535 534 533
f 417 532 535
f 535 418 417
f 538 535 533
f 535 538 418
f 533 526 538
f 538 539 418
f 539 538 540
f 526 540 538
f 541 539 540
f 541 540 426
f 543 540 526
f 540 543 426
f 521 543 526
f 426 543 432
f 521 436 543
f 436 432 543
f 616 614 547
f 614 548 547
f 614 612 548
f 547 548 550
f 551 547 550
f 612 552 548
f 550 548 552
f 612 553 554
f 552 612 554
f 552 554 555
f 555 550 552
f 554 675 555
f 550 557 551
f 557 558 551
f 558 557 628
f 550 555 560
f 560 555 675
f 557 550 560
f 677 560 675
f 677 562 560
f 557 563 628
f 557 560 563
f 628 563 629
f 562 565 560
f 560 565 563
f 563 566 629
f 563 565 566
f 567 565 562
f 565 567 566
f 568 567 562
f 629 566 569
f 569 566 567
f 570 629 569
f 571 567 568
f 571 569 567
f 572 571 568
f 571 572 652
f 569 574 570
f 574 569 571
f 574 575 570
f 637 575 574
f 577 637 574
f 578 571 652
f 578 574 571
f 574 578 577
f 578 652 651
f 578 580 577
f 580 578 651
f 580 651 583
f 584 580 583
f 584 585 580
f 585 577 580
f 577 585 637
f 585 638 637
f 584 583 589
f 583 653 589
f 591 585 584
f 638 585 591
f 589 591 584
f 640 638 591
f 640 591 593
f 591 594 593
f 591 589 594
f 593 594 645
f 596 589 653
f 589 596 594
f 597 596 653
f 597 661 596
f 594 599 645
f 594 596 599
f 661 600 596
f 596 600 599
f 599 601 645
f 601 599 600
f 601 646 645
f 603 600 661
f 603 601 600
f 665 603 661
f 646 601 605
f 605 601 603
f 647 646 605
f 607 603 665
f 607 605 603
f 608 607 665
f 607 608 668
f 610 607 668
f 607 610 605
f 610 668 553
f 612 610 553
f 610 613 605
f 613 610 612
f 605 613 647
f 614 613 612
f 613 615 647
f 614 616 613
f 616 615 613
f 616 547 619
f 547 551 619
f 615 616 619
f 551 622 619
f 622 551 558
f 624 615 619
f 625 622 558
f 622 626 619
f 626 622 625
f 626 624 619
f 625 558 627
f 558 628 627
f 629 627 628
f 629 570 627
f 625 627 631
f 631 626 625
f 570 632 627
f 627 632 631
f 632 570 575
f 631 632 634
f 634 632 575
f 631 635 626
f 635 631 634
f 634 575 636
f 635 634 636
f 575 637 636
f 637 638 636
f 639 636 638
f 639 635 636
f 640 639 638
f 640 593 639
f 635 639 642
f 593 642 639
f 635 643 626
f 643 635 642
f 626 643 624
f 642 593 644
f 642 644 643
f 593 645 644
f 646 644 645
f 646 647 644
f 643 648 624
f 644 648 643
f 647 648 644
f 615 624 648
f 647 615 648
f 649 583 651
f 651 652 649
f 653 583 649
f 652 654 649
f 652 572 654
f 656 653 649
f 572 657 654
f 658 656 649
f 654 658 649
f 656 659 653
f 659 656 658
f 659 597 653
f 597 659 661
f 662 658 654
f 657 662 654
f 663 659 658
f 663 658 662
f 659 664 661
f 664 659 663
f 661 664 665
f 608 665 664
f 667 608 664
f 667 664 663
f 608 667 668
f 663 669 667
f 669 663 662
f 667 670 668
f 669 670 667
f 668 670 671
f 671 670 669
f 553 668 671
f 671 554 553
f 674 671 669
f 671 674 554
f 669 662 674
f 674 675 554
f 675 674 676
f 662 676 674
f 677 675 676
f 677 676 562
f 679 676 662
f 676 679 562
f 657 679 662
f 562 679 568
f 657 572 679
f 572 568 679
f 752 750 683
f 750 684 683
f 750 748 684
f 683 684 686
f 687 683 686
f 748 688 684
f 686 684 688
f 748 689 690
f 688 748 690
f 688 690 691
f 691 686 688
f 690 811 691
f 686 693 687
f 693 694 687
f 694 693 764
f 686 691 696
f 696 691 811
f 693 686 696
f 813 696 811
f 813 698 696
f 693 699 764
f 693 696 699
f 764 699 765
f 698 701 696
f 696 701 699
f 699 702 765
f 699 701 702
f 703 701 698
f 701 703 702
f 704 703 698
f 765 702 705
f 705 702 703
f 706 765 705
f 707 703 704
f 707 705 703
f 708 707 704
f 707 708 788
f 705 710 706
f 710 705 707
f 710 711 706
f 773 711 710
f 713 773 710
f 714 707 788
f 714 710 707
f 710 714 713
f 714 788 787
f 714 716 713
f 716 714 787
f 716 787 719
f 720 716 719
f 720 721 716
f 721 713 716
f 713 721 773
f 721 774 773
f 720 719 725
f 719 789 725
f 727 721 720
f 774 721 727
f 725 727 720
f 776 774 727
f 776 727 729
f 727 730 729
f 727 725 730
f 729 730 781
f 732 725 789
f 725 732 730
f 733 732 789
f 733 797 732
f 730 735 781
f 730 732 735
f 797 736 732
f 732 736 735
f 735 737 781
f 737 735 736
f 737 782 781
f 739 736 797
f 739 737 736
f 801 739 797
f 782 737 741
f 741 737 739
f 783 782 741
f 743 739 801
f 743 741 739
f 744 743 801
f 743 744 804
f 746 743 804
f 743 746 741
f 746 804 689
f 748 746 689
f 746 749 741
f 749 746 748
f 741 749 783
f 750 749 748
f 749 751 783
f 750 752 749
f 752 751 749
f 752 683 755
f 683 687 755
f 751 752 755
f 687 758 755
f 758 687 694
f 760 751 755
f 761 758 694
f 758 762 755
f 762 758 761
f 762 760 755
f 761 694 763
f 694 764 763
f 765 763 764
f 765 706 763
f 761 763 767
f 767 762 761
f 706 768 763
f 763 768 767
f 768 706 711
f 767 768 770
f 770 768 711
f 767 771 762
f 771 767 770
f 770 711 772
f 771 770 772
f 711 773 772
f 773 774 772
f 775 772 774
f 775 771 772
f 776 775 774
f 776 729 775
f 771 775 778
f 729 778 775
f 771 779 762
f 779 771 778
f 762 779 760
f 778 729 780
f 778 780 779
f 729 781 780
f 782 780 781
f 782 783 780
f 779 784 760
f 780 784 779
f 783 784 780
f 751 760 784
f 783 751 784
f 785 719 787
f 787 788 785
f 789 719 785
f 788 790 785
f 788 708 790
f 792 789 785
f 708 793 790
f 794 792 785
f 790 794 785
f 792 795 789
f 795 792 794
f 795 733 789
f 733 795 797
f 798 794 790
f 793 798 790
f 799 795 794
f 799 794 798
f 795 800 797
f 800 795 799
f 797 800 801
f 744 801 800
f 803 744 800
f 803 800 799
f 744 803 804
f 799 805 803
f 805 799 798
f 803 806 804
f 805 806 803
f 804 806 807
f 807 806 805
f 689 804 807
f 807 690 689
f 810 807 805
f 807 810 690
f 805 798 810
f 810 811 690
f 811 810 812
f 798 812 810
f 813 811 812
f 813 812 698
f 815 812 798
f 812 815 698
f 793 815 798
f 698 815 704
f 793 708 815
f 708 704 815
f 888 886 819
f 886 820 819
f 886 884 820
f 819 820 822
f 823 819 822
f 884 824 820
f 822 820 824
f 884 825 826
f 824 884 826
f 824 826 827
f 827 822 824
f 826 947 827
f 822 829 823
f 829 830 823
f 830 829 900
f 822 827 832
f 832 827 947
f 829 822 832
f 949 832 947
f 949 834 832
f 829 835 900
f 829 832 835
f 900 835 901
f 834 837 832
f 832 837 835
f 835 838 901
f 835 837 838
f 839 837 834
f 837 839 838
f 840 839 834
f 901 838 841
f 841 838 839
f 842 901 841
f 843 839 840
f 843 841 839
f 844 843 840
f 843 844 924
f 841 846 842
f 846 841 843
f 846 847 842
f 909 847 846
f 849 909 846
f 850 843 924
f 850 846 843
f 846 850 849
f 850 924 923
f 850 852 849
f 852 850 923
f 852 923 855
f 856 852 855
f 856 857 852
f 857 849 852
f 849 857 909
f 857 910 909
f 856 855 861
f 855 925 861
f 863 857 856
f 910 857 863
f 861 863 856
f 912 910 863
f 912 863 865
f 863 866 865
f 863 861 866
f 865 866 917
f 868 861 925
f 861 868 866
f 869 868 925
f 869 933 868
f 866 871 917
f 866 868 871
f 933 872 868
f 868 872 871
f 871 873 917
f 873 871 872
f 873 918 917
f 875 872 933
f 875 873 872
f 937 875 933
f 918 873 877
f 877 873 875
f 919 918 877
f 879 875 937
f 879 877 875
f 880 879 937
f 879 880 940
f 882 879 940
f 879 882 877
f 882 940 825
f 884 882 825
f 882 885 877
f 885 882 884
f 877 885 919
f 886 885 884
f 885 887 919
f 886 888 885
f 888 887 885
f 888 819 891
f 819 823 891
f 887 888 891
f 823 894 891
f 894 823 830
f 896 887 891
f 897 894 830
f 894 898 891
f 898 894 897
f 898 896 891
f 897 830 899
f 830 900 899
f 901 899 900
f 901 842 899
f 897 899 903
f 903 898 897
f 842 904 899
f 899 904 903
f 904 842 847
f 903 904 906
f 906 904 847
f 903 907 898
f 907 903 906
f 906 847 908
f 907 906 908
f 847 909 908
f 909 910 908
f 911 908 910
f 911 907 908
f 912 911 910
f 912 865 911
f 907 911 914
f 865 914 911
f 907 915 898
f 915 907 914
f 898 915 896
f 914 865 916
f 914 916 915
f 865 917 916
f 918 916 917
f 918 919 916
f 915 920 896
f 916 920 915
f 919 920 916
f 887 896 920
f 919 887 920
f 921 855 923
f 923 924 921
f 925 855 921
f 924 926 921
f 924 844 926
f 928 925 921
f 844 929 926
f 930 928 921
f 926 930 921
f 928 931 925
f 931 928 930
f 931 869 925
f 869 931 933
f 934 930 926
f 929 934 926
f 935 931 930
f 935 930 934
f 931 936 933
f 936 931 935
f 933 936 937
f 880 937 936
f 939 880 936
f 939 936 935
f 880 939 940
f 935 941 939
f 941 935 934
f 939 942 940
f 941 942 939
f 940 942 943
f 943 942 941
f 825 940 943
f 943 826 825
f 946 943 941
f 943 946 826
f 941 934 946
f 946 947 826
f 947 946 948
f 934 948 946
f 949 947 948
f 949 948 834
f 951 948 934
f 948 951 834
f 929 951 934
f 834 951 840
f 929 844 951
f 844 840 951
f 953 1001 1057
f 956 953 1057
f 1006 953 956
f 999 1006 956
f 1006 999 1089
f 1007 1006 1089
f 1030 1071 975
f 974 1030 975
f 974 971 1030
f 971 966 1030
f 966 971 1037
f 971 1041 1037
f 1045 1041 971
f 972 1045 971
f 1045 972 1046
f 971 974 972
f 974 975 1067
f 977 974 1067
f 974 977 972
f 977 1067 1066
f 972 979 1046
f 972 977 979
f 980 977 1066
f 977 980 979
f 979 981 1046
f 981 979 980
f 981 1049 1046
f 980 1066 983
f 983 981 980
f 1066 984 983
f 983 984 1096
f 981 986 1049
f 981 983 986
f 986 987 1049
f 988 983 1096
f 983 988 986
f 989 987 986
f 1096 990 988
f 991 989 986
f 986 988 991
f 990 992 988
f 988 992 991
f 991 993 989
f 993 991 992
f 993 994 989
f 995 992 990
f 995 993 992
f 996 995 990
f 993 956 994
f 993 995 956
f 956 1057 994
f 995 999 956
f 999 995 996
f 1089 999 996
f 1001 953 1062
f 953 1004 1062
f 1062 1004 1063
f 953 1006 1004
f 1006 1007 1086
f 1009 1006 1086
f 1006 1009 1004
f 1009 1086 1010
f 1004 1011 1063
f 1004 1009 1011
f 1012 1009 1010
f 1009 1012 1011
f 1063 1011 1013
f 1013 1011 1012
f 1039 1063 1013
f 1012 1010 1015
f 1015 1013 1012
f 1010 1016 1015
f 1015 1016 1080
f 1013 1018 1039
f 1018 1013 1015
f 1018 1019 1039
f 1020 1015 1080
f 1020 1018 1015
f 1020 1080 1077
f 1033 1019 1018
f 1023 1020 1077
f 1018 1020 1024
f 1024 1033 1018
f 1020 1023 1024
f 1023 1077 1025
f 1024 1026 1033
f 1026 1024 1023
f 1026 1027 1033
f 1028 1023 1025
f 1028 1026 1023
f 1025 1071 1030
f 1028 1025 1030
f 1030 966 1028
f 966 1026 1028
f 1027 1026 966
f 1037 1027 966
f 1033 1027 1035
f 1019 1033 1035
f 1027 1037 1035
f 1038 1019 1035
f 1019 1038 1039
f 1037 1040 1035
f 1037 1041 1040
f 1040 1042 1035
f 1042 1038 1035
f 1041 1043 1040
f 1042 1040 1043
f 1043 1041 1044
f 1041 1045 1044
f 1044 1045 1046
f 1047 1042 1043
f 1043 1044 1047
f 1048 1044 1046
f 1044 1048 1047
f 1049 1048 1046
f 1049 987 1048
f 1047 1048 1051
f 987 1051 1048
f 1042 1047 1052
f 1042 1052 1038
f 1053 1047 1051
f 1047 1053 1052
f 1051 987 1054
f 1051 1054 1053
f 987 989 1054
f 1054 989 994
f 994 1057 1054
f 1057 1058 1054
f 1054 1058 1053
f 1057 1001 1058
f 1053 1058 1060
f 1001 1060 1058
f 1052 1053 1060
f 1060 1001 1061
f 1060 1061 1052
f 1001 1062 1061
f 1063 1061 1062
f 1063 1039 1061
f 1061 1064 1052
f 1039 1064 1061
f 1052 1064 1038
f 1038 1064 1039
f 1065 1066 1067
f 1067 975 1065
f 984 1066 1065
f 975 1070 1065
f 975 1071 1070
f 1072 984 1065
f 1071 1073 1070
f 1065 1070 1074
f 1074 1070 1073
f 1072 1065 1074
f 1073 1071 1075
f 1071 1025 1075
f 1075 1025 1077
f 1073 1075 1078
f 1078 1074 1073
f 1079 1075 1077
f 1075 1079 1078
f 1080 1079 1077
f 1080 1016 1079
f 1016 1082 1079
f 1078 1079 1082
f 1082 1016 1010
f 1084 1078 1082
f 1074 1078 1084
f 1085 1082 1010
f 1082 1085 1084
f 1085 1010 1086
f 1086 1007 1085
f 1007 1088 1085
f 1085 1088 1084
f 1007 1089 1088
f 1084 1088 1090
f 1089 1090 1088
f 1091 1074 1084
f 1091 1084 1090
f 1074 1091 1072
f 1090 1089 1092
f 1091 1090 1092
f 1089 996 1092
f 996 990 1092
f 1091 1095 1072
f 1095 1091 1092
f 1095 1092 990
f 984 1072 1095
f 1096 1095 990
f 1096 984 1095
f 1097 1145 1201
f 1100 1097 1201
f 1150 1097 1100
f 1143 1150 1100
f 1150 1143 1233
f 1151 1150 1233
f 1174 1215 1119
f 1118 1174 1119
f 1118 1115 1174
f 1115 1110 1174
f 1110 1115 1181
f 1115 1185 1181
f 1189 1185 1115
f 1116 1189 1115
f 1189 1116 1190
f 1115 1118 1116
f 1118 1119 1211
f 1121 1118 1211
f 1118 1121 1116
f 1121 1211 1210
f 1116 1123 1190
f 1116 1121 1123
f 1124 1121 1210
f 1121 1124 1123
f 1123 1125 1190
f 1125 1123 1124
f 1125 1193 1190
f 1124 1210 1127
f 1127 1125 1124
f 1210 1128 1127
f 1127 1128 1240
f 1125 1130 1193
f 1125 1127 1130
f 1130 1131 1193
f 1132 1127 1240
f 1127 1132 1130
f 1133 1131 1130
f 1240 1134 1132
f 1135 1133 1130
f 1130 1132 1135
f 1134 1136 1132
f 1132 1136 1135
f 1135 1137 1133
f 1137 1135 1136
f 1137 1138 1133
f 1139 1136 1134
f 1139 1137 1136
f 1140 1139 1134
f 1137 1100 1138
f 1137 1139 1100
f 1100 1201 1138
f 1139 1143 1100
f 1143 1139 1140
f 1233 1143 1140
f 1145 1097 1206
f 1097 1148 1206
f 1206 1148 1207
f 1097 1150 1148
f 1150 1151 1230
f 1153 1150 1230
f 1150 1153 1148
f 1153 1230 1154
f 1148 1155 1207
f 1148 1153 1155
f 1156 1153 1154
f 1153 1156 1155
f 1207 1155 1157
f 1157 1155 1156
f 1183 1207 1157
f 1156 1154 1159
f 1159 1157 1156
f 1154 1160 1159
f 1159 1160 1224
f 1157 1162 1183
f 1162 1157 1159
f 1162 1163 1183
f 1164 1159 1224
f 1164 1162 1159
f 1164 1224 1221
f 1177 1163 1162
f 1167 1164 1221
f 1162 1164 1168
f 1168 1177 1162
f 1164 1167 1168
f 1167 1221 1169
f 1168 1170 1177
f 1170 1168 1167
f 1170 1171 1177
f 1172 1167 1169
f 1172 1170 1167
f 1169 1215 1174
f 1172 1169 1174
f 1174 1110 1172
f 1110 1170 1172
f 1171 1170 1110
f 1181 1171 1110
f 1177 1171 1179
f 1163 1177 1179
f 1171 1181 1179
f 1182 1163 1179
f 1163 1182 1183
f 1181 1184 1179
f 1181 1185 1184
f 1184 1186 1179
f 1186 1182 1179
f 1185 1187 1184
f 1186 1184 1187
f 1187 1185 1188
f 1185 1189 1188
f 1188 1189 1190
f 1191 1186 1187
f 1187 1188 1191
f 1192 1188 1190
f 1188 1192 1191
f 1193 1192 1190
f 1193 1131 1192
f 1191 1192 1195
f 1131 1195 1192
f 1186 1191 1196
f 1186 1196 1182
f 1197 1191 1195
f 1191 1197 1196
f 1195 1131 1198
f 1195 1198 1197
f 1131 1133 1198
f 1198 1133 1138
f 1138 1201 1198
f 1201 1202 1198
f 1198 1202 1197
f 1201 1145 1202
f 1197 1202 1204
f 1145 1204 1202
f 1196 1197 1204
f 1204 1145 1205
f 1204 1205 1196
f 1145 1206 1205
f 1207 1205 1206
f 1207 1183 1205
f 1205 1208 1196
f 1183 1208 1205
f 1196 1208 1182
f 1182 1208 1183
f 1209 1210 1211
f 1211 1119 1209
f 1128 1210 1209
f 1119 1214 1209
f 1119 1215 1214
f 1216 1128 1209
f 1215 1217 1214
f 1209 1214 1218
f 1218 1214 1217
f 1216 1209 1218
f 1217 1215 1219
f 1215 1169 1219
f 1219 1169 1221
f 1217 1219 1222
f 1222 1218 1217
f 1223 1219 1221
f 1219 1223 1222
f 1224 1223 1221
f 1224 1160 1223
f 1160 1226 1223
f 1222 1223 1226
f 1226 1160 1154
f 1228 1222 1226
f 1218 1222 1228
f 1229 1226 1154
f 1226 1229 1228
f 1229 1154 1230
f 1230 1151 1229
f 1151 1232 1229
f 1229 1232 1228
f 1151 1233 1232
f 1228 1232 1234
f 1233 1234 1232
f 1235 1218 1228
f 1235 1228 1234
f 1218 1235 1216
f 1234 1233 1236
f 1235 1234 1236
f 1233 1140 1236
f 1140 1134 1236
f 1235 1239 1216
f 1239 1235 1236
f 1239 1236 1134
f 1128 1216 1239
f 1240 1239 1134
f 1240 1128 1239
f 1241 1289 1345
f 1244 1241 1345
f 1294 1241 1244
f 1287 1294 1244
f 1294 1287 1377
f 1295 1294 1377
f 1318 1359 1263
f 1262 1318 1263
f 1262 1259 1318
f 1259 1254 1318
f 1254 1259 1325
f 1259 1329 1325
f 1333 1329 1259
f 1260 1333 1259
f 1333 1260 1334
f 1259 1262 1260
f 1262 1263 1355
f 1265 1262 1355
f 1262 1265 1260
f 1265 1355 1354
f 1260 1267 1334
f 1260 1265 1267
f 1268 1265 1354
f 1265 1268 1267
f 1267 1269 1334
f 1269 1267 1268
f 1269 1337 1334
f 1268 1354 1271
f 1271 1269 1268
f 1354 1272 1271
f 1271 1272 1384
f 1269 1274 1337
f 1269 1271 1274
f 1274 1275 1337
f 1276 1271 1384
f 1271 1276 1274
f 1277 1275 1274
f 1384 1278 1276
f 1279 1277 1274
f 1274 1276 1279
f 1278 1280 1276
f 1276 1280 1279
f 1279 1281 1277
f 1281 1279 1280
f 1281 1282 1277
f 1283 1280 1278
f 1283 1281 1280
f 1284 1283 1278
f 1281 1244 1282
f 1281 1283 1244
f 1244 1345 1282
f 1283 1287 1244
f 1287 1283 1284
f 1377 1287 1284
f 1289 1241 1350
f 1241 1292 1350
f 1350 1292 1351
f 1241 1294 1292
f 1294 1295 1374
f 1297 1294 1374
f 1294 1297 1292
f 1297 1374 1298
f 1292 1299 1351
f 1292 1297 1299
f 1300 1297 1298
f 1297 1300 1299
f 1351 1299 1301
f 1301 1299 1300
f 1327 1351 1301
f 1300 1298 1303
f 1303 1301 1300
f 1298 1304 1303
f 1303 1304 1368
f 1301 1306 1327
f 1306 1301 1303
f 1306 1307 1327
f 1308 1303 1368
f 1308 1306 1303
f 1308 1368 1365
f 1321 1307 1306
f 1311 1308 1365
f 1306 1308 1312
f 1312 1321 1306
f 1308 1311 1312
f 1311 1365 1313
f 1312 1314 1321
f 1314 1312 1311
f 1314 1315 1321
f 1316 1311 1313
f 1316 1314 1311
f 1313 1359 1318
f 1316 1313 1318
f 1318 1254 1316
f 1254 1314 1316
f 1315 1314 1254
f 1325 1315 1254
f 1321 1315 1323
f 1307 1321 1323
f 1315 1325 1323
f 1326 1307 1323
f 1307 1326 1327
f 1325 1328 1323
f 1325 1329 1328
f 1328 1330 1323
f 1330 1326 1323
f 1329 1331 1328
f 1330 1328 1331
f 1331 1329 1332
f 1329 1333 1332
f 1332 1333 1334
f 1335 1330 1331
f 1331 1332 1335
f 1336 1332 1334
f 1332 1336 1335
f 1337 1336 1334
f 1337 1275 1336
f 1335 1336 1339
f 1275 1339 1336
f 1330 1335 1340
f 1330 1340 1326
f 1341 1335 1339
f 1335 1341 1340
f 1339 1275 1342
f 1339 1342 1341
f 1275 1277 1342
f 1342 1277 1282
f 1282 1345 1342
f 1345 1346 1342
f 1342 1346 1341
f 1345 1289 1346
f 1341 1346 1348
f 1289 1348 1346
f 1340 1341 1348
f 1348 1289 1349
f 1348 1349 1340
f 1289 1350 1349
f 1351 1349 1350
f 1351 1327 1349
f 1349 1352 1340
f 1327 1352 1349
f 1340 1352 1326
f 1326 1352 1327
f 1353 1354 1355
f 1355 1263 1353
f 1272 1354 1353
f 1263 1358 1353
f 1263 1359 1358
f 1360 1272 1353
f 1359 1361 1358
f 1353 1358 1362
f 1362 1358 1361
f 1360 1353 1362
f 1361 1359 1363
f 1359 1313 1363
f 1363 1313 1365
f 1361 1363 1366
f 1366 1362 1361
f 1367 1363 1365
f 1363 1367 1366
f 1368 1367 1365
f 1368 1304 1367
f 1304 1370 1367
f 1366 1367 1370
f 1370 1304 1298
f 1372 1366 1370
f 1362 1366 1372
f 1373 1370 1298
f 1370 1373 1372
f 1373 1298 1374
f 1374 1295 1373
f 1295 1376 1373
f 1373 1376 1372
f 1295 1377 1376
f 1372 1376 1378
f 1377 1378 1376
f 1379 1362 1372
f 1379 1372 1378
f 1362 1379 1360
f 1378 1377 1380
f 1379 1378 1380
f 1377 1284 1380
f 1284 1278 1380
f 1379 1383 1360
f 1383 1379 1380
f 1383 1380 1278
f 1272 1360 1383
f 1384 1383 1278
f 1384 1272 1383
f 1385 1433 1489
f 1388 1385 1489
f 1438 1385 1388
f 1431 1438 1388
f 1438 1431 1521
f 1439 1438 1521
f 1462 1503 1407
f 1406 1462 1407
f 1406 1403 1462
f 1403 1398 1462
f 1398 1403 1469
f 1403 1473 1469
f 1477 1473 1403
f 1404 1477 1403
f 1477 1404 1478
f 1403 1406 1404
f 1406 1407 1499
f 1409 1406 1499
f 1406 1409 1404
f 1409 1499 1498
f 1404 1411 1478
f 1404 1409 1411
f 1412 1409 1498
f 1409 1412 1411
f 1411 1413 1478
f 1413 1411 1412
f 1413 1481 1478
f 1412 1498 1415
f 1415 1413 1412
f 1498 1416 1415
f 1415 1416 1528
f 1413 1418 1481
f 1413 1415 1418
f 1418 1419 1481
f 1420 1415 1528
f 1415 1420 1418
f 1421 1419 1418
f 1528 1422 1420
f 1423 1421 1418
f 1418 1420 1423
f 1422 1424 1420
f 1420 1424 1423
f 1423 1425 1421
f 1425 1423 1424
f 1425 1426 1421
f 1427 1424 1422
f 1427 1425 1424
f 1428 1427 1422
f 1425 1388 1426
f 1425 1427 1388
f 1388 1489 1426
f 1427 1431 1388
f 1431 1427 1428
f 1521 1431 1428
f 1433 1385 1494
f 1385 1436 1494
f 1494 1436 1495
f 1385 1438 1436
f 1438 1439 1518
f 1441 1438 1518
f 1438 1441 1436
f 1441 1518 1442
f 1436 1443 1495
f 1436 1441 1443
f 1444 1441 1442
f 1441 1444 1443
f 1495 1443 1445
f 1445 1443 1444
f 1471 1495 1445
f 1444 1442 1447
f 1447 1445 1444
f 1442 1448 1447
f 1447 1448 1512
f 1445 1450 1471
f 1450 1445 1447
f 1450 1451 1471
f 1452 1447 1512
f 1452 1450 1447
f 1452 1512 1509
f 1465 1451 1450
f 1455 1452 1509
f 1450 1452 1456
f 1456 1465 1450
f 1452 1455 1456
f 1455 1509 1457
f 1456 1458 1465
f 1458 1456 1455
f 1458 1459 1465
f 1460 1455 1457
f 1460 1458 1455
f 1457 1503 1462
f 1460 1457 1462
f 1462 1398 1460
f 1398 1458 1460
f 1459 1458 1398
f 1469 1459 1398
f 1465 1459 1467
f 1451 1465 1467
f 1459 1469 1467
f 1470 1451 1467
f 1451 1470 1471
f 1469 1472 1467
f 1469 1473 1472
f 1472 1474 1467
f 1474 1470 1467
f 1473 1475 1472
f 1474 1472 1475
f 1475 1473 1476
f 1473 1477 1476
f 1476 1477 1478
f 1479 1474 1475
f 1475 1476 1479
f 1480 1476 1478
f 1476 1480 1479
f 1481 1480 1478
f 1481 1419 1480
f 1479 1480 1483
f 1419 1483 1480
f 1474 1479 1484
f 1474 1484 1470
f 1485 1479 1483
f 1479 1485 1484
f 1483 1419 1486
f 1483 1486 1485
f 1419 1421 1486
f 1486 1421 1426
f 1426 1489 1486
f 1489 1490 1486
f 1486 1490 1485
f 1489 1433 1490
f 1485 1490 1492
f 1433 1492 1490
f 1484 1485 1492
f 1492 1433 1493
f 1492 1493 1484
f 1433 1494 1493
f 1495 1493 1494
f 1495 1471 1493
f 1493 1496 1484
f 1471 1496 1493
f 1484 1496 1470
f 1470 1496 1471
f 1497 1498 1499
f 1499 1407 1497
f 1416 1498 1497
f 1407 1502 1497
f 1407 1503 1502
f 1504 1416 1497
f 1503 1505 1502
f 1497 1502 1506
f 1506 1502 1505
f 1504 1497 1506
f 1505 1503 1507
f 1503 1457 1507
f 1507 1457 1509
f 1505 1507 1510
f 1510 1506 1505
f 1511 1507 1509
f 1507 1511 1510
f 1512 1511 1509
f 1512 1448 1511
f 1448 1514 1511
f 1510 1511 1514
f 1514 1448 1442
f 1516 1510 1514
f 1506 1510 1516
f 1517 1514 1442
f 1514 1517 1516
f 1517 1442 1518
f 1518 1439 1517
f 1439 1520 1517
f 1517 1520 1516
f 1439 1521 1520
f 1516 1520 1522
f 1521 1522 1520
f 1523 1506 1516
f 1523 1516 1522
f 1506 1523 1504
f 1522 1521 1524
f 1523 1522 1524
f 1521 1428 1524
f 1428 1422 1524
f 1523 1527 1504
f 1527 1523 1524
f 1527 1524 1422
f 1416 1504 1527
f 1528 1527 1422
f 1528 1416 1527
f 1529 1577 1633
f 1532 1529 1633
f 1582 1529 1532
f 1575 1582 1532
f 1582 1575 1665
f 1583 1582 1665
f 1606 1647 1551
f 1550 1606 1551
f 1550 1547 1606
f 1547 1542 1606
f 1542 1547 1613
f 1547 1617 1613
f 1621 1617 1547
f 1548 1621 1547
f 1621 1548 1622
f 1547 1550 1548
f 1550 1551 1643
f 1553 1550 1643
f 1550 1553 1548
f 1553 1643 1642
f 1548 1555 1622
f 1548 1553 1555
f 1556 1553 1642
f 1553 1556 1555
f 1555 1557 1622
f 1557 1555 1556
f 1557 1625 1622
f 1556 1642 1559
f 1559 1557 1556
f 1642 1560 1559
f 1559 1560 1672
f 1557 1562 1625
f 1557 1559 1562
f 1562 1563 1625
f 1564 1559 1672
f 1559 1564 1562
f 1565 1563 1562
f 1672 1566 1564
f 1567 1565 1562
f 1562 1564 1567
f 1566 1568 1564
f 1564 1568 1567
f 1567 1569 1565
f 1569 1567 1568
f 1569 1570 1565
f 1571 1568 1566
f 1571 1569 1568
f 1572 1571 1566
f 1569 1532 1570
f 1569 1571 1532
f 1532 1633 1570
f 1571 1575 1532
f 1575 1571 1572
f 1665 1575 1572
f 1577 1529 1638
f 1529 1580 1638
f 1638 1580 1639
f 1529 1582 1580
f 1582 1583 1662
f 1585 1582 1662
f 1582 1585 1580
f 1585 1662 1586
f 1580 1587 1639
f 1580 1585 1587
f 1588 1585 1586
f 1585 1588 1587
f 1639 1587 1589
f 1589 1587 1588
f 1615 1639 1589
f 1588 1586 1591
f 1591 1589 1588
f 1586 1592 1591
f 1591 1592 1656
f 1589 1594 1615
f 1594 1589 1591
f 1594 1595 1615
f 1596 1591 1656
f 1596 1594 1591
f 1596 1656 1653
f 1609 1595 1594
f 1599 1596 1653
f 1594 1596 1600
f 1600 1609 1594
f 1596 1599 1600
f 1599 1653 1601
f 1600 1602 1609
f 1602 1600 1599
f 1602 1603 1609
f 1604 1599 1601
f 1604 1602 1599
f 1601 1647 1606
f 1604 1601 1606
f 1606 1542 1604
f 1542 1602 1604
f 1603 1602 1542
f 1613 1603 1542
f 1609 1603 1611
f 1595 1609 1611
f 1603 1613 1611
f 1614 1595 1611
f 1595 1614 1615
f 1613 1616 1611
f 1613 1617 1616
f 1616 1618 1611
f 1618 1614 1611
f 1617 1619 1616
f 1618 1616 1619
f 1619 1617 1620
f 1617 1621 1620
f 1620 1621 1622
f 1623 1618 1619
f 1619 1620 1623
f 1624 1620 1622
f 1620 1624 1623
f 1625 1624 1622
f 1625 1563 1624
f 1623 1624 1627
f 1563 1627 1624
f 1618 1623 1628
f 1618 1628 1614
f 1629 1623 1627
f 1623 1629 1628
f 1627 1563 1630
f 1627 1630 1629
f 1563 1565 1630
f 1630 1565 1570
f 1570 1633 1630
f 1633 1634 1630
f 1630 1634 1629
f 1633 1577 1634
f 1629 1634 1636
f 1577 1636 1634
f 1628 1629 1636
f 1636 1577 1637
f 1636 1637 1628
f 1577 1638 1637
f 1639 1637 1638
f 1639 1615 1637
f 1637 1640 1628
f 1615 1640 1637
f 1628 1640 1614
f 1614 1640 1615
f 1641 1642 1643
f 1643 1551 1641
f 1560 1642 1641
f 1551 1646 1641
f 1551 1647 1646
f 1648 1560 1641
f 1647 1649 1646
f 1641 1646 1650
f 1650 1646 1649
f 1648 1641 1650
f 1649 1647 1651
f 1647 1601 1651
f 1651 1601 1653
f 1649 1651 1654
f 1654 1650 1649
f 1655 1651 1653
f 1651 1655 1654
f 1656 1655 1653
f 1656 1592 1655
f 1592 1658 1655
f 1654 1655 1658
f 1658 1592 1586
f 1660 1654 1658
f 1650 1654 1660
f 1661 1658 1586
f 1658 1661 1660
f 1661 1586 1662
f 1662 1583 1661
f 1583 1664 1661
f 1661 1664 1660
f 1583 1665 1664
f 1660 1664 1666
f 1665 1666 1664
f 1667 1650 1660
f 1667 1660 1666
f 1650 1667 1648
f 1666 1665 1668
f 1667 1666 1668
f 1665 1572 1668
f 1572 1566 1668
f 1667 1671 1648
f 1671 1667 1668
f 1671 1668 1566
f 1560 1648 1671
f 1672 1671 1566
f 1672 1560 1671
f 1673 1721 1777
f 1676 1673 1777
f 1726 1673 1676
f 1719 1726 1676
f 1726 1719 1809
f 1727 1726 1809
f 1750 1791 1695
f 1694 1750 1695
f 1694 1691 1750
f 1691 1686 1750
f 1686 1691 1757
f 1691 1761 1757
f 1765 1761 1691
f 1692 1765 1691
f 1765 1692 1766
f 1691 1694 1692
f 1694 1695 1787
f 1697 1694 1787
f 1694 1697 1692
f 1697 1787 1786
f 1692 1699 1766
f 1692 1697 1699
f 1700 1697 1786
f 1697 1700 1699
f 1699 1701 1766
f 1701 1699 1700
f 1701 1769 1766
f 1700 1786 1703
f 1703 1701 1700
f 1786 1704 1703
f 1703 1704 1816
f 1701 1706 1769
f 1701 1703 1706
f 1706 1707 1769
f 1708 1703 1816
f 1703 1708 1706
f 1709 1707 1706
f 1816 1710 1708
f 1711 1709 1706
f 1706 1708 1711
f 1710 1712 1708
f 1708 1712 1711
f 1711 1713 1709
f 1713 1711 1712
f 1713 1714 1709
f 1715 1712 1710
f 1715 1713 1712
f 1716 1715 1710
f 1713 1676 1714
f 1713 1715 1676
f 1676 1777 1714
f 1715 1719 1676
f 1719 1715 1716
f 1809 1719 1716
f 1721 1673 1782
f 1673 1724 1782
f 1782 1724 1783
f 1673 1726 1724
f 1726 1727 1806
f 1729 1726 1806
f 1726 1729 1724
f 1729 1806 1730
f 1724 1731 1783
f 1724 1729 1731
f 1732 1729 1730
f 1729 1732 1731
f 1783 1731 1733
f 1733 1731 1732
f 1759 1783 1733
f 1732 1730 1735
f 1735 1733 1732
f 1730 1736 1735
f 1735 1736 1800
f 1733 1738 1759
f 1738 1733 1735
f 1738 1739 1759
f 1740 1735 1800
f 1740 1738 1735
f 1740 1800 1797
f 1753 1739 1738
f 1743 1740 1797
f 1738 1740 1744
f 1744 1753 1738
f 1740 1743 1744
f 1743 1797 1745
f 1744 1746 1753
f 1746 1744 1743
f 1746 1747 1753
f 1748 1743 1745
f 1748 1746 1743
f 1745 1791 1750
f 1748 1745 1750
f 1750 1686 1748
f 1686 1746 1748
f 1747 1746 1686
f 1757 1747 1686
f 1753 1747 1755
f 1739 1753 1755
f 1747 1757 1755
f 1758 1739 1755
f 1739 1758 1759
f 1757 1760 1755
f 1757 1761 1760
f 1760 1762 1755
f 1762 1758 1755
f 1761 1763 1760
f 1762 1760 1763
f 1763 1761 1764
f 1761 1765 1764
f 1764 1765 1766
f 1767 1762 1763
f 1763 1764 1767
f 1768 1764 1766
f 1764 1768 1767
f 1769 1768 1766
f 1769 1707 1768
f 1767 1768 1771
f 1707 1771 1768
f 1762 1767 1772
f 1762 1772 1758
f 1773 1767 1771
f 1767 1773 1772
f 1771 1707 1774
f 1771 1774 1773
f 1707 1709 1774
f 1774 1709 1714
f 1714 1777 1774
f 1777 1778 1774
f 1774 1778 1773
f 1777 1721 1778
f 1773 1778 1780
f 1721 1780 1778
f 1772 1773 1780
f 1780 1721 1781
f 1780 1781 1772
f 1721 1782 1781
f 1783 1781 1782
f 1783 1759 1781
f 1781 1784 1772
f 1759 1784 1781
f 1772 1784 1758
f 1758 1784 1759
f 1785 1786 1787
f 1787 1695 1785
f 1704 1786 1785
f 1695 1790 1785
f 1695 1791 1790
f 1792 1704 1785
f 1791 1793 1790
f 1785 1790 1794
f 1794 1790 1793
f 1792 1785 1794
f 1793 1791 1795
f 1791 1745 1795
f 1795 1745 1797
f 1793 1795 1798
f 1798 1794 1793
f 1799 1795 1797
f 1795 1799 1798
f 1800 1799 1797
f 1800 1736 1799
f 1736 1802 1799
f 1798 1799 1802
f 1802 1736 1730
f 1804 1798 1802
f 1794 1798 1804
f 1805 1802 1730
f 1802 1805 1804
f 1805 1730 1806
f 1806 1727 1805
f 1727 1808 1805
f 1805 1808 1804
f 1727 1809 1808
f 1804 1808 1810
f 1809 1810 1808
f 1811 1794 1804
f 1811 1804 1810
f 1794 1811 1792
f 1810 1809 1812
f 1811 1810 1812
f 1809 1716 1812
f 1716 1710 1812
f 1811 1815 1792
f 1815 1811 1812
f 1815 1812 1710
f 1704 1792 1815
f 1816 1815 1710
f 1816 1704 1815
f 1817 1865 1921
f 1820 1817 1921
f 1870 1817 1820
f 1863 1870 1820
f 1870 1863 1953
f 1871 1870 1953
f 1894 1935 1839
f 1838 1894 1839
f 1838 1835 1894
f 1835 1830 1894
f 1830 1835 1901
f 1835 1905 1901
f 1909 1905 1835
f 1836 1909 1835
f 1909 1836 1910
f 1835 1838 1836
f 1838 1839 1931
f 1841 1838 1931
f 1838 1841 1836
f 1841 1931 1930
f 1836 1843 1910
f 1836 1841 1843
f 1844 1841 1930
f 1841 1844 1843
f 1843 1845 1910
f 1845 1843 1844
f 1845 1913 1910
f 1844 1930 1847
f 1847 1845 1844
f 1930 1848 1847
f 1847 1848 1960
f 1845 1850 1913
f 1845 1847 1850
f 1850 1851 1913
f 1852 1847 1960
f 1847 1852 1850
f 1853 1851 1850
f 1960 1854 1852
f 1855 1853 1850
f 1850 1852 1855
f 1854 1856 1852
f 1852 1856 1855
f 1855 1857 1853
f 1857 1855 1856
f 1857 1858 1853
f 1859 1856 1854
f 1859 1857 1856
f 1860 1859 1854
f 1857 1820 1858
f 1857 1859 1820
f 1820 1921 1858
f 1859 1863 1820
f 1863 1859 1860
f 1953 1863 1860
f 1865 1817 1926
f 1817 1868 1926
f 1926 1868 1927
f 1817 1870 1868
f 1870 1871 1950
f 1873 1870 1950
f 1870 1873 1868
f 1873 1950 1874
f 1868 1875 1927
f 1868 1873 1875
f 1876 1873 1874
f 1873 1876 1875
f 1927 1875 1877
f 1877 1875 1876
f 1903 1927 1877
f 1876 1874 1879
f 1879 1877 1876
f 1874 1880 1879
f 1879 1880 1944
f 1877 1882 1903
f 1882 1877 1879
f 1882 1883 1903
f 1884 1879 1944
f 1884 1882 1879
f 1884 1944 1941
f 1897 1883 1882
f 1887 1884 1941
f 1882 1884 1888
f 1888 1897 1882
f 1884 1887 1888
f 1887 1941 1889
f 1888 1890 1897
f 1890 1888 1887
f 1890 1891 1897
f 1892 1887 1889
f 1892 1890 1887
f 1889 1935 1894
f 1892 1889 1894
f 1894 1830 1892
f 1830 1890 1892
f 1891 1890 1830
f 1901 1891 1830
f 1897 1891 1899
f 1883 1897 1899
f 1891 1901 1899
f 1902 1883 1899
f 1883 1902 1903
f 1901 1904 1899
f 1901 1905 1904
f 1904 1906 1899
f 1906 1902 1899
f 1905 1907 1904
f 1906 1904 1907
f 1907 1905 1908
f 1905 1909 1908
f 1908 1909 1910
f 1911 1906 1907
f 1907 1908 1911
f 1912 1908 1910
f 1908 1912 1911
f 1913 1912 1910
f 1913 1851 1912
f 1911 1912 1915
f 1851 1915 1912
f 1906 1911 1916
f 1906 1916 1902
f 1917 1911 1915
f 1911 1917 1916
f 1915 1851 1918
f 1915 1918 1917
f 1851 1853 1918
f 1918 1853 1858
f 1858 1921 1918
f 1921 1922 1918
f 1918 1922 1917
f 1921 1865 1922
f 1917 1922 1924
f 1865 1924 1922
f 1916 1917 1924
f 1924 1865 1925
f 1924 1925 1916
f 1865 1926 1925
f 1927 1925 1926
f 1927 1903 1925
f 1925 1928 1916
f 1903 1928 1925
f 1916 1928 1902
f 1902 1928 1903
f 1929 1930 1931
f 1931 1839 1929
f 1848 1930 1929
f 1839 1934 1929
f 1839 1935 1934
f 1936 1848 1929
f 1935 1937 1934
f 1929 1934 1938
f 1938 1934 1937
f 1936 1929 1938
f 1937 1935 1939
f 1935 1889 1939
f 1939 1889 1941
f 1937 1939 1942
f 1942 1938 1937
f 1943 1939 1941
f 1939 1943 1942
f 1944 1943 1941
f 1944 1880 1943
f 1880 1946 1943
f 1942 1943 1946
f 1946 1880 1874
f 1948 1942 1946
f 1938 1942 1948
f 1949 1946 1874
f 1946 1949 1948
f 1949 1874 1950
f 1950 1871 1949
f 1871 1952 1949
f 1949 1952 1948
f 1871 1953 1952
f 1948 1952 1954
f 1953 1954 1952
f 1955 1938 1948
f 1955 1948 1954
f 1938 1955 1936
f 1954 1953 1956
f 1955 1954 1956
f 1953 1860 1956
f 1860 1854 1956
f 1955 1959 1936
f 1959 1955 1956
f 1959 1956 1854
f 1848 1936 1959
f 1960 1959 1854
f 1960 1848 1959
f 1961 2009 2065
f 1964 1961 2065
f 2014 1961 1964
f 2007 2014 1964
f 2014 2007 2097
f 2015 2014 2097
f 2038 2079 1983
f 1982 2038 1983
f 1982 1979 2038
f 1979 1974 2038
f 1974 1979 2045
f 1979 2049 2045
f 2053 2049 1979
f 1980 2053 1979
f 2053 1980 2054
f 1979 1982 1980
f 1982 1983 2075
f 1985 1982 2075
f 1982 1985 1980
f 1985 2075 2074
f 1980 1987 2054
f 1980 1985 1987
f 1988 1985 2074
f 1985 1988 1987
f 1987 1989 2054
f 1989 1987 1988
f 1989 2057 2054
f 1988 2074 1991
f 1991 1989 1988
f 2074 1992 1991
f 1991 1992 2104
f 1989 1994 2057
f 1989 1991 1994
f 1994 1995 2057
f 1996 1991 2104
f 1991 1996 1994
f 1997 1995 1994
f 2104 1998 1996
f 1999 1997 1994
f 1994 1996 1999
f 1998 2000 1996
f 1996 2000 1999
f 1999 2001 1997
f 2001 1999 2000
f 2001 2002 1997
f 2003 2000 1998
f 2003 2001 2000
f 2004 2003 1998
f 2001 1964 2002
f 2001 2003 1964
f 1964 2065 2002
f 2003 2007 1964
f 2007 2003 2004
f 2097 2007 2004
f 2009 1961 2070
f 1961 2012 2070
f 2070 2012 2071
f 1961 2014 2012
f 2014 2015 2094
f 2017 2014 2094
f 2014 2017 2012
f 2017 2094 2018
f 2012 2019 2071
f 2012 2017 2019
f 2020 2017 2018
f 2017 2020 2019
f 2071 2019 2021
f 2021 2019 2020
f 2047 2071 2021
f 2020 2018 2023
f 2023 2021 2020
f 2018 2024 2023
f 2023 2024 2088
f 2021 2026 2047
f 2026 2021 2023
f 2026 2027 2047
f 2028 2023 2088
f 2028 2026 2023
f 2028 2088 2085
f 2041 2027 2026
f 2031 2028 2085
f 2026 2028 2032
f 2032 2041 2026
f 2028 2031 2032
f 2031 2085 2033
f 2032 2034 2041
f 2034 2032 2031
f 2034 2035 2041
f 2036 2031 2033
f 2036 2034 2031
f 2033 2079 2038
f 2036 2033 2038
f 2038 1974 2036
f 1974 2034 2036
f 2035 2034 1974
f 2045 2035 1974
f 2041 2035 2043
f 2027 2041 2043
f 2035 2045 2043
f 2046 2027 2043
f 2027 2046 2047
f 2045 2048 2043
f 2045 2049 2048
f 2048 2050 2043
f 2050 2046 2043
f 2049 2051 2048
f 2050 2048 2051
f 2051 2049 2052
f 2049 2053 2052
f 2052 2053 2054
f 2055 2050 2051
f 2051 2052 2055
f 2056 2052 2054
f 2052 2056 2055
f 2057 2056 2054
f 2057 1995 2056
f 2055 2056 2059
f 1995 2059 2056
f 2050 2055 2060
f 2050 2060 2046
f 2061 2055 2059
f 2055 2061 2060
f 2059 1995 2062
f 2059 2062 2061
f 1995 1997 2062
f 2062 1997 2002
f 2002 2065 2062
f 2065 2066 2062
f 2062 2066 2061
f 2065 2009 2066
f 2061 2066 2068
f 2009 2068 2066
f 2060 2061 2068
f 2068 2009 2069
f 2068 2069 2060
f 2009 2070 2069
f 2071 2069 2070
f 2071 2047 2069
f 2069 2072 2060
f 2047 2072 2069
f 2060 2072 2046
f 2046 2072 2047
f 2073 2074 2075
f 2075 1983 2073
f 1992 2074 2073
f 1983 2078 2073
f 1983 2079 2078
f 2080 1992 2073
f 2079 2081 2078
f 2073 2078 2082
f 2082 2078 2081
f 2080 2073 2082
f 2081 2079 2083
f 2079 2033 2083
f 2083 2033 2085
f 2081 2083 2086
f 2086 2082 2081
f 2087 2083 2085
f 2083 2087 2086
f 2088 2087 2085
f 2088 2024 2087
f 2024 2090 2087
f 2086 2087 2090
f 2090 2024 2018
f 2092 2086 2090
f 2082 2086 2092
f 2093 2090 2018
f 2090 2093 2092
f 2093 2018 2094
f 2094 2015 2093
f 2015 2096 2093
f 2093 2096 2092
f 2015 2097 2096
f 2092 2096 2098
f 2097 2098 2096
f 2099 2082 2092
f 2099 2092 2098
f 2082 2099 2080
f 2098 2097 2100
f 2099 2098 2100
f 2097 2004 2100
f 2004 1998 2100
f 2099 2103 2080
f 2103 2099 2100
f 2103 2100 1998
f 1992 2080 2103
f 2104 2103 1998
f 2104 1992 2103
f 2176 2174 2107
f 2174 2108 2107
f 2174 2172 2108
f 2107 2108 2110
f 2111 2107 2110
f 2172 2112 2108
f 2110 2108 2112
f 2172 2113 2114
f 2112 2172 2114
f 2112 2114 2115
f 2115 2110 2112
f 2114 2235 2115
f 2110 2117 2111
f 2117 2118 2111
f 2118 2117 2188
f 2110 2115 2120
f 2120 2115 2235
f 2117 2110 2120
f 2237 2120 2235
f 2237 2122 2120
f 2117 2123 2188
f 2117 2120 2123
f 2188 2123 2189
f 2122 2125 2120
f 2120 2125 2123
f 2123 2126 2189
f 2123 2125 2126
f 2127 2125 2122
f 2125 2127 2126
f 2128 2127 2122
f 2189 2126 2129
f 2129 2126 2127
f 2130 2189 2129
f 2131 2127 2128
f 2131 2129 2127
f 2132 2131 2128
f 2131 2132 2212
f 2129 2134 2130
f 2134 2129 2131
f 2134 2135 2130
f 2197 2135 2134
f 2137 2197 2134
f 2138 2131 2212
f 2138 2134 2131
f 2134 2138 2137
f 2138 2212 2211
f 2138 2140 2137
f 2140 2138 2211
f 2140 2211 2143
f 2144 2140 2143
f 2144 2145 2140
f 2145 2137 2140
f 2137 2145 2197
f 2145 2198 2197
f 2144 2143 2149
f 2143 2213 2149
f 2151 2145 2144
f 2198 2145 2151
f 2149 2151 2144
f 2200 2198 2151
f 2200 2151 2153
f 2151 2154 2153
f 2151 2149 2154
f 2153 2154 2205
f 2156 2149 2213
f 2149 2156 2154
f 2157 2156 2213
f 2157 2221 2156
f 2154 2159 2205
f 2154 2156 2159
f 2221 2160 2156
f 2156 2160 2159
f 2159 2161 2205
f 2161 2159 2160
f 2161 2206 2205
f 2163 2160 2221
f 2163 2161 2160
f 2225 2163 2221
f 2206 2161 2165
f 2165 2161 2163
f 2207 2206 2165
f 2167 2163 2225
f 2167 2165 2163
f 2168 2167 2225
f 2167 2168 2228
f 2170 2167 2228
f 2167 2170 2165
f 2170 2228 2113
f 2172 2170 2113
f 2170 2173 2165
f 2173 2170 2172
f 2165 2173 2207
f 2174 2173 2172
f 2173 2175 2207
f 2174 2176 2173
f 2176 2175 2173
f 2176 2107 2179
f 2107 2111 2179
f 2175 2176 2179
f 2111 2182 2179
f 2182 2111 2118
f 2184 2175 2179
f 2185 2182 2118
f 2182 2186 2179
f 2186 2182 2185
f 2186 2184 2179
f 2185 2118 2187
f 2118 2188 2187
f 2189 2187 2188
f 2189 2130 2187
f 2185 2187 2191
f 2191 2186 2185
f 2130 2192 2187
f 2187 2192 2191
f 2192 2130 2135
f 2191 2192 2194
f 2194 2192 2135
f 2191 2195 2186
f 2195 2191 2194
f 2194 2135 2196
f 2195 2194 2196
f 2135 2197 2196
f 2197 2198 2196
f 2199 2196 2198
f 2199 2195 2196
f 2200 2199 2198
f 2200 2153 2199
f 2195 2199 2202
f 2153 2202 2199
f 2195 2203 2186
f 2203 2195 2202
f 2186 2203 2184
f 2202 2153 2204
f 2202 2204 2203
f 2153 2205 2204
f 2206 2204 2205
f 2206 2207 2204
f 2203 2208 2184
f 2204 2208 2203
f 2207 2208 2204
f 2175 2184 2208
f 2207 2175 2208
f 2209 2143 2211
f 2211 2212 2209
f 2213 2143 2209
f 2212 2214 2209
f 2212 2132 2214
f 2216 2213 2209
f 2132 2217 2214
f 2218 2216 2209
f 2214 2218 2209
f 2216 2219 2213
f 2219 2216 2218
f 2219 2157 2213
f 2157 2219 2221
f 2222 2218 2214
f 2217 2222 2214
f 2223 2219 2218
f 2223 2218 2222
f 2219 2224 2221
f 2224 2219 2223
f 2221 2224 2225
f 2168 2225 2224
f 2227 2168 2224
f 2227 2224 2223
f 2168 2227 2228
f 2223 2229 2227
f 2229 2223 2222
f 2227 2230 2228
f 2229 2230 2227
f 2228 2230 2231
f 2231 2230 2229
f 2113 2228 2231
f 2231 2114 2113
f 2234 2231 2229
f 2231 2234 2114
f 2229 2222 2234
f 2234 2235 2114
f 2235 2234 2236
f 2222 2236 2234
f 2237 2235 2236
f 2237 2236 2122
f 2239 2236 2222
f 2236 2239 2122
f 2217 2239 2222
f 2122 2239 2128
f 2217 2132 2239
f 2132 2128 2239
f 2312 2310 2243
f 2310 2244 2243
f 2310 2308 2244
f 2243 2244 2246
f 2247 2243 2246
f 2308 2248 2244
f 2246 2244 2248
f 2308 2249 2250
f 2248 2308 2250
f 2248 2250 2251
f 2251 2246 2248
f 2250 2371 2251
f 2246 2253 2247
f 2253 2254 2247
f 2254 2253 2324
f 2246 2251 2256
f 2256 2251 2371
f 2253 2246 2256
f 2373 2256 2371
f 2373 2258 2256
f 2253 2259 2324
f 2253 2256 2259
f 2324 2259 2325
f 2258 2261 2256
f 2256 2261 2259
f 2259 2262 2325
f 2259 2261 2262
f 2263 2261 2258
f 2261 2263 2262
f 2264 2263 2258
f 2325 2262 2265
f 2265 2262 2263
f 2266 2325 2265
f 2267 2263 2264
f 2267 2265 2263
f 2268 2267 2264
f 2267 2268 2348
f 2265 2270 2266
f 2270 2265 2267
f 2270 2271 2266
f 2333 2271 2270
f 2273 2333 2270
f 2274 2267 2348
f 2274 2270 2267
f 2270 2274 2273
f 2274 2348 2347
f 2274 2276 2273
f 2276 2274 2347
f 2276 2347 2279
f 2280 2276 2279
f 2280 2281 2276
f 2281 2273 2276
f 2273 2281 2333
f 2281 2334 2333
f 2280 2279 2285
f 2279 2349 2285
f 2287 2281 2280
f 2334 2281 2287
f 2285 2287 2280
f 2336 2334 2287
f 2336 2287 2289
f 2287 2290 2289
f 2287 2285 2290
f 2289 2290 2341
f 2292 2285 2349
f 2285 2292 2290
f 2293 2292 2349
f 2293 2357 2292
f 2290 2295 2341
f 2290 2292 2295
f 2357 2296 2292
f 2292 2296 2295
f 2295 2297 2341
f 2297 2295 2296
f 2297 2342 2341
f 2299 2296 2357
f 2299 2297 2296
f 2361 2299 2357
f 2342 2297 2301
f 2301 2297 2299
f 2343 2342 2301
f 2303 2299 2361
f 2303 2301 2299
f 2304 2303 2361
f 2303 2304 2364
f 2306 2303 2364
f 2303 2306 2301
f 2306 2364 2249
f 2308 2306 2249
f 2306 2309 2301
f 2309 2306 2308
f 2301 2309 2343
f 2310 2309 2308
f 2309 2311 2343
f 2310 2312 2309
f 2312 2311 2309
f 2312 2243 2315
f 2243 2247 2315
f 2311 2312 2315
f 2247 2318 2315
f 2318 2247 2254
f 2320 2311 2315
f 2321 2318 2254
f 2318 2322 2315
f 2322 2318 2321
f 2322 2320 2315
f 2321 2254 2323
f 2254 2324 2323
f 2325 2323 2324
f 2325 2266 2323
f 2321 2323 2327
f 2327 2322 2321
f 2266 2328 2323
f 2323 2328 2327
f 2328 2266 2271
f 2327 2328 2330
f 2330 2328 2271
f 2327 2331 2322
f 2331 2327 2330
f 2330 2271 2332
f 2331 2330 2332
f 2271 2333 2332
f 2333 2334 2332
f 2335 2332 2334
f 2335 2331 2332
f 2336 2335 2334
f 2336 2289 2335
f 2331 2335 2338
f 2289 2338 2335
f 2331 2339 2322
f 2339 2331 2338
f 2322 2339 2320
f 2338 2289 2340
f 2338 2340 2339
f 2289 2341 2340
f 2342 2340 2341
f 2342 2343 2340
f 2339 2344 2320
f 2340 2344 2339
f 2343 2344 2340
f 2311 2320 2344
f 2343 2311 2344
f 2345 2279 2347
f 2347 2348 2345
f 2349 2279 2345
f 2348 2350 2345
f 2348 2268 2350
f 2352 2349 2345
f 2268 2353 2350
f 2354 2352 2345
f 2350 2354 2345
f 2352 2355 2349
f 2355 2352 2354
f 2355 2293 2349
f 2293 2355 2357
f 2358 2354 2350
f 2353 2358 2350
f 2359 2355 2354
f 2359 2354 2358
f 2355 2360 2357
f 2360 2355 2359
f 2357 2360 2361
f 2304 2361 2360
f 2363 2304 2360
f 2363 2360 2359
f 2304 2363 2364
f 2359 2365 2363
f 2365 2359 2358
f 2363 2366 2364
f 2365 2366 2363
f 2364 2366 2367
f 2367 2366 2365
f 2249 2364 2367
f 2367 2250 2249
f 2370 2367 2365
f 2367 2370 2250
f 2365 2358 2370
f 2370 2371 2250
f 2371 2370 2372
f 2358 2372 2370
f 2373 2371 2372
f 2373 2372 2258
f 2375 2372 2358
f 2372 2375 2258
f 2353 2375 2358
f 2258 2375 2264
f 2353 2268 2375
f 2268 2264 2375
f 2448 2446 2379
f 2446 2380 2379
f 2446 2444 2380
f 2379 2380 2382
f 2383 2379 2382
f 2444 2384 2380
f 2382 2380 2384
f 2444 2385 2386
f 2384 2444 2386
f 2384 2386 2387
f 2387 2382 2384
f 2386 2507 2387
f 2382 2389 2383
f 2389 2390 2383
f 2390 2389 2460
f 2382 2387 2392
f 2392 2387 2507
f 2389 2382 2392
f 2509 2392 2507
f 2509 2394 2392
f 2389 2395 2460
f 2389 2392 2395
f 2460 2395 2461
f 2394 2397 2392
f 2392 2397 2395
f 2395 2398 2461
f 2395 2397 2398
f 2399 2397 2394
f 2397 2399 2398
f 2400 2399 2394
f 2461 2398 2401
f 2401 2398 2399
f 2402 2461 2401
f 2403 2399 2400
f 2403 2401 2399
f 2404 2403 2400
f 2403 2404 2484
f 2401 2406 2402
f 2406 2401 2403
f 2406 2407 2402
f 2469 2407 2406
f 2409 2469 2406
f 2410 2403 2484
f 2410 2406 2403
f 2406 2410 2409
f 2410 2484 2483
f 2410 2412 2409
f 2412 2410 2483
f 2412 2483 2415
f 2416 2412 2415
f 2416 2417 2412
f 2417 2409 2412
f 2409 2417 2469
f 2417 2470 2469
f 2416 2415 2421
f 2415 2485 2421
f 2423 2417 2416
f 2470 2417 2423
f 2421 2423 2416
f 2472 2470 2423
f 2472 2423 2425
f 2423 2426 2425
f 2423 2421 2426
f 2425 2426 2477
f 2428 2421 2485
f 2421 2428 2426
f 2429 2428 2485
f 2429 2493 2428
f 2426 2431 2477
f 2426 2428 2431
f 2493 2432 2428
f 2428 2432 2431
f 2431 2433 2477
f 2433 2431 2432
f 2433 2478 2477
f 2435 2432 2493
f 2435 2433 2432
f 2497 2435 2493
f 2478 2433 2437
f 2437 2433 2435
f 2479 2478 2437
f 2439 2435 2497
f 2439 2437 2435
f 2440 2439 2497
f 2439 2440 2500
f 2442 2439 2500
f 2439 2442 2437
f 2442 2500 2385
f 2444 2442 2385
f 2442 2445 2437
f 2445 2442 2444
f 2437 2445 2479
f 2446 2445 2444
f 2445 2447 2479
f 2446 2448 2445
f 2448 2447 2445
f 2448 2379 2451
f 2379 2383 2451
f 2447 2448 2451
f 2383 2454 2451
f 2454 2383 2390
f 2456 2447 2451
f 2457 2454 2390
f 2454 2458 2451
f 2458 2454 2457
f 2458 2456 2451
f 2457 2390 2459
f 2390 2460 2459
f 2461 2459 2460
f 2461 2402 2459
f 2457 2459 2463
f 2463 2458 2457
f 2402 2464 2459
f 2459 2464 2463
f 2464 2402 2407
f 2463 2464 2466
f 2466 2464 2407
f 2463 2467 2458
f 2467 2463 2466
f 2466 2407 2468
f 2467 2466 2468
f 2407 2469 2468
f 2469 2470 2468
f 2471 2468 2470
f 2471 2467 2468
f 2472 2471 2470
f 2472 2425 2471
f 2467 2471 2474
f 2425 2474 2471
f 2467 2475 2458
f 2475 2467 2474
f 2458 2475 2456
f 2474 2425 2476
f 2474 2476 2475
f 2425 2477 2476
f 2478 2476 2477
f 2478 2479 2476
f 2475 2480 2456
f 2476 2480 2475
f 2479 2480 2476
f 2447 2456 2480
f 2479 2447 2480
f 2481 2415 2483
f 2483 2484 2481
f 2485 2415 2481
f 2484 2486 2481
f 2484 2404 2486
f 2488 2485 2481
f 2404 2489 2486
f 2490 2488 2481
f 2486 2490 2481
f 2488 2491 2485
f 2491 2488 2490
f 2491 2429 2485
f 2429 2491 2493
f 2494 2490 2486
f 2489 2494 2486
f 2495 2491 2490
f 2495 2490 2494
f 2491 2496 2493
f 2496 2491 2495
f 2493 2496 2497
f 2440 2497 2496
f 2499 2440 2496
f 2499 2496 2495
f 2440 2499 2500
f 2495 2501 2499
f 2501 2495 2494
f 2499 2502 2500
f 2501 2502 2499
f 2500 2502 2503
f 2503 2502 2501
f 2385 2500 2503
f 2503 2386 2385
f 2506 2503 2501
f 2503 2506 2386
f 2501 2494 2506
f 2506 2507 2386
f 2507 2506 2508
f 2494 2508 2506
f 2509 2507 2508
f 2509 2508 2394
f 2511 2508 2494
f 2508 2511 2394
f 2489 2511 2494
f 2394 2511 2400
f 2489 2404 2511
f 2404 2400 2511
f 2584 2582 2515
f 2582 2516 2515
f 2582 2580 2516
f 2515 2516 2518
f 2519 2515 2518
f 2580 2520 2516
f 2518 2516 2520
f 2580 2521 2522
f 2520 2580 2522
f 2520 2522 2523
f 2523 2518 2520
f 2522 2643 2523
f 2518 2525 2519
f 2525 2526 2519
f 2526 2525 2596
f 2518 2523 2528
f 2528 2523 2643
f 2525 2518 2528
f 2645 2528 2643
f 2645 2530 2528
f 2525 2531 2596
f 2525 2528 2531
f 2596 2531 2597
f 2530 2533 2528
f 2528 2533 2531
f 2531 2534 2597
f 2531 2533 2534
f 2535 2533 2530
f 2533 2535 2534
f 2536 2535 2530
f 2597 2534 2537
f 2537 2534 2535
f 2538 2597 2537
f 2539 2535 2536
f 2539 2537 2535
f 2540 2539 2536
f 2539 2540 2620
f 2537 2542 2538
f 2542 2537 2539
f 2542 2543 2538
f 2605 2543 2542
f 2545 2605 2542
f 2546 2539 2620
f 2546 2542 2539
f 2542 2546 2545
f 2546 2620 2619
f 2546 2548 2545
f 2548 2546 2619
f 2548 2619 2551
f 2552 2548 2551
f 2552 2553 2548
f 2553 2545 2548
f 2545 2553 2605
f 2553 2606 2605
f 2552 2551 2557
f 2551 2621 2557
f 2559 2553 2552
f 2606 2553 2559
f 2557 2559 2552
f 2608 2606 2559
f 2608 2559 2561
f 2559 2562 2561
f 2559 2557 2562
f 2561 2562 2613
f 2564 2557 2621
f 2557 2564 2562
f 2565 2564 2621
f 2565 2629 2564
f 2562 2567 2613
f 2562 2564 2567
f 2629 2568 2564
f 2564 2568 2567
f 2567 2569 2613
f 2569 2567 2568
f 2569 2614 2613
f 2571 2568 2629
f 2571 2569 2568
f 2633 2571 2629
f 2614 2569 2573
f 2573 2569 2571
f 2615 2614 2573
f 2575 2571 2633
f 2575 2573 2571
f 2576 2575 2633
f 2575 2576 2636
f 2578 2575 2636
f 2575 2578 2573
f 2578 2636 2521
f 2580 2578 2521
f 2578 2581 2573
f 2581 2578 2580
f 2573 2581 2615
f 2582 2581 2580
f 2581 2583 2615
f 2582 2584 2581
f 2584 2583 2581
f 2584 2515 2587
f 2515 2519 2587
f 2583 2584 2587
f 2519 2590 2587
f 2590 2519 2526
f 2592 2583 2587
f 2593 2590 2526
f 2590 2594 2587
f 2594 2590 2593
f 2594 2592 2587
f 2593 2526 2595
f 2526 2596 2595
f 2597 2595 2596
f 2597 2538 2595
f 2593 2595 2599
f 2599 2594 2593
f 2538 2600 2595
f 2595 2600 2599
f 2600 2538 2543
f 2599 2600 2602
f 2602 2600 2543
f 2599 2603 2594
f 2603 2599 2602
f 2602 2543 2604
f 2603 2602 2604
f 2543 2605 2604
f 2605 2606 2604
f 2607 2604 2606
f 2607 2603 2604
f 2608 2607 2606
f 2608 2561 2607
f 2603 2607 2610
f 2561 2610 2607
f 2603 2611 2594
f 2611 2603 2610
f 2594 2611 2592
f 2610 2561 2612
f 2610 2612 2611
f 2561 2613 2612
f 2614 2612 2613
f 2614 2615 2612
f 2611 2616 2592
f 2612 2616 2611
f 2615 2616 2612
f 2583 2592 2616
f 2615 2583 2616
f 2617 2551 2619
f 2619 2620 2617
f 2621 2551 2617
f 2620 2622 2617
f 2620 2540 2622
f 2624 2621 2617
f 2540 2625 2622
f 2626 2624 2617
f 2622 2626 2617
f 2624 2627 2621
f 2627 2624 2626
f 2627 2565 2621
f 2565 2627 2629
f 2630 2626 2622
f 2625 2630 2622
f 2631 2627 2626
f 2631 2626 2630
f 2627 2632 2629
f 2632 2627 2631
f 2629 2632 2633
f 2576 2633 2632
f 2635 2576 2632
f 2635 2632 2631
f 2576 2635 2636
f 2631 2637 2635
f 2637 2631 2630
f 2635 2638 2636
f 2637 2638 2635
f 2636 2638 2639
f 2639 2638 2637
f 2521 2636 2639
f 2639 2522 2521
f 2642 2639 2637
f 2639 2642 2522
f 2637 2630 2642
f 2642 2643 2522
f 2643 2642 2644
f 2630 2644 2642
f 2645 2643 2644
f 2645 2644 2530
f 2647 2644 2630
f 2644 2647 2530
f 2625 2647 2630
f 2530 2647 2536
f 2625 2540 2647
f 2540 2536 2647
