v -18.8746 499.964 18.8746
v -18.8261 499.984 18.0684
v -19.2752 499.944 18.8746
v -19.6862 499.941 18.0684
v -18.826 499.984 -18.0684
v -20 499.903 18.0684
v -19.6862 499.903 18.826
v -19.6862 499.941 -18.0684
v -18.8746 499.964 -18.8746
v -19.2752 499.944 -18.8746
v -20 499.903 -18.0684
v -19.6862 499.903 -18.8261
v -20 498.097 18.0684
v -19.6862 498.097 18.826
v -19.2752 498.056 18.8746
v -20 498.097 -18.0684
v -19.6862 498.097 -18.8261
v -19.2752 498.056 -18.8746
v -19.6862 498.059 18.0684
v -18.8746 498.036 18.8746
v -19.6862 498.059 -18.0684
v -18.8261 498.016 18.0684
v -18.826 498.016 -18.0684
v -18.8746 498.036 -18.8746
v -18.0684 498 18.0684
v -18.0684 498.016 18.826
v -18.0684 498 -18.0684
v -18.0684 498.016 -18.8261
v 18.0684 498.016 -18.826
v 18.0684 498 18.0684
v 18.0684 498.016 18.826
v 18.8746 498.036 18.8746
v 18.8261 498.016 18.0684
v 18.0684 498 -18.0684
v 18.8746 498.036 -18.8746
v 18.8261 498.016 -18.0684
v 18.8261 498.016 -18.0684
v 18.8746 498.036 -18.8746
v 19.2752 498.056 -18.8746
v 19.6862 498.059 -18.0684
v 19.6862 498.059 18.0684
v 18.8261 498.016 18.0684
v 18.8746 498.036 18.8746
v 19.2752 498.056 18.8746
v 20 498.097 -18.0684
v 19.6862 498.097 -18.826
v 20 498.097 18.0684
v 19.6862 498.097 18.826
v 19.6862 499.903 18.826
v 20 499.903 18.0684
v 19.2752 499.944 18.8746
v 20 499.903 -18.0684
v 19.6862 499.903 -18.826
v 19.2753 499.944 -18.8746
v 19.6862 499.941 18.0684
v 19.6862 499.941 -18.0684
v 18.826 499.984 18.0684
v 18.8746 499.964 18.8746
v 18.8261 499.984 -18.0684
v 18.8746 499.964 -18.8746
v 18.0684 500 18.0684
v 18.0684 499.984 18.826
v 18.0684 500 -18.0684
v 18.0684 499.984 -18.826
v -18.0684 499.984 -18.8261
v -18.0684 500 -18.0684
v -18.8746 499.964 -18.8746
v -18.826 499.984 -18.0684
v -18.0684 500 18.0684
v -18.8261 499.984 18.0684
v -18.0684 499.984 18.826
v -18.8746 499.964 18.8746
v -18.8746 499.964 18.8746
v -19.2752 499.944 18.8746
v -18.8746 499.944 19.2752
v -19.6862 499.903 18.826
v -18.0684 499.984 18.826
v -18.8261 499.903 19.6861
v -19.6862 498.097 18.826
v -18.0684 499.941 19.6861
v -18.8261 498.097 19.6861
v -18.0684 499.903 20
v -18.8746 498.056 19.2752
v -19.2752 498.056 18.8746
v -18.8746 498.036 18.8746
v -18.0684 498.016 18.826
v -18.0684 498.097 20
v -18.0684 498.059 19.6861
v 18.0684 498.016 18.826
v 18.0684 498.059 19.6862
v 18.0684 498.097 20
v 18.8746 498.056 19.2752
v 18.8746 498.036 18.8746
v 19.2752 498.056 18.8746
v 18.8261 498.097 19.6862
v 19.6862 498.097 18.826
v 19.6862 499.903 18.826
v 18.826 499.903 19.6862
v 18.0684 499.903 20
v 18.8746 499.944 19.2752
v 19.2752 499.944 18.8746
v 18.8746 499.964 18.8746
v 18.0684 499.984 18.826
v 18.0684 499.941 19.6862
v 18.8746 498.056 -19.2752
v 19.2752 498.056 -18.8746
v 18.8746 498.036 -18.8746
v 18.0684 498.016 -18.826
v 19.6862 498.097 -18.826
v 18.0684 498.059 -19.6862
v -18.0684 498.016 -18.8261
v 18.8261 498.097 -19.6862
v -18.0684 498.059 -19.6862
v 18.0684 498.097 -20
v 18.8261 499.903 -19.6862
v 19.6862 499.903 -18.826
v 19.2753 499.944 -18.8746
v -18.0684 498.097 -20
v 18.0684 499.903 -20
v 18.8746 499.944 -19.2752
v 18.8746 499.964 -18.8746
v 18.0684 499.984 -18.826
v 18.0684 499.941 -19.6862
v -18.0684 499.984 -18.8261
v -18.0684 499.903 -20
v -18.0684 499.941 -19.6862
v -18.8746 499.944 -19.2752
v -18.8746 499.964 -18.8746
v -19.2752 499.944 -18.8746
v -18.826 499.903 -19.6862
v -19.6862 499.903 -18.8261
v -18.826 498.097 -19.6862
v -19.6862 498.097 -18.8261
v -19.2752 498.056 -18.8746
v -18.8746 498.056 -19.2752
v -18.8746 498.036 -18.8746
v -18.8746 505.721 20.4719
v -18.8261 505.78 20.4517
v -19.2752 505.662 20.4719
v -19.6862 505.655 20.4517
v -18.826 505.78 19.5483
v -20 505.545 20.4517
v -19.6862 505.545 20.4707
v -19.6862 505.655 19.5483
v -18.8746 505.721 19.5281
v -19.2752 505.662 19.5281
v -20 505.545 19.5483
v -19.6862 505.545 19.5293
v -20 500.281 20.4517
v -19.6862 500.281 20.4707
v -19.2752 500.164 20.4719
v -20 500.281 19.5483
v -19.6862 500.281 19.5293
v -19.2752 500.164 19.5281
v -19.6862 500.171 20.4517
v -18.8746 500.106 20.4719
v -19.6862 500.171 19.5483
v -18.8261 500.046 20.4517
v -18.826 500.046 19.5483
v -18.8746 500.106 19.5281
v -18.0684 500 20.4517
v -18.0684 500.046 20.4707
v -18.0684 500 19.5483
v -18.0684 500.046 19.5293
v 18.0684 500.046 19.5293
v 18.0684 500 20.4517
v 18.0684 500.046 20.4707
v 18.8746 500.106 20.4719
v 18.8261 500.046 20.4517
v 18.0684 500 19.5483
v 18.8746 500.106 19.5281
v 18.8261 500.046 19.5483
v 18.8261 500.046 19.5483
v 18.8746 500.106 19.5281
v 19.2752 500.164 19.5281
v 19.6862 500.171 19.5483
v 19.6862 500.171 20.4517
v 18.8261 500.046 20.4517
v 18.8746 500.106 20.4719
v 19.2752 500.164 20.4719
v 20 500.281 19.5483
v 19.6862 500.281 19.5293
v 20 500.281 20.4517
v 19.6862 500.281 20.4707
v 19.6862 505.545 20.4707
v 20 505.545 20.4517
v 19.2752 505.662 20.4719
v 20 505.545 19.5483
v 19.6862 505.545 19.5293
v 19.2753 505.662 19.5281
v 19.6862 505.655 20.4517
v 19.6862 505.655 19.5483
v 18.826 505.78 20.4517
v 18.8746 505.721 20.4719
v 18.8261 505.78 19.5483
v 18.8746 505.721 19.5281
v 18.0684 505.826 20.4517
v 18.0684 505.78 20.4707
v 18.0684 505.826 19.5483
v 18.0684 505.78 19.5293
v -18.0684 505.78 19.5293
v -18.0684 505.826 19.5483
v -18.8746 505.721 19.5281
v -18.826 505.78 19.5483
v -18.0684 505.826 20.4517
v -18.8261 505.78 20.4517
v -18.0684 505.78 20.4707
v -18.8746 505.721 20.4719
v -18.8746 505.721 20.4719
v -19.2752 505.662 20.4719
v -18.8746 505.662 20.4819
v -19.6862 505.545 20.4707
v -18.0684 505.78 20.4707
v -18.8261 505.545 20.4922
v -19.6862 500.281 20.4707
v -18.0684 505.655 20.4922
v -18.8261 500.281 20.4922
v -18.0684 505.545 20.5
v -18.8746 500.164 20.4819
v -19.2752 500.164 20.4719
v -18.8746 500.106 20.4719
v -18.0684 500.046 20.4707
v -18.0684 500.281 20.5
v -18.0684 500.171 20.4922
v 18.0684 500.046 20.4707
v 18.0684 500.171 20.4922
v 18.0684 500.281 20.5
v 18.8746 500.164 20.4819
v 18.8746 500.106 20.4719
v 19.2752 500.164 20.4719
v 18.8261 500.281 20.4922
v 19.6862 500.281 20.4707
v 19.6862 505.545 20.4707
v 18.826 505.545 20.4922
v 18.0684 505.545 20.5
v 18.8746 505.662 20.4819
v 19.2752 505.662 20.4719
v 18.8746 505.721 20.4719
v 18.0684 505.78 20.4707
v 18.0684 505.655 20.4922
v 18.8746 500.164 19.5181
v 19.2752 500.164 19.5281
v 18.8746 500.106 19.5281
v 18.0684 500.046 19.5293
v 19.6862 500.281 19.5293
v 18.0684 500.171 19.5078
v -18.0684 500.046 19.5293
v 18.8261 500.281 19.5078
v -18.0684 500.171 19.5078
v 18.0684 500.281 19.5
v 18.8261 505.545 19.5078
v 19.6862 505.545 19.5293
v 19.2753 505.662 19.5281
v -18.0684 500.281 19.5
v 18.0684 505.545 19.5
v 18.8746 505.662 19.5181
v 18.8746 505.721 19.5281
v 18.0684 505.78 19.5293
v 18.0684 505.655 19.5078
v -18.0684 505.78 19.5293
v -18.0684 505.545 19.5
v -18.0684 505.655 19.5078
v -18.8746 505.662 19.5181
v -18.8746 505.721 19.5281
v -19.2752 505.662 19.5281
v -18.826 505.545 19.5078
v -19.6862 505.545 19.5293
v -18.826 500.281 19.5078
v -19.6862 500.281 19.5293
v -19.2752 500.164 19.5281
v -18.8746 500.164 19.5181
v -18.8746 500.106 19.5281
v -18.8746 505.721 -19.5281
v -18.8261 505.78 -19.5483
v -19.2752 505.662 -19.5281
v -19.6862 505.655 -19.5483
v -18.826 505.78 -20.4517
v -20 505.545 -19.5483
v -19.6862 505.545 -19.5293
v -19.6862 505.655 -20.4517
v -18.8746 505.721 -20.4719
v -19.2752 505.662 -20.4719
v -20 505.545 -20.4517
v -19.6862 505.545 -20.4707
v -20 500.281 -19.5483
v -19.6862 500.281 -19.5293
v -19.2752 500.164 -19.5281
v -20 500.281 -20.4517
v -19.6862 500.281 -20.4707
v -19.2752 500.164 -20.4719
v -19.6862 500.171 -19.5483
v -18.8746 500.106 -19.5281
v -19.6862 500.171 -20.4517
v -18.8261 500.046 -19.5483
v -18.826 500.046 -20.4517
v -18.8746 500.106 -20.4719
v -18.0684 500 -19.5483
v -18.0684 500.046 -19.5293
v -18.0684 500 -20.4517
v -18.0684 500.046 -20.4707
v 18.0684 500.046 -20.4707
v 18.0684 500 -19.5483
v 18.0684 500.046 -19.5293
v 18.8746 500.106 -19.5281
v 18.8261 500.046 -19.5483
v 18.0684 500 -20.4517
v 18.8746 500.106 -20.4719
v 18.8261 500.046 -20.4517
v 18.8261 500.046 -20.4517
v 18.8746 500.106 -20.4719
v 19.2752 500.164 -20.4719
v 19.6862 500.171 -20.4517
v 19.6862 500.171 -19.5483
v 18.8261 500.046 -19.5483
v 18.8746 500.106 -19.5281
v 19.2752 500.164 -19.5281
v 20 500.281 -20.4517
v 19.6862 500.281 -20.4707
v 20 500.281 -19.5483
v 19.6862 500.281 -19.5293
v 19.6862 505.545 -19.5293
v 20 505.545 -19.5483
v 19.2752 505.662 -19.5281
v 20 505.545 -20.4517
v 19.6862 505.545 -20.4707
v 19.2753 505.662 -20.4719
v 19.6862 505.655 -19.5483
v 19.6862 505.655 -20.4517
v 18.826 505.78 -19.5483
v 18.8746 505.721 -19.5281
v 18.8261 505.78 -20.4517
v 18.8746 505.721 -20.4719
v 18.0684 505.826 -19.5483
v 18.0684 505.78 -19.5293
v 18.0684 505.826 -20.4517
v 18.0684 505.78 -20.4707
v -18.0684 505.78 -20.4707
v -18.0684 505.826 -20.4517
v -18.8746 505.721 -20.4719
v -18.826 505.78 -20.4517
v -18.0684 505.826 -19.5483
v -18.8261 505.78 -19.5483
v -18.0684 505.78 -19.5293
v -18.8746 505.721 -19.5281
v -18.8746 505.721 -19.5281
v -19.2752 505.662 -19.5281
v -18.8746 505.662 -19.5181
v -19.6862 505.545 -19.5293
v -18.0684 505.78 -19.5293
v -18.8261 505.545 -19.5078
v -19.6862 500.281 -19.5293
v -18.0684 505.655 -19.5078
v -18.8261 500.281 -19.5078
v -18.0684 505.545 -19.5
v -18.8746 500.164 -19.5181
v -19.2752 500.164 -19.5281
v -18.8746 500.106 -19.5281
v -18.0684 500.046 -19.5293
v -18.0684 500.281 -19.5
v -18.0684 500.171 -19.5078
v 18.0684 500.046 -19.5293
v 18.0684 500.171 -19.5078
v 18.0684 500.281 -19.5
v 18.8746 500.164 -19.5181
v 18.8746 500.106 -19.5281
v 19.2752 500.164 -19.5281
v 18.8261 500.281 -19.5078
v 19.6862 500.281 -19.5293
v 19.6862 505.545 -19.5293
v 18.826 505.545 -19.5078
v 18.0684 505.545 -19.5
v 18.8746 505.662 -19.5181
v 19.2752 505.662 -19.5281
v 18.8746 505.721 -19.5281
v 18.0684 505.78 -19.5293
v 18.0684 505.655 -19.5078
v 18.8746 500.164 -20.4819
v 19.2752 500.164 -20.4719
v 18.8746 500.106 -20.4719
v 18.0684 500.046 -20.4707
v 19.6862 500.281 -20.4707
v 18.0684 500.171 -20.4922
v -18.0684 500.046 -20.4707
v 18.8261 500.281 -20.4922
v -18.0684 500.171 -20.4922
v 18.0684 500.281 -20.5
v 18.8261 505.545 -20.4922
v 19.6862 505.545 -20.4707
v 19.2753 505.662 -20.4719
v -18.0684 500.281 -20.5
v 18.0684 505.545 -20.5
v 18.8746 505.662 -20.4819
v 18.8746 505.721 -20.4719
v 18.0684 505.78 -20.4707
v 18.0684 505.655 -20.4922
v -18.0684 505.78 -20.4707
v -18.0684 505.545 -20.5
v -18.0684 505.655 -20.4922
v -18.8746 505.662 -20.4819
v -18.8746 505.721 -20.4719
v -19.2752 505.662 -20.4719
v -18.826 505.545 -20.4922
v -19.6862 505.545 -20.4707
v -18.826 500.281 -20.4922
v -19.6862 500.281 -20.4707
v -19.2752 500.164 -20.4719
v -18.8746 500.164 -20.4819
v -18.8746 500.106 -20.4719
v 19.5281 505.721 18.8746
v 19.5293 505.78 18.0684
v 19.5181 505.662 18.8746
v 19.5078 505.655 18.0684
v 19.5293 505.78 -18.0684
v 19.5 505.545 18.0684
v 19.5078 505.545 18.826
v 19.5078 505.655 -18.0684
v 19.5281 505.721 -18.8746
v 19.5181 505.662 -18.8746
v 19.5 505.545 -18.0684
v 19.5078 505.545 -18.8261
v 19.5 500.281 18.0684
v 19.5078 500.281 18.826
v 19.5181 500.164 18.8746
v 19.5 500.281 -18.0684
v 19.5078 500.281 -18.8261
v 19.5181 500.164 -18.8746
v 19.5078 500.171 18.0684
v 19.5281 500.106 18.8746
v 19.5078 500.171 -18.0684
v 19.5293 500.046 18.0684
v 19.5293 500.046 -18.0684
v 19.5281 500.106 -18.8746
v 19.5483 500 18.0684
v 19.5483 500.046 18.826
v 19.5483 500 -18.0684
v 19.5483 500.046 -18.8261
v 20.4517 500.046 -18.826
v 20.4517 500 18.0684
v 20.4517 500.046 18.826
v 20.4719 500.106 18.8746
v 20.4707 500.046 18.0684
v 20.4517 500 -18.0684
v 20.4719 500.106 -18.8746
v 20.4707 500.046 -18.0684
v 20.4707 500.046 -18.0684
v 20.4719 500.106 -18.8746
v 20.4819 500.164 -18.8746
v 20.4922 500.171 -18.0684
v 20.4922 500.171 18.0684
v 20.4707 500.046 18.0684
v 20.4719 500.106 18.8746
v 20.4819 500.164 18.8746
v 20.5 500.281 -18.0684
v 20.4922 500.281 -18.826
v 20.5 500.281 18.0684
v 20.4922 500.281 18.826
v 20.4922 505.545 18.826
v 20.5 505.545 18.0684
v 20.4819 505.662 18.8746
v 20.5 505.545 -18.0684
v 20.4922 505.545 -18.826
v 20.4819 505.662 -18.8746
v 20.4922 505.655 18.0684
v 20.4922 505.655 -18.0684
v 20.4707 505.78 18.0684
v 20.4719 505.721 18.8746
v 20.4707 505.78 -18.0684
v 20.4719 505.721 -18.8746
v 20.4517 505.826 18.0684
v 20.4517 505.78 18.826
v 20.4517 505.826 -18.0684
v 20.4517 505.78 -18.826
v 19.5483 505.78 -18.8261
v 19.5483 505.826 -18.0684
v 19.5281 505.721 -18.8746
v 19.5293 505.78 -18.0684
v 19.5483 505.826 18.0684
v 19.5293 505.78 18.0684
v 19.5483 505.78 18.826
v 19.5281 505.721 18.8746
v 19.5281 505.721 18.8746
v 19.5181 505.662 18.8746
v 19.5281 505.662 19.2752
v 19.5078 505.545 18.826
v 19.5483 505.78 18.826
v 19.5293 505.545 19.6861
v 19.5078 500.281 18.826
v 19.5483 505.655 19.6861
v 19.5293 500.281 19.6861
v 19.5483 505.545 20
v 19.5281 500.164 19.2752
v 19.5181 500.164 18.8746
v 19.5281 500.106 18.8746
v 19.5483 500.046 18.826
v 19.5483 500.281 20
v 19.5483 500.171 19.6861
v 20.4517 500.046 18.826
v 20.4517 500.171 19.6862
v 20.4517 500.281 20
v 20.4719 500.164 19.2752
v 20.4719 500.106 18.8746
v 20.4819 500.164 18.8746
v 20.4707 500.281 19.6862
v 20.4922 500.281 18.826
v 20.4922 505.545 18.826
v 20.4707 505.545 19.6862
v 20.4517 505.545 20
v 20.4719 505.662 19.2752
v 20.4819 505.662 18.8746
v 20.4719 505.721 18.8746
v 20.4517 505.78 18.826
v 20.4517 505.655 19.6862
v 20.4719 500.164 -19.2752
v 20.4819 500.164 -18.8746
v 20.4719 500.106 -18.8746
v 20.4517 500.046 -18.826
v 20.4922 500.281 -18.826
v 20.4517 500.171 -19.6862
v 19.5483 500.046 -18.8261
v 20.4707 500.281 -19.6862
v 19.5483 500.171 -19.6862
v 20.4517 500.281 -20
v 20.4707 505.545 -19.6862
v 20.4922 505.545 -18.826
v 20.4819 505.662 -18.8746
v 19.5483 500.281 -20
v 20.4517 505.545 -20
v 20.4719 505.662 -19.2752
v 20.4719 505.721 -18.8746
v 20.4517 505.78 -18.826
v 20.4517 505.655 -19.6862
v 19.5483 505.78 -18.8261
v 19.5483 505.545 -20
v 19.5483 505.655 -19.6862
v 19.5281 505.662 -19.2752
v 19.5281 505.721 -18.8746
v 19.5181 505.662 -18.8746
v 19.5293 505.545 -19.6862
v 19.5078 505.545 -18.8261
v 19.5293 500.281 -19.6862
v 19.5078 500.281 -18.8261
v 19.5181 500.164 -18.8746
v 19.5281 500.164 -19.2752
v 19.5281 500.106 -18.8746
v -20.4719 505.721 18.8746
v -20.4707 505.78 18.0684
v -20.4819 505.662 18.8746
v -20.4922 505.655 18.0684
v -20.4707 505.78 -18.0684
v -20.5 505.545 18.0684
v -20.4922 505.545 18.826
v -20.4922 505.655 -18.0684
v -20.4719 505.721 -18.8746
v -20.4819 505.662 -18.8746
v -20.5 505.545 -18.0684
v -20.4922 505.545 -18.8261
v -20.5 500.281 18.0684
v -20.4922 500.281 18.826
v -20.4819 500.164 18.8746
v -20.5 500.281 -18.0684
v -20.4922 500.281 -18.8261
v -20.4819 500.164 -18.8746
v -20.4922 500.171 18.0684
v -20.4719 500.106 18.8746
v -20.4922 500.171 -18.0684
v -20.4707 500.046 18.0684
v -20.4707 500.046 -18.0684
v -20.4719 500.106 -18.8746
v -20.4517 500 18.0684
v -20.4517 500.046 18.826
v -20.4517 500 -18.0684
v -20.4517 500.046 -18.8261
v -19.5483 500.046 -18.826
v -19.5483 500 18.0684
v -19.5483 500.046 18.826
v -19.5281 500.106 18.8746
v -19.5293 500.046 18.0684
v -19.5483 500 -18.0684
v -19.5281 500.106 -18.8746
v -19.5293 500.046 -18.0684
v -19.5293 500.046 -18.0684
v -19.5281 500.106 -18.8746
v -19.5181 500.164 -18.8746
v -19.5078 500.171 -18.0684
v -19.5078 500.171 18.0684
v -19.5293 500.046 18.0684
v -19.5281 500.106 18.8746
v -19.5181 500.164 18.8746
v -19.5 500.281 -18.0684
v -19.5078 500.281 -18.826
v -19.5 500.281 18.0684
v -19.5078 500.281 18.826
v -19.5078 505.545 18.826
v -19.5 505.545 18.0684
v -19.5181 505.662 18.8746
v -19.5 505.545 -18.0684
v -19.5078 505.545 -18.826
v -19.5181 505.662 -18.8746
v -19.5078 505.655 18.0684
v -19.5078 505.655 -18.0684
v -19.5293 505.78 18.0684
v -19.5281 505.721 18.8746
v -19.5293 505.78 -18.0684
v -19.5281 505.721 -18.8746
v -19.5483 505.826 18.0684
v -19.5483 505.78 18.826
v -19.5483 505.826 -18.0684
v -19.5483 505.78 -18.826
v -20.4517 505.78 -18.8261
v -20.4517 505.826 -18.0684
v -20.4719 505.721 -18.8746
v -20.4707 505.78 -18.0684
v -20.4517 505.826 18.0684
v -20.4707 505.78 18.0684
v -20.4517 505.78 18.826
v -20.4719 505.721 18.8746
v -20.4719 505.721 18.8746
v -20.4819 505.662 18.8746
v -20.4719 505.662 19.2752
v -20.4922 505.545 18.826
v -20.4517 505.78 18.826
v -20.4707 505.545 19.6861
v -20.4922 500.281 18.826
v -20.4517 505.655 19.6861
v -20.4707 500.281 19.6861
v -20.4517 505.545 20
v -20.4719 500.164 19.2752
v -20.4819 500.164 18.8746
v -20.4719 500.106 18.8746
v -20.4517 500.046 18.826
v -20.4517 500.281 20
v -20.4517 500.171 19.6861
v -19.5483 500.046 18.826
v -19.5483 500.171 19.6862
v -19.5483 500.281 20
v -19.5281 500.164 19.2752
v -19.5281 500.106 18.8746
v -19.5181 500.164 18.8746
v -19.5293 500.281 19.6862
v -19.5078 500.281 18.826
v -19.5078 505.545 18.826
v -19.5293 505.545 19.6862
v -19.5483 505.545 20
v -19.5281 505.662 19.2752
v -19.5181 505.662 18.8746
v -19.5281 505.721 18.8746
v -19.5483 505.78 18.826
v -19.5483 505.655 19.6862
v -19.5281 500.164 -19.2752
v -19.5181 500.164 -18.8746
v -19.5281 500.106 -18.8746
v -19.5483 500.046 -18.826
v -19.5078 500.281 -18.826
v -19.5483 500.171 -19.6862
v -20.4517 500.046 -18.8261
v -19.5293 500.281 -19.6862
v -20.4517 500.171 -19.6862
v -19.5483 500.281 -20
v -19.5293 505.545 -19.6862
v -19.5078 505.545 -18.826
v -19.5181 505.662 -18.8746
v -20.4517 500.281 -20
v -19.5483 505.545 -20
v -19.5281 505.662 -19.2752
v -19.5281 505.721 -18.8746
v -19.5483 505.78 -18.826
v -19.5483 505.655 -19.6862
v -20.4517 505.78 -18.8261
v -20.4517 505.545 -20
v -20.4517 505.655 -19.6862
v -20.4719 505.662 -19.2752
v -20.4719 505.721 -18.8746
v -20.4819 505.662 -18.8746
v -20.4707 505.545 -19.6862
v -20.4922 505.545 -18.8261
v -20.4707 500.281 -19.6862
v -20.4922 500.281 -18.8261
v -20.4819 500.164 -18.8746
v -20.4719 500.164 -19.2752
v -20.4719 500.106 -18.8746
v -19.7941 503.576 0.566238
v -19.7852 503.613 0.542052
v -19.8674 503.54 0.566238
v -19.9426 503.535 0.542052
v -19.7852 503.613 -0.542052
v -20 503.466 0.542052
v -19.9426 503.466 0.564781
v -19.9426 503.535 -0.542052
v -19.7941 503.576 -0.566238
v -19.8674 503.54 -0.566238
v -20 503.466 -0.542052
v -19.9426 503.466 -0.564782
v -20 500.176 0.542052
v -19.9426 500.176 0.564781
v -19.8674 500.102 0.566238
v -20 500.176 -0.542052
v -19.9426 500.176 -0.564782
v -19.8674 500.102 -0.566238
v -19.9426 500.107 0.542052
v -19.7941 500.066 0.566238
v -19.9426 500.107 -0.542052
v -19.7852 500.029 0.542052
v -19.7852 500.029 -0.542052
v -19.7941 500.066 -0.566238
v -19.6466 500 0.542052
v -19.6466 500.029 0.564781
v -19.6466 500 -0.542052
v -19.6466 500.029 -0.564782
v -13.035 500.029 -0.564781
v -13.035 500 0.542052
v -13.035 500.029 0.564782
v -12.8875 500.066 0.566238
v -12.8964 500.029 0.542052
v -13.035 500 -0.542052
v -12.8875 500.066 -0.566238
v -12.8964 500.029 -0.542052
v -12.8964 500.029 -0.542052
v -12.8875 500.066 -0.566238
v -12.8142 500.102 -0.566238
v -12.739 500.107 -0.542052
v -12.739 500.107 0.542052
v -12.8964 500.029 0.542052
v -12.8875 500.066 0.566238
v -12.8142 500.102 0.566238
v -12.6816 500.176 -0.542052
v -12.739 500.176 -0.564781
v -12.6816 500.176 0.542052
v -12.739 500.176 0.564782
v -12.739 503.466 0.564782
v -12.6816 503.466 0.542052
v -12.8142 503.54 0.566238
v -12.6816 503.466 -0.542052
v -12.739 503.466 -0.564781
v -12.8142 503.54 -0.566238
v -12.739 503.535 0.542052
v -12.739 503.535 -0.542052
v -12.8964 503.613 0.542052
v -12.8875 503.576 0.566238
v -12.8964 503.613 -0.542052
v -12.8875 503.576 -0.566238
v -13.035 503.642 0.542052
v -13.035 503.613 0.564782
v -13.035 503.642 -0.542052
v -13.035 503.613 -0.564781
v -19.6466 503.613 -0.564782
v -19.6466 503.642 -0.542052
v -19.7941 503.576 -0.566238
v -19.7852 503.613 -0.542052
v -19.6466 503.642 0.542052
v -19.7852 503.613 0.542052
v -19.6466 503.613 0.564781
v -19.7941 503.576 0.566238
v -19.7941 503.576 0.566238
v -19.8674 503.54 0.566238
v -19.7941 503.54 0.578257
v -19.9426 503.466 0.564781
v -19.6466 503.613 0.564781
v -19.7852 503.466 0.590585
v -19.9426 500.176 0.564781
v -19.6466 503.535 0.590585
v -19.7852 500.176 0.590585
v -19.6466 503.466 0.6
v -19.7941 500.102 0.578257
v -19.8674 500.102 0.566238
v -19.7941 500.066 0.566238
v -19.6466 500.029 0.564781
v -19.6466 500.176 0.6
v -19.6466 500.107 0.590585
v -13.035 500.029 0.564782
v -13.035 500.107 0.590585
v -13.035 500.176 0.6
v -12.8875 500.102 0.578257
v -12.8875 500.066 0.566238
v -12.8142 500.102 0.566238
v -12.8964 500.176 0.590585
v -12.739 500.176 0.564782
v -12.739 503.466 0.564782
v -12.8964 503.466 0.590585
v -13.035 503.466 0.6
v -12.8875 503.54 0.578258
v -12.8142 503.54 0.566238
v -12.8875 503.576 0.566238
v -13.035 503.613 0.564782
v -13.035 503.535 0.590585
v -12.8875 500.102 -0.578258
v -12.8142 500.102 -0.566238
v -12.8875 500.066 -0.566238
v -13.035 500.029 -0.564781
v -12.739 500.176 -0.564781
v -13.035 500.107 -0.590585
v -19.6466 500.029 -0.564782
v -12.8964 500.176 -0.590585
v -19.6466 500.107 -0.590586
v -13.035 500.176 -0.6
v -12.8964 503.466 -0.590585
v -12.739 503.466 -0.564781
v -12.8142 503.54 -0.566238
v -19.6466 500.176 -0.6
v -13.035 503.466 -0.6
v -12.8875 503.54 -0.578258
v -12.8875 503.576 -0.566238
v -13.035 503.613 -0.564781
v -13.035 503.535 -0.590585
v -19.6466 503.613 -0.564782
v -19.6466 503.466 -0.6
v -19.6466 503.535 -0.590586
v -19.7941 503.54 -0.578258
v -19.7941 503.576 -0.566238
v -19.8674 503.54 -0.566238
v -19.7852 503.466 -0.590586
v -19.9426 503.466 -0.564782
v -19.7852 500.176 -0.590586
v -19.9426 500.176 -0.564782
v -19.8674 500.102 -0.566238
v -19.7941 500.102 -0.578258
v -19.7941 500.066 -0.566238
v -8.9002 503.576 0.566238
v -8.89132 503.613 0.542052
v -8.9735 503.54 0.566238
v -9.04868 503.535 0.542052
v -8.89131 503.613 -0.542052
v -9.1061 503.466 0.542052
v -9.04868 503.466 0.564781
v -9.04868 503.535 -0.542052
v -8.9002 503.576 -0.566238
v -8.9735 503.54 -0.566238
v -9.1061 503.466 -0.542052
v -9.04868 503.466 -0.564782
v -9.1061 500.176 0.542052
v -9.04868 500.176 0.564781
v -8.9735 500.102 0.566238
v -9.1061 500.176 -0.542052
v -9.04868 500.176 -0.564782
v -8.9735 500.102 -0.566238
v -9.04868 500.107 0.542052
v -8.9002 500.066 0.566238
v -9.04868 500.107 -0.542052
v -8.89132 500.029 0.542052
v -8.89131 500.029 -0.542052
v -8.9002 500.066 -0.566238
v -8.75269 500 0.542052
v -8.75269 500.029 0.564781
v -8.75269 500 -0.542052
v -8.75269 500.029 -0.564782
v -2.14111 500.029 -0.564781
v -2.14111 500 0.542052
v -2.14111 500.029 0.564782
v -1.9936 500.066 0.566238
v -2.00248 500.029 0.542052
v -2.14111 500 -0.542052
v -1.9936 500.066 -0.566238
v -2.00248 500.029 -0.542052
v -2.00248 500.029 -0.542052
v -1.9936 500.066 -0.566238
v -1.9203 500.102 -0.566238
v -1.84512 500.107 -0.542052
v -1.84512 500.107 0.542052
v -2.00248 500.029 0.542052
v -1.9936 500.066 0.566238
v -1.9203 500.102 0.566238
v -1.7877 500.176 -0.542052
v -1.84512 500.176 -0.564781
v -1.7877 500.176 0.542052
v -1.84512 500.176 0.564782
v -1.84512 503.466 0.564782
v -1.7877 503.466 0.542052
v -1.9203 503.54 0.566238
v -1.7877 503.466 -0.542052
v -1.84512 503.466 -0.564781
v -1.9203 503.54 -0.566238
v -1.84512 503.535 0.542052
v -1.84512 503.535 -0.542052
v -2.00249 503.613 0.542052
v -1.99361 503.576 0.566238
v -2.00248 503.613 -0.542052
v -1.9936 503.576 -0.566238
v -2.14111 503.642 0.542052
v -2.14111 503.613 0.564782
v -2.14111 503.642 -0.542052
v -2.14111 503.613 -0.564781
v -8.75269 503.613 -0.564782
v -8.75269 503.642 -0.542052
v -8.9002 503.576 -0.566238
v -8.89131 503.613 -0.542052
v -8.75269 503.642 0.542052
v -8.89132 503.613 0.542052
v -8.75269 503.613 0.564781
v -8.9002 503.576 0.566238
v -8.9002 503.576 0.566238
v -8.9735 503.54 0.566238
v -8.9002 503.54 0.578257
v -9.04868 503.466 0.564781
v -8.75269 503.613 0.564781
v -8.89132 503.466 0.590585
v -9.04868 500.176 0.564781
v -8.75269 503.535 0.590585
v -8.89132 500.176 0.590585
v -8.75269 503.466 0.6
v -8.9002 500.102 0.578257
v -8.9735 500.102 0.566238
v -8.9002 500.066 0.566238
v -8.75269 500.029 0.564781
v -8.75269 500.176 0.6
v -8.75269 500.107 0.590585
v -2.14111 500.029 0.564782
v -2.14111 500.107 0.590585
v -2.14111 500.176 0.6
v -1.9936 500.102 0.578257
v -1.9936 500.066 0.566238
v -1.9203 500.102 0.566238
v -2.00248 500.176 0.590585
v -1.84512 500.176 0.564782
v -1.84512 503.466 0.564782
v -2.00249 503.466 0.590585
v -2.14111 503.466 0.6
v -1.99361 503.54 0.578258
v -1.9203 503.54 0.566238
v -1.99361 503.576 0.566238
v -2.14111 503.613 0.564782
v -2.14111 503.535 0.590585
v -1.9936 500.102 -0.578258
v -1.9203 500.102 -0.566238
v -1.9936 500.066 -0.566238
v -2.14111 500.029 -0.564781
v -1.84512 500.176 -0.564781
v -2.14111 500.107 -0.590585
v -8.75269 500.029 -0.564782
v -2.00248 500.176 -0.590585
v -8.75269 500.107 -0.590586
v -2.14111 500.176 -0.6
v -2.00248 503.466 -0.590585
v -1.84512 503.466 -0.564781
v -1.9203 503.54 -0.566238
v -8.75269 500.176 -0.6
v -2.1411 503.466 -0.6
v -1.9936 503.54 -0.578258
v -1.9936 503.576 -0.566238
v -2.14111 503.613 -0.564781
v -2.1411 503.535 -0.590585
v -8.75269 503.613 -0.564782
v -8.75269 503.466 -0.6
v -8.75269 503.535 -0.590586
v -8.9002 503.54 -0.578258
v -8.9002 503.576 -0.566238
v -8.9735 503.54 -0.566238
v -8.89131 503.466 -0.590586
v -9.04868 503.466 -0.564782
v -8.89131 500.176 -0.590586
v -9.04868 500.176 -0.564782
v -8.9735 500.102 -0.566238
v -8.9002 500.102 -0.578258
v -8.9002 500.066 -0.566238
v 1.9936 503.576 0.566238
v 2.00248 503.613 0.542052
v 1.9203 503.54 0.566238
v 1.84512 503.535 0.542052
v 2.00249 503.613 -0.542052
v 1.7877 503.466 0.542052
v 1.84512 503.466 0.564781
v 1.84512 503.535 -0.542052
v 1.9936 503.576 -0.566238
v 1.9203 503.54 -0.566238
v 1.7877 503.466 -0.542052
v 1.84512 503.466 -0.564782
v 1.7877 500.176 0.542052
v 1.84512 500.176 0.564781
v 1.9203 500.102 0.566238
v 1.7877 500.176 -0.542052
v 1.84512 500.176 -0.564782
v 1.9203 500.102 -0.566238
v 1.84512 500.107 0.542052
v 1.9936 500.066 0.566238
v 1.84512 500.107 -0.542052
v 2.00248 500.029 0.542052
v 2.00249 500.029 -0.542052
v 1.9936 500.066 -0.566238
v 2.14111 500 0.542052
v 2.14111 500.029 0.564781
v 2.14111 500 -0.542052
v 2.14111 500.029 -0.564782
v 8.75269 500.029 -0.564781
v 8.75269 500 0.542052
v 8.75269 500.029 0.564782
v 8.9002 500.066 0.566238
v 8.89132 500.029 0.542052
v 8.75269 500 -0.542052
v 8.9002 500.066 -0.566238
v 8.89132 500.029 -0.542052
v 8.89132 500.029 -0.542052
v 8.9002 500.066 -0.566238
v 8.9735 500.102 -0.566238
v 9.04868 500.107 -0.542052
v 9.04868 500.107 0.542052
v 8.89132 500.029 0.542052
v 8.9002 500.066 0.566238
v 8.9735 500.102 0.566238
v 9.1061 500.176 -0.542052
v 9.04868 500.176 -0.564781
v 9.1061 500.176 0.542052
v 9.04868 500.176 0.564782
v 9.04868 503.466 0.564782
v 9.1061 503.466 0.542052
v 8.9735 503.54 0.566238
v 9.1061 503.466 -0.542052
v 9.04868 503.466 -0.564781
v 8.9735 503.54 -0.566238
v 9.04868 503.535 0.542052
v 9.04868 503.535 -0.542052
v 8.89131 503.613 0.542052
v 8.90019 503.576 0.566238
v 8.89132 503.613 -0.542052
v 8.9002 503.576 -0.566238
v 8.75269 503.642 0.542052
v 8.75269 503.613 0.564782
v 8.75269 503.642 -0.542052
v 8.75269 503.613 -0.564781
v 2.14111 503.613 -0.564782
v 2.14111 503.642 -0.542052
v 1.9936 503.576 -0.566238
v 2.00249 503.613 -0.542052
v 2.14111 503.642 0.542052
v 2.00248 503.613 0.542052
v 2.14111 503.613 0.564781
v 1.9936 503.576 0.566238
v 1.9936 503.576 0.566238
v 1.9203 503.54 0.566238
v 1.9936 503.54 0.578257
v 1.84512 503.466 0.564781
v 2.14111 503.613 0.564781
v 2.00248 503.466 0.590585
v 1.84512 500.176 0.564781
v 2.14111 503.535 0.590585
v 2.00248 500.176 0.590585
v 2.14111 503.466 0.6
v 1.9936 500.102 0.578257
v 1.9203 500.102 0.566238
v 1.9936 500.066 0.566238
v 2.14111 500.029 0.564781
v 2.14111 500.176 0.6
v 2.14111 500.107 0.590585
v 8.75269 500.029 0.564782
v 8.75269 500.107 0.590585
v 8.75269 500.176 0.6
v 8.9002 500.102 0.578257
v 8.9002 500.066 0.566238
v 8.9735 500.102 0.566238
v 8.89132 500.176 0.590585
v 9.04868 500.176 0.564782
v 9.04868 503.466 0.564782
v 8.89131 503.466 0.590585
v 8.75269 503.466 0.6
v 8.90019 503.54 0.578258
v 8.9735 503.54 0.566238
v 8.90019 503.576 0.566238
v 8.75269 503.613 0.564782
v 8.75269 503.535 0.590585
v 8.9002 500.102 -0.578258
v 8.9735 500.102 -0.566238
v 8.9002 500.066 -0.566238
v 8.75269 500.029 -0.564781
v 9.04868 500.176 -0.564781
v 8.75269 500.107 -0.590585
v 2.14111 500.029 -0.564782
v 8.89132 500.176 -0.590585
v 2.14111 500.107 -0.590586
v 8.75269 500.176 -0.6
v 8.89132 503.466 -0.590585
v 9.04868 503.466 -0.564781
v 8.9735 503.54 -0.566238
v 2.14111 500.176 -0.6
v 8.7527 503.466 -0.6
v 8.9002 503.54 -0.578258
v 8.9002 503.576 -0.566238
v 8.75269 503.613 -0.564781
v 8.7527 503.535 -0.590585
v 2.14111 503.613 -0.564782
v 2.14111 503.466 -0.6
v 2.14111 503.535 -0.590586
v 1.9936 503.54 -0.578258
v 1.9936 503.576 -0.566238
v 1.9203 503.54 -0.566238
v 2.00249 503.466 -0.590586
v 1.84512 503.466 -0.564782
v 2.00249 500.176 -0.590586
v 1.84512 500.176 -0.564782
v 1.9203 500.102 -0.566238
v 1.9936 500.102 -0.578258
v 1.9936 500.066 -0.566238
v 12.8875 503.576 0.566238
v 12.8964 503.613 0.542052
v 12.8142 503.54 0.566238
v 12.739 503.535 0.542052
v 12.8964 503.613 -0.542052
v 12.6816 503.466 0.542052
v 12.739 503.466 0.564781
v 12.739 503.535 -0.542052
v 12.8875 503.576 -0.566238
v 12.8142 503.54 -0.566238
v 12.6816 503.466 -0.542052
v 12.739 503.466 -0.564782
v 12.6816 500.176 0.542052
v 12.739 500.176 0.564781
v 12.8142 500.102 0.566238
v 12.6816 500.176 -0.542052
v 12.739 500.176 -0.564782
v 12.8142 500.102 -0.566238
v 12.739 500.107 0.542052
v 12.8875 500.066 0.566238
v 12.739 500.107 -0.542052
v 12.8964 500.029 0.542052
v 12.8964 500.029 -0.542052
v 12.8875 500.066 -0.566238
v 13.035 500 0.542052
v 13.035 500.029 0.564781
v 13.035 500 -0.542052
v 13.035 500.029 -0.564782
v 19.6466 500.029 -0.564781
v 19.6466 500 0.542052
v 19.6466 500.029 0.564782
v 19.7941 500.066 0.566238
v 19.7852 500.029 0.542052
v 19.6466 500 -0.542052
v 19.7941 500.066 -0.566238
v 19.7852 500.029 -0.542052
v 19.7852 500.029 -0.542052
v 19.7941 500.066 -0.566238
v 19.8674 500.102 -0.566238
v 19.9426 500.107 -0.542052
v 19.9426 500.107 0.542052
v 19.7852 500.029 0.542052
v 19.7941 500.066 0.566238
v 19.8674 500.102 0.566238
v 20 500.176 -0.542052
v 19.9426 500.176 -0.564781
v 20 500.176 0.542052
v 19.9426 500.176 0.564782
v 19.9426 503.466 0.564782
v 20 503.466 0.542052
v 19.8674 503.54 0.566238
v 20 503.466 -0.542052
v 19.9426 503.466 -0.564781
v 19.8674 503.54 -0.566238
v 19.9426 503.535 0.542052
v 19.9426 503.535 -0.542052
v 19.7852 503.613 0.542052
v 19.7941 503.576 0.566238
v 19.7852 503.613 -0.542052
v 19.7941 503.576 -0.566238
v 19.6466 503.642 0.542052
v 19.6466 503.613 0.564782
v 19.6466 503.642 -0.542052
v 19.6466 503.613 -0.564781
v 13.035 503.613 -0.564782
v 13.035 503.642 -0.542052
v 12.8875 503.576 -0.566238
v 12.8964 503.613 -0.542052
v 13.035 503.642 0.542052
v 12.8964 503.613 0.542052
v 13.035 503.613 0.564781
v 12.8875 503.576 0.566238
v 12.8875 503.576 0.566238
v 12.8142 503.54 0.566238
v 12.8875 503.54 0.578257
v 12.739 503.466 0.564781
v 13.035 503.613 0.564781
v 12.8964 503.466 0.590585
v 12.739 500.176 0.564781
v 13.035 503.535 0.590585
v 12.8964 500.176 0.590585
v 13.035 503.466 0.6
v 12.8875 500.102 0.578257
v 12.8142 500.102 0.566238
v 12.8875 500.066 0.566238
v 13.035 500.029 0.564781
v 13.035 500.176 0.6
v 13.035 500.107 0.590585
v 19.6466 500.029 0.564782
v 19.6466 500.107 0.590585
v 19.6466 500.176 0.6
v 19.7941 500.102 0.578257
v 19.7941 500.066 0.566238
v 19.8674 500.102 0.566238
v 19.7852 500.176 0.590585
v 19.9426 500.176 0.564782
v 19.9426 503.466 0.564782
v 19.7852 503.466 0.590585
v 19.6466 503.466 0.6
v 19.7941 503.54 0.578258
v 19.8674 503.54 0.566238
v 19.7941 503.576 0.566238
v 19.6466 503.613 0.564782
v 19.6466 503.535 0.590585
v 19.7941 500.102 -0.578258
v 19.8674 500.102 -0.566238
v 19.7941 500.066 -0.566238
v 19.6466 500.029 -0.564781
v 19.9426 500.176 -0.564781
v 19.6466 500.107 -0.590585
v 13.035 500.029 -0.564782
v 19.7852 500.176 -0.590585
v 13.035 500.107 -0.590586
v 19.6466 500.176 -0.6
v 19.7852 503.466 -0.590585
v 19.9426 503.466 -0.564781
v 19.8674 503.54 -0.566238
v 13.035 500.176 -0.6
v 19.6466 503.466 -0.6
v 19.7941 503.54 -0.578258
v 19.7941 503.576 -0.566238
v 19.6466 503.613 -0.564781
v 19.6466 503.535 -0.590585
v 13.035 503.613 -0.564782
v 13.035 503.466 -0.6
v 13.035 503.535 -0.590586
v 12.8875 503.54 -0.578258
v 12.8875 503.576 -0.566238
v 12.8142 503.54 -0.566238
v 12.8964 503.466 -0.590586
v 12.739 503.466 -0.564782
v 12.8964 500.176 -0.590586
v 12.739 500.176 -0.564782
v 12.8142 500.102 -0.566238
v 12.8875 500.102 -0.578258
v 12.8875 500.066 -0.566238
v 5.52513 500.001 -14.1776
v 5.56204 500.018 -14.1776
v 5.56204 500.018 -13.7494
v 5.52513 500.001 -13.7494
v 5.09687 500.001 -14.1776
v 5.09687 500.001 -13.7494
v 5.05996 500.018 -13.7494
v 5.05996 500.018 -14.1776
v 5.09687 502.999 -14.1776
v 5.05996 502.982 -14.1776
v 5.05996 502.982 -13.7494
v 5.09687 502.999 -13.7494
v 5.52513 502.999 -13.7494
v 5.52513 502.999 -14.1776
v 5.56204 502.982 -14.1776
v 5.56204 502.982 -13.7494
v 5.5644 502.96 -13.7101
v 5.56204 502.982 -13.7494
v 5.52513 502.999 -13.7494
v 5.52513 502.982 -13.7125
v 5.5644 502.949 -13.7001
v 5.09687 502.999 -13.7494
v 5.05996 502.982 -13.7494
v 5.0576 502.96 -13.7101
v 5.09687 502.982 -13.7125
v 5.0576 502.949 -13.7001
v 5.52513 502.946 -13.6801
v 5.09687 502.946 -13.6801
v 5.52513 502.905 -13.6648
v 5.56204 502.905 -13.6801
v 5.09687 502.905 -13.6648
v 5.05996 502.905 -13.6801
v 5.05996 500.095 -13.6801
v 5.52513 500.095 -13.6648
v 5.56204 500.095 -13.6801
v 5.09687 500.095 -13.6648
v 5.5644 500.051 -13.7001
v 5.0576 500.051 -13.7001
v 5.52513 500.054 -13.6801
v 5.09687 500.054 -13.6801
v 5.52513 500.018 -13.7125
v 5.5644 500.04 -13.7101
v 5.09687 500.018 -13.7125
v 5.0576 500.04 -13.7101
v 5.52513 500.001 -13.7494
v 5.56204 500.018 -13.7494
v 5.09687 500.001 -13.7494
v 5.05996 500.018 -13.7494
v 5.56204 500.018 -14.1776
v 5.52513 500.001 -14.1776
v 5.5644 500.04 -14.2169
v 5.52513 500.018 -14.2145
v 5.5644 500.051 -14.2269
v 5.09687 500.001 -14.1776
v 5.05996 500.018 -14.1776
v 5.0576 500.04 -14.2169
v 5.09687 500.018 -14.2145
v 5.0576 500.051 -14.2269
v 5.52513 500.054 -14.2469
v 5.09687 500.054 -14.2469
v 5.52513 500.095 -14.2622
v 5.56204 500.095 -14.2469
v 5.09687 500.095 -14.2622
v 5.05996 500.095 -14.2469
v 5.05996 502.905 -14.2469
v 5.52513 502.905 -14.2622
v 5.56204 502.905 -14.2469
v 5.09687 502.905 -14.2622
v 5.0576 502.949 -14.2269
v 5.5644 502.949 -14.2269
v 5.09687 502.946 -14.2469
v 5.52513 502.946 -14.2469
v 5.0576 502.96 -14.2169
v 5.52513 502.982 -14.2145
v 5.5644 502.96 -14.2169
v 5.09687 502.982 -14.2145
v 5.05996 502.982 -14.1776
v 5.09687 502.999 -14.1776
v 5.52513 502.999 -14.1776
v 5.56204 502.982 -14.1776
v 5.5644 502.949 -14.2269
v 5.5644 502.96 -14.2169
v 5.57443 502.949 -14.2169
v 5.56204 502.905 -14.2469
v 5.56204 502.982 -14.1776
v 5.59445 502.905 -14.2145
v 5.56204 500.095 -14.2469
v 5.59445 502.946 -14.1776
v 5.56204 502.982 -13.7494
v 5.60974 502.905 -14.1776
v 5.59445 502.946 -13.7494
v 5.57443 502.949 -13.7101
v 5.5644 502.96 -13.7101
v 5.5644 502.949 -13.7001
v 5.60974 502.905 -13.7494
v 5.59445 502.905 -13.7125
v 5.56204 502.905 -13.6801
v 5.56204 500.095 -13.6801
v 5.59445 500.095 -13.7125
v 5.60974 500.095 -14.1776
v 5.60974 500.095 -13.7494
v 5.57443 500.051 -13.7101
v 5.5644 500.051 -13.7001
v 5.5644 500.04 -13.7101
v 5.56204 500.018 -13.7494
v 5.59445 500.054 -13.7494
v 5.56204 500.018 -14.1776
v 5.59445 500.054 -14.1776
v 5.57443 500.051 -14.2169
v 5.5644 500.04 -14.2169
v 5.5644 500.051 -14.2269
v 5.59445 500.095 -14.2145
v 5.04757 502.949 -13.7101
v 5.0576 502.949 -13.7001
v 5.0576 502.96 -13.7101
v 5.05996 502.982 -13.7494
v 5.05996 502.905 -13.6801
v 5.02755 502.946 -13.7494
v 5.05996 502.982 -14.1776
v 5.02755 502.905 -13.7125
v 5.02755 502.946 -14.1776
v 5.01226 502.905 -13.7494
v 5.04757 502.949 -14.2169
v 5.0576 502.96 -14.2169
v 5.0576 502.949 -14.2269
v 5.01226 502.905 -14.1776
v 5.02755 502.905 -14.2145
v 5.05996 502.905 -14.2469
v 5.05996 500.095 -14.2469
v 5.02755 500.095 -14.2145
v 5.0576 500.051 -14.2269
v 5.01226 500.095 -14.1776
v 5.04757 500.051 -14.2169
v 5.0576 500.04 -14.2169
v 5.05996 500.018 -14.1776
v 5.02755 500.054 -14.1776
v 5.05996 500.018 -13.7494
v 5.02755 500.054 -13.7494
v 5.01226 500.095 -13.7494
v 5.04757 500.051 -13.7101
v 5.0576 500.04 -13.7101
v 5.0576 500.051 -13.7001
v 5.02755 500.095 -13.7125
v 5.05996 500.095 -13.6801
v -7.53067 500.001 -10.9703
v -7.49376 500.018 -10.9703
v -7.49376 500.018 -10.5421
v -7.53067 500.001 -10.5421
v -7.95893 500.001 -10.9703
v -7.95893 500.001 -10.5421
v -7.99584 500.018 -10.5421
v -7.99584 500.018 -10.9703
v -7.95893 502.999 -10.9703
v -7.99584 502.982 -10.9703
v -7.99584 502.982 -10.5421
v -7.95893 502.999 -10.5421
v -7.53067 502.999 -10.5421
v -7.53067 502.999 -10.9703
v -7.49376 502.982 -10.9703
v -7.49376 502.982 -10.5421
v -7.4914 502.96 -10.5028
v -7.49376 502.982 -10.5421
v -7.53067 502.999 -10.5421
v -7.53067 502.982 -10.5052
v -7.4914 502.949 -10.4928
v -7.95893 502.999 -10.5421
v -7.99584 502.982 -10.5421
v -7.9982 502.96 -10.5028
v -7.95893 502.982 -10.5052
v -7.9982 502.949 -10.4928
v -7.53067 502.946 -10.4728
v -7.95893 502.946 -10.4728
v -7.53067 502.905 -10.4575
v -7.49376 502.905 -10.4728
v -7.95893 502.905 -10.4575
v -7.99584 502.905 -10.4728
v -7.99584 500.095 -10.4728
v -7.53067 500.095 -10.4575
v -7.49376 500.095 -10.4728
v -7.95893 500.095 -10.4575
v -7.4914 500.051 -10.4928
v -7.9982 500.051 -10.4928
v -7.53067 500.054 -10.4728
v -7.95893 500.054 -10.4728
v -7.53067 500.018 -10.5052
v -7.4914 500.04 -10.5028
v -7.95893 500.018 -10.5052
v -7.9982 500.04 -10.5028
v -7.53067 500.001 -10.5421
v -7.49376 500.018 -10.5421
v -7.95893 500.001 -10.5421
v -7.99584 500.018 -10.5421
v -7.49376 500.018 -10.9703
v -7.53067 500.001 -10.9703
v -7.4914 500.04 -11.0096
v -7.53067 500.018 -11.0072
v -7.4914 500.051 -11.0196
v -7.95893 500.001 -10.9703
v -7.99584 500.018 -10.9703
v -7.9982 500.04 -11.0096
v -7.95893 500.018 -11.0072
v -7.9982 500.051 -11.0196
v -7.53067 500.054 -11.0396
v -7.95893 500.054 -11.0396
v -7.53067 500.095 -11.0549
v -7.49376 500.095 -11.0396
v -7.95893 500.095 -11.0549
v -7.99584 500.095 -11.0396
v -7.99584 502.905 -11.0396
v -7.53067 502.905 -11.0549
v -7.49376 502.905 -11.0396
v -7.95893 502.905 -11.0549
v -7.9982 502.949 -11.0196
v -7.4914 502.949 -11.0196
v -7.95893 502.946 -11.0396
v -7.53067 502.946 -11.0396
v -7.9982 502.96 -11.0096
v -7.53067 502.982 -11.0072
v -7.4914 502.96 -11.0096
v -7.95893 502.982 -11.0072
v -7.99584 502.982 -10.9703
v -7.95893 502.999 -10.9703
v -7.53067 502.999 -10.9703
v -7.49376 502.982 -10.9703
v -7.4914 502.949 -11.0196
v -7.4914 502.96 -11.0096
v -7.48137 502.949 -11.0096
v -7.49376 502.905 -11.0396
v -7.49376 502.982 -10.9703
v -7.46135 502.905 -11.0072
v -7.49376 500.095 -11.0396
v -7.46135 502.946 -10.9703
v -7.49376 502.982 -10.5421
v -7.44606 502.905 -10.9703
v -7.46135 502.946 -10.5421
v -7.48137 502.949 -10.5028
v -7.4914 502.96 -10.5028
v -7.4914 502.949 -10.4928
v -7.44606 502.905 -10.5421
v -7.46135 502.905 -10.5052
v -7.49376 502.905 -10.4728
v -7.49376 500.095 -10.4728
v -7.46135 500.095 -10.5052
v -7.44606 500.095 -10.9703
v -7.44606 500.095 -10.5421
v -7.48137 500.051 -10.5028
v -7.4914 500.051 -10.4928
v -7.4914 500.04 -10.5028
v -7.49376 500.018 -10.5421
v -7.46135 500.054 -10.5421
v -7.49376 500.018 -10.9703
v -7.46135 500.054 -10.9703
v -7.48137 500.051 -11.0096
v -7.4914 500.04 -11.0096
v -7.4914 500.051 -11.0196
v -7.46135 500.095 -11.0072
v -8.00823 502.949 -10.5028
v -7.9982 502.949 -10.4928
v -7.9982 502.96 -10.5028
v -7.99584 502.982 -10.5421
v -7.99584 502.905 -10.4728
v -8.02825 502.946 -10.5421
v -7.99584 502.982 -10.9703
v -8.02825 502.905 -10.5052
v -8.02825 502.946 -10.9703
v -8.04354 502.905 -10.5421
v -8.00823 502.949 -11.0096
v -7.9982 502.96 -11.0096
v -7.9982 502.949 -11.0196
v -8.04354 502.905 -10.9703
v -8.02825 502.905 -11.0072
v -7.99584 502.905 -11.0396
v -7.99584 500.095 -11.0396
v -8.02825 500.095 -11.0072
v -7.9982 500.051 -11.0196
v -8.04354 500.095 -10.9703
v -8.00823 500.051 -11.0096
v -7.9982 500.04 -11.0096
v -7.99584 500.018 -10.9703
v -8.02825 500.054 -10.9703
v -7.99584 500.018 -10.5421
v -8.02825 500.054 -10.5421
v -8.04354 500.095 -10.5421
v -8.00823 500.051 -10.5028
v -7.9982 500.04 -10.5028
v -7.9982 500.051 -10.4928
v -8.02825 500.095 -10.5052
v -7.99584 500.095 -10.4728
v 9.35193 500.001 9.21857
v 9.38884 500.018 9.21857
v 9.38884 500.018 9.64683
v 9.35193 500.001 9.64683
v 8.92367 500.001 9.21857
v 8.92367 500.001 9.64683
v 8.88676 500.018 9.64683
v 8.88676 500.018 9.21857
v 8.92367 502.999 9.21857
v 8.88676 502.982 9.21857
v 8.88676 502.982 9.64683
v 8.92367 502.999 9.64683
v 9.35193 502.999 9.64683
v 9.35193 502.999 9.21857
v 9.38884 502.982 9.21857
v 9.38884 502.982 9.64683
v 9.3912 502.96 9.6861
v 9.38884 502.982 9.64683
v 9.35193 502.999 9.64683
v 9.35193 502.982 9.68374
v 9.3912 502.949 9.69613
v 8.92367 502.999 9.64683
v 8.88676 502.982 9.64683
v 8.8844 502.96 9.6861
v 8.92367 502.982 9.68374
v 8.8844 502.949 9.69613
v 9.35193 502.946 9.71615
v 8.92367 502.946 9.71615
v 9.35193 502.905 9.73143
v 9.38884 502.905 9.71615
v 8.92367 502.905 9.73143
v 8.88676 502.905 9.71615
v 8.88676 500.095 9.71615
v 9.35193 500.095 9.73143
v 9.38884 500.095 9.71615
v 8.92367 500.095 9.73143
v 9.3912 500.051 9.69613
v 8.8844 500.051 9.69613
v 9.35193 500.054 9.71615
v 8.92367 500.054 9.71615
v 9.35193 500.018 9.68374
v 9.3912 500.04 9.6861
v 8.92367 500.018 9.68374
v 8.8844 500.04 9.6861
v 9.35193 500.001 9.64683
v 9.38884 500.018 9.64683
v 8.92367 500.001 9.64683
v 8.88676 500.018 9.64683
v 9.38884 500.018 9.21857
v 9.35193 500.001 9.21857
v 9.3912 500.04 9.1793
v 9.35193 500.018 9.18166
v 9.3912 500.051 9.16927
v 8.92367 500.001 9.21857
v 8.88676 500.018 9.21857
v 8.8844 500.04 9.1793
v 8.92367 500.018 9.18166
v 8.8844 500.051 9.16927
v 9.35193 500.054 9.14925
v 8.92367 500.054 9.14925
v 9.35193 500.095 9.13397
v 9.38884 500.095 9.14925
v 8.92367 500.095 9.13397
v 8.88676 500.095 9.14925
v 8.88676 502.905 9.14925
v 9.35193 502.905 9.13397
v 9.38884 502.905 9.14925
v 8.92367 502.905 9.13397
v 8.8844 502.949 9.16927
v 9.3912 502.949 9.16927
v 8.92367 502.946 9.14925
v 9.35193 502.946 9.14925
v 8.8844 502.96 9.1793
v 9.35193 502.982 9.18166
v 9.3912 502.96 9.1793
v 8.92367 502.982 9.18166
v 8.88676 502.982 9.21857
v 8.92367 502.999 9.21857
v 9.35193 502.999 9.21857
v 9.38884 502.982 9.21857
v 9.3912 502.949 9.16927
v 9.3912 502.96 9.1793
v 9.40123 502.949 9.1793
v 9.38884 502.905 9.14925
v 9.38884 502.982 9.21857
v 9.42125 502.905 9.18166
v 9.38884 500.095 9.14925
v 9.42125 502.946 9.21857
v 9.38884 502.982 9.64683
v 9.43653 502.905 9.21857
v 9.42125 502.946 9.64683
v 9.40123 502.949 9.6861
v 9.3912 502.96 9.6861
v 9.3912 502.949 9.69613
v 9.43653 502.905 9.64683
v 9.42125 502.905 9.68374
v 9.38884 502.905 9.71615
v 9.38884 500.095 9.71615
v 9.42125 500.095 9.68374
v 9.43653 500.095 9.21857
v 9.43653 500.095 9.64683
v 9.40123 500.051 9.6861
v 9.3912 500.051 9.69613
v 9.3912 500.04 9.6861
v 9.38884 500.018 9.64683
v 9.42125 500.054 9.64683
v 9.38884 500.018 9.21857
v 9.42125 500.054 9.21857
v 9.40123 500.051 9.1793
v 9.3912 500.04 9.1793
v 9.3912 500.051 9.16927
v 9.42125 500.095 9.18166
v 8.87437 502.949 9.6861
v 8.8844 502.949 9.69613
v 8.8844 502.96 9.6861
v 8.88676 502.982 9.64683
v 8.88676 502.905 9.71615
v 8.85435 502.946 9.64683
v 8.88676 502.982 9.21857
v 8.85435 502.905 9.68374
v 8.85435 502.946 9.21857
v 8.83907 502.905 9.64683
v 8.87437 502.949 9.1793
v 8.8844 502.96 9.1793
v 8.8844 502.949 9.16927
v 8.83907 502.905 9.21857
v 8.85435 502.905 9.18166
v 8.88676 502.905 9.14925
v 8.88676 500.095 9.14925
v 8.85435 500.095 9.18166
v 8.8844 500.051 9.16927
v 8.83907 500.095 9.21857
v 8.87437 500.051 9.1793
v 8.8844 500.04 9.1793
v 8.88676 500.018 9.21857
v 8.85435 500.054 9.21857
v 8.88676 500.018 9.64683
v 8.85435 500.054 9.64683
v 8.83907 500.095 9.64683
v 8.87437 500.051 9.6861
v 8.8844 500.04 9.6861
v 8.8844 500.051 9.69613
v 8.85435 500.095 9.68374
v 8.88676 500.095 9.71615
v -5.99597 500.001 10.8118
v -5.95906 500.018 10.8118
v -5.95906 500.018 11.24
v -5.99597 500.001 11.24
v -6.42423 500.001 10.8118
v -6.42423 500.001 11.24
v -6.46114 500.018 11.24
v -6.46114 500.018 10.8118
v -6.42423 502.999 10.8118
v -6.46114 502.982 10.8118
v -6.46114 502.982 11.24
v -6.42423 502.999 11.24
v -5.99597 502.999 11.24
v -5.99597 502.999 10.8118
v -5.95906 502.982 10.8118
v -5.95906 502.982 11.24
v -5.9567 502.96 11.2793
v -5.95906 502.982 11.24
v -5.99597 502.999 11.24
v -5.99597 502.982 11.2769
v -5.9567 502.949 11.2893
v -6.42423 502.999 11.24
v -6.46114 502.982 11.24
v -6.4635 502.96 11.2793
v -6.42423 502.982 11.2769
v -6.4635 502.949 11.2893
v -5.99597 502.946 11.3093
v -6.42423 502.946 11.3093
v -5.99597 502.905 11.3246
v -5.95906 502.905 11.3093
v -6.42423 502.905 11.3246
v -6.46114 502.905 11.3093
v -6.46114 500.095 11.3093
v -5.99597 500.095 11.3246
v -5.95906 500.095 11.3093
v -6.42423 500.095 11.3246
v -5.9567 500.051 11.2893
v -6.4635 500.051 11.2893
v -5.99597 500.054 11.3093
v -6.42423 500.054 11.3093
v -5.99597 500.018 11.2769
v -5.9567 500.04 11.2793
v -6.42423 500.018 11.2769
v -6.4635 500.04 11.2793
v -5.99597 500.001 11.24
v -5.95906 500.018 11.24
v -6.42423 500.001 11.24
v -6.46114 500.018 11.24
v -5.95906 500.018 10.8118
v -5.99597 500.001 10.8118
v -5.9567 500.04 10.7725
v -5.99597 500.018 10.7749
v -5.9567 500.051 10.7625
v -6.42423 500.001 10.8118
v -6.46114 500.018 10.8118
v -6.4635 500.04 10.7725
v -6.42423 500.018 10.7749
v -6.4635 500.051 10.7625
v -5.99597 500.054 10.7425
v -6.42423 500.054 10.7425
v -5.99597 500.095 10.7272
v -5.95906 500.095 10.7425
v -6.42423 500.095 10.7272
v -6.46114 500.095 10.7425
v -6.46114 502.905 10.7425
v -5.99597 502.905 10.7272
v -5.95906 502.905 10.7425
v -6.42423 502.905 10.7272
v -6.4635 502.949 10.7625
v -5.9567 502.949 10.7625
v -6.42423 502.946 10.7425
v -5.99597 502.946 10.7425
v -6.4635 502.96 10.7725
v -5.99597 502.982 10.7749
v -5.9567 502.96 10.7725
v -6.42423 502.982 10.7749
v -6.46114 502.982 10.8118
v -6.42423 502.999 10.8118
v -5.99597 502.999 10.8118
v -5.95906 502.982 10.8118
v -5.9567 502.949 10.7625
v -5.9567 502.96 10.7725
v -5.94667 502.949 10.7725
v -5.95906 502.905 10.7425
v -5.95906 502.982 10.8118
v -5.92665 502.905 10.7749
v -5.95906 500.095 10.7425
v -5.92665 502.946 10.8118
v -5.95906 502.982 11.24
v -5.91137 502.905 10.8118
v -5.92665 502.946 11.24
v -5.94667 502.949 11.2793
v -5.9567 502.96 11.2793
v -5.9567 502.949 11.2893
v -5.91137 502.905 11.24
v -5.92665 502.905 11.2769
v -5.95906 502.905 11.3093
v -5.95906 500.095 11.3093
v -5.92665 500.095 11.2769
v -5.91137 500.095 10.8118
v -5.91137 500.095 11.24
v -5.94667 500.051 11.2793
v -5.9567 500.051 11.2893
v -5.9567 500.04 11.2793
v -5.95906 500.018 11.24
v -5.92665 500.054 11.24
v -5.95906 500.018 10.8118
v -5.92665 500.054 10.8118
v -5.94667 500.051 10.7725
v -5.9567 500.04 10.7725
v -5.9567 500.051 10.7625
v -5.92665 500.095 10.7749
v -6.47353 502.949 11.2793
v -6.4635 502.949 11.2893
v -6.4635 502.96 11.2793
v -6.46114 502.982 11.24
v -6.46114 502.905 11.3093
v -6.49355 502.946 11.24
v -6.46114 502.982 10.8118
v -6.49355 502.905 11.2769
v -6.49355 502.946 10.8118
v -6.50884 502.905 11.24
v -6.47353 502.949 10.7725
v -6.4635 502.96 10.7725
v -6.4635 502.949 10.7625
v -6.50884 502.905 10.8118
v -6.49355 502.905 10.7749
v -6.46114 502.905 10.7425
v -6.46114 500.095 10.7425
v -6.49355 500.095 10.7749
v -6.4635 500.051 10.7625
v -6.50884 500.095 10.8118
v -6.47353 500.051 10.7725
v -6.4635 500.04 10.7725
v -6.46114 500.018 10.8118
v -6.49355 500.054 10.8118
v -6.46114 500.018 11.24
v -6.49355 500.054 11.24
v -6.50884 500.095 11.24
v -6.47353 500.051 11.2793
v -6.4635 500.04 11.2793
v -6.4635 500.051 11.2893
v -6.49355 500.095 11.2769
v -6.46114 500.095 11.3093
v 14.9962 499.535 5.52617
v 15.0331 499.556 5.52617
v 15.0331 499.556 5.95443
v 14.9962 499.535 5.95443
v 14.568 499.535 5.52617
v 14.568 499.535 5.95443
v 14.5311 499.556 5.95443
v 14.5311 499.556 5.52617
v 14.568 503.165 5.52617
v 14.5311 503.144 5.52617
v 14.5311 503.144 5.95443
v 14.568 503.165 5.95443
v 14.9962 503.165 5.95443
v 14.9962 503.165 5.52617
v 15.0331 503.144 5.52617
v 15.0331 503.144 5.95443
v 15.0355 503.117 5.9937
v 15.0331 503.144 5.95443
v 14.9962 503.165 5.95443
v 14.9962 503.144 5.99134
v 15.0355 503.104 6.00373
v 14.568 503.165 5.95443
v 14.5311 503.144 5.95443
v 14.5287 503.117 5.9937
v 14.568 503.144 5.99134
v 14.5287 503.104 6.00373
v 14.9962 503.1 6.02375
v 14.568 503.1 6.02375
v 14.9962 503.051 6.03904
v 15.0331 503.051 6.02375
v 14.568 503.051 6.03904
v 14.5311 503.051 6.02375
v 14.5311 499.649 6.02375
v 14.9962 499.649 6.03904
v 15.0331 499.649 6.02375
v 14.568 499.649 6.03904
v 15.0355 499.596 6.00373
v 14.5287 499.596 6.00373
v 14.9962 499.6 6.02375
v 14.568 499.6 6.02375
v 14.9962 499.556 5.99134
v 15.0355 499.583 5.9937
v 14.568 499.556 5.99134
v 14.5287 499.583 5.9937
v 14.9962 499.535 5.95443
v 15.0331 499.556 5.95443
v 14.568 499.535 5.95443
v 14.5311 499.556 5.95443
v 15.0331 499.556 5.52617
v 14.9962 499.535 5.52617
v 15.0355 499.583 5.4869
v 14.9962 499.556 5.48926
v 15.0355 499.596 5.47687
v 14.568 499.535 5.52617
v 14.5311 499.556 5.52617
v 14.5287 499.583 5.4869
v 14.568 499.556 5.48926
v 14.5287 499.596 5.47687
v 14.9962 499.6 5.45685
v 14.568 499.6 5.45685
v 14.9962 499.649 5.44157
v 15.0331 499.649 5.45685
v 14.568 499.649 5.44157
v 14.5311 499.649 5.45685
v 14.5311 503.051 5.45685
v 14.9962 503.051 5.44157
v 15.0331 503.051 5.45685
v 14.568 503.051 5.44157
v 14.5287 503.104 5.47687
v 15.0355 503.104 5.47687
v 14.568 503.1 5.45685
v 14.9962 503.1 5.45685
v 14.5287 503.117 5.4869
v 14.9962 503.144 5.48926
v 15.0355 503.117 5.4869
v 14.568 503.144 5.48926
v 14.5311 503.144 5.52617
v 14.568 503.165 5.52617
v 14.9962 503.165 5.52617
v 15.0331 503.144 5.52617
v 15.0355 503.104 5.47687
v 15.0355 503.117 5.4869
v 15.0455 503.104 5.4869
v 15.0331 503.051 5.45685
v 15.0331 503.144 5.52617
v 15.0655 503.051 5.48926
v 15.0331 499.649 5.45685
v 15.0655 503.1 5.52617
v 15.0331 503.144 5.95443
v 15.0808 503.051 5.52617
v 15.0655 503.1 5.95443
v 15.0455 503.104 5.9937
v 15.0355 503.117 5.9937
v 15.0355 503.104 6.00373
v 15.0808 503.051 5.95443
v 15.0655 503.051 5.99134
v 15.0331 503.051 6.02375
v 15.0331 499.649 6.02375
v 15.0655 499.649 5.99134
v 15.0808 499.649 5.52617
v 15.0808 499.649 5.95443
v 15.0455 499.596 5.9937
v 15.0355 499.596 6.00373
v 15.0355 499.583 5.9937
v 15.0331 499.556 5.95443
v 15.0655 499.6 5.95443
v 15.0331 499.556 5.52617
v 15.0655 499.6 5.52617
v 15.0455 499.596 5.4869
v 15.0355 499.583 5.4869
v 15.0355 499.596 5.47687
v 15.0655 499.649 5.48926
v 14.5187 503.104 5.9937
v 14.5287 503.104 6.00373
v 14.5287 503.117 5.9937
v 14.5311 503.144 5.95443
v 14.5311 503.051 6.02375
v 14.4987 503.1 5.95443
v 14.5311 503.144 5.52617
v 14.4987 503.051 5.99134
v 14.4987 503.1 5.52617
v 14.4834 503.051 5.95443
v 14.5187 503.104 5.4869
v 14.5287 503.117 5.4869
v 14.5287 503.104 5.47687
v 14.4834 503.051 5.52617
v 14.4987 503.051 5.48926
v 14.5311 503.051 5.45685
v 14.5311 499.649 5.45685
v 14.4987 499.649 5.48926
v 14.5287 499.596 5.47687
v 14.4834 499.649 5.52617
v 14.5187 499.596 5.4869
v 14.5287 499.583 5.4869
v 14.5311 499.556 5.52617
v 14.4987 499.6 5.52617
v 14.5311 499.556 5.95443
v 14.4987 499.6 5.95443
v 14.4834 499.649 5.95443
v 14.5187 499.596 5.9937
v 14.5287 499.583 5.9937
v 14.5287 499.596 6.00373
v 14.4987 499.649 5.99134
v 14.5311 499.649 6.02375
v 14.9962 499.535 -5.95443
v 15.0331 499.556 -5.95443
v 15.0331 499.556 -5.52617
v 14.9962 499.535 -5.52617
v 14.568 499.535 -5.95443
v 14.568 499.535 -5.52617
v 14.5311 499.556 -5.52617
v 14.5311 499.556 -5.95443
v 14.568 503.165 -5.95443
v 14.5311 503.144 -5.95443
v 14.5311 503.144 -5.52617
v 14.568 503.165 -5.52617
v 14.9962 503.165 -5.52617
v 14.9962 503.165 -5.95443
v 15.0331 503.144 -5.95443
v 15.0331 503.144 -5.52617
v 15.0355 503.117 -5.4869
v 15.0331 503.144 -5.52617
v 14.9962 503.165 -5.52617
v 14.9962 503.144 -5.48926
v 15.0355 503.104 -5.47687
v 14.568 503.165 -5.52617
v 14.5311 503.144 -5.52617
v 14.5287 503.117 -5.4869
v 14.568 503.144 -5.48926
v 14.5287 503.104 -5.47687
v 14.9962 503.1 -5.45685
v 14.568 503.1 -5.45685
v 14.9962 503.051 -5.44157
v 15.0331 503.051 -5.45685
v 14.568 503.051 -5.44157
v 14.5311 503.051 -5.45685
v 14.5311 499.649 -5.45685
v 14.9962 499.649 -5.44157
v 15.0331 499.649 -5.45685
v 14.568 499.649 -5.44157
v 15.0355 499.596 -5.47687
v 14.5287 499.596 -5.47687
v 14.9962 499.6 -5.45685
v 14.568 499.6 -5.45685
v 14.9962 499.556 -5.48926
v 15.0355 499.583 -5.4869
v 14.568 499.556 -5.48926
v 14.5287 499.583 -5.4869
v 14.9962 499.535 -5.52617
v 15.0331 499.556 -5.52617
v 14.568 499.535 -5.52617
v 14.5311 499.556 -5.52617
v 15.0331 499.556 -5.95443
v 14.9962 499.535 -5.95443
v 15.0355 499.583 -5.9937
v 14.9962 499.556 -5.99134
v 15.0355 499.596 -6.00373
v 14.568 499.535 -5.95443
v 14.5311 499.556 -5.95443
v 14.5287 499.583 -5.9937
v 14.568 499.556 -5.99134
v 14.5287 499.596 -6.00373
v 14.9962 499.6 -6.02375
v 14.568 499.6 -6.02375
v 14.9962 499.649 -6.03904
v 15.0331 499.649 -6.02375
v 14.568 499.649 -6.03904
v 14.5311 499.649 -6.02375
v 14.5311 503.051 -6.02375
v 14.9962 503.051 -6.03904
v 15.0331 503.051 -6.02375
v 14.568 503.051 -6.03904
v 14.5287 503.104 -6.00373
v 15.0355 503.104 -6.00373
v 14.568 503.1 -6.02375
v 14.9962 503.1 -6.02375
v 14.5287 503.117 -5.9937
v 14.9962 503.144 -5.99134
v 15.0355 503.117 -5.9937
v 14.568 503.144 -5.99134
v 14.5311 503.144 -5.95443
v 14.568 503.165 -5.95443
v 14.9962 503.165 -5.95443
v 15.0331 503.144 -5.95443
v 15.0355 503.104 -6.00373
v 15.0355 503.117 -5.9937
v 15.0455 503.104 -5.9937
v 15.0331 503.051 -6.02375
v 15.0331 503.144 -5.95443
v 15.0655 503.051 -5.99134
v 15.0331 499.649 -6.02375
v 15.0655 503.1 -5.95443
v 15.0331 503.144 -5.52617
v 15.0808 503.051 -5.95443
v 15.0655 503.1 -5.52617
v 15.0455 503.104 -5.4869
v 15.0355 503.117 -5.4869
v 15.0355 503.104 -5.47687
v 15.0808 503.051 -5.52617
v 15.0655 503.051 -5.48926
v 15.0331 503.051 -5.45685
v 15.0331 499.649 -5.45685
v 15.0655 499.649 -5.48926
v 15.0808 499.649 -5.95443
v 15.0808 499.649 -5.52617
v 15.0455 499.596 -5.4869
v 15.0355 499.596 -5.47687
v 15.0355 499.583 -5.4869
v 15.0331 499.556 -5.52617
v 15.0655 499.6 -5.52617
v 15.0331 499.556 -5.95443
v 15.0655 499.6 -5.95443
v 15.0455 499.596 -5.9937
v 15.0355 499.583 -5.9937
v 15.0355 499.596 -6.00373
v 15.0655 499.649 -5.99134
v 14.5187 503.104 -5.4869
v 14.5287 503.104 -5.47687
v 14.5287 503.117 -5.4869
v 14.5311 503.144 -5.52617
v 14.5311 503.051 -5.45685
v 14.4987 503.1 -5.52617
v 14.5311 503.144 -5.95443
v 14.4987 503.051 -5.48926
v 14.4987 503.1 -5.95443
v 14.4834 503.051 -5.52617
v 14.5187 503.104 -5.9937
v 14.5287 503.117 -5.9937
v 14.5287 503.104 -6.00373
v 14.4834 503.051 -5.95443
v 14.4987 503.051 -5.99134
v 14.5311 503.051 -6.02375
v 14.5311 499.649 -6.02375
v 14.4987 499.649 -5.99134
v 14.5287 499.596 -6.00373
v 14.4834 499.649 -5.95443
v 14.5187 499.596 -5.9937
v 14.5287 499.583 -5.9937
v 14.5311 499.556 -5.95443
v 14.4987 499.6 -5.95443
v 14.5311 499.556 -5.52617
v 14.4987 499.6 -5.52617
v 14.4834 499.649 -5.52617
v 14.5187 499.596 -5.4869
v 14.5287 499.583 -5.4869
v 14.5287 499.596 -5.47687
v 14.4987 499.649 -5.48926
v 14.5311 499.649 -5.45685
v 6.33703 499.535 13.6441
v 6.37394 499.556 13.6441
v 6.37394 499.556 14.0723
v 6.33703 499.535 14.0723
v 5.90877 499.535 13.6441
v 5.90877 499.535 14.0723
v 5.87186 499.556 14.0723
v 5.87186 499.556 13.6441
v 5.90877 503.165 13.6441
v 5.87186 503.144 13.6441
v 5.87186 503.144 14.0723
v 5.90877 503.165 14.0723
v 6.33703 503.165 14.0723
v 6.33703 503.165 13.6441
v 6.37394 503.144 13.6441
v 6.37394 503.144 14.0723
v 6.3763 503.117 14.1116
v 6.37394 503.144 14.0723
v 6.33703 503.165 14.0723
v 6.33703 503.144 14.1092
v 6.3763 503.104 14.1216
v 5.90877 503.165 14.0723
v 5.87186 503.144 14.0723
v 5.8695 503.117 14.1116
v 5.90877 503.144 14.1092
v 5.8695 503.104 14.1216
v 6.33703 503.1 14.1416
v 5.90877 503.1 14.1416
v 6.33703 503.051 14.1569
v 6.37394 503.051 14.1416
v 5.90877 503.051 14.1569
v 5.87186 503.051 14.1416
v 5.87186 499.649 14.1416
v 6.33703 499.649 14.1569
v 6.37394 499.649 14.1416
v 5.90877 499.649 14.1569
v 6.3763 499.596 14.1216
v 5.8695 499.596 14.1216
v 6.33703 499.6 14.1416
v 5.90877 499.6 14.1416
v 6.33703 499.556 14.1092
v 6.3763 499.583 14.1116
v 5.90877 499.556 14.1092
v 5.8695 499.583 14.1116
v 6.33703 499.535 14.0723
v 6.37394 499.556 14.0723
v 5.90877 499.535 14.0723
v 5.87186 499.556 14.0723
v 6.37394 499.556 13.6441
v 6.33703 499.535 13.6441
v 6.3763 499.583 13.6048
v 6.33703 499.556 13.6072
v 6.3763 499.596 13.5948
v 5.90877 499.535 13.6441
v 5.87186 499.556 13.6441
v 5.8695 499.583 13.6048
v 5.90877 499.556 13.6072
v 5.8695 499.596 13.5948
v 6.33703 499.6 13.5748
v 5.90877 499.6 13.5748
v 6.33703 499.649 13.5595
v 6.37394 499.649 13.5748
v 5.90877 499.649 13.5595
v 5.87186 499.649 13.5748
v 5.87186 503.051 13.5748
v 6.33703 503.051 13.5595
v 6.37394 503.051 13.5748
v 5.90877 503.051 13.5595
v 5.8695 503.104 13.5948
v 6.3763 503.104 13.5948
v 5.90877 503.1 13.5748
v 6.33703 503.1 13.5748
v 5.8695 503.117 13.6048
v 6.33703 503.144 13.6072
v 6.3763 503.117 13.6048
v 5.90877 503.144 13.6072
v 5.87186 503.144 13.6441
v 5.90877 503.165 13.6441
v 6.33703 503.165 13.6441
v 6.37394 503.144 13.6441
v 6.3763 503.104 13.5948
v 6.3763 503.117 13.6048
v 6.38633 503.104 13.6048
v 6.37394 503.051 13.5748
v 6.37394 503.144 13.6441
v 6.40635 503.051 13.6072
v 6.37394 499.649 13.5748
v 6.40635 503.1 13.6441
v 6.37394 503.144 14.0723
v 6.42164 503.051 13.6441
v 6.40635 503.1 14.0723
v 6.38633 503.104 14.1116
v 6.3763 503.117 14.1116
v 6.3763 503.104 14.1216
v 6.42164 503.051 14.0723
v 6.40635 503.051 14.1092
v 6.37394 503.051 14.1416
v 6.37394 499.649 14.1416
v 6.40635 499.649 14.1092
v 6.42164 499.649 13.6441
v 6.42164 499.649 14.0723
v 6.38633 499.596 14.1116
v 6.3763 499.596 14.1216
v 6.3763 499.583 14.1116
v 6.37394 499.556 14.0723
v 6.40635 499.6 14.0723
v 6.37394 499.556 13.6441
v 6.40635 499.6 13.6441
v 6.38633 499.596 13.6048
v 6.3763 499.583 13.6048
v 6.3763 499.596 13.5948
v 6.40635 499.649 13.6072
v 5.85947 503.104 14.1116
v 5.8695 503.104 14.1216
v 5.8695 503.117 14.1116
v 5.87186 503.144 14.0723
v 5.87186 503.051 14.1416
v 5.83945 503.1 14.0723
v 5.87186 503.144 13.6441
v 5.83945 503.051 14.1092
v 5.83945 503.1 13.6441
v 5.82416 503.051 14.0723
v 5.85947 503.104 13.6048
v 5.8695 503.117 13.6048
v 5.8695 503.104 13.5948
v 5.82416 503.051 13.6441
v 5.83945 503.051 13.6072
v 5.87186 503.051 13.5748
v 5.87186 499.649 13.5748
v 5.83945 499.649 13.6072
v 5.8695 499.596 13.5948
v 5.82416 499.649 13.6441
v 5.85947 499.596 13.6048
v 5.8695 499.583 13.6048
v 5.87186 499.556 13.6441
v 5.83945 499.6 13.6441
v 5.87186 499.556 14.0723
v 5.83945 499.6 14.0723
v 5.82416 499.649 14.0723
v 5.85947 499.596 14.1116
v 5.8695 499.583 14.1116
v 5.8695 499.596 14.1216
v 5.83945 499.649 14.1092
v 5.87186 499.649 14.1416
v 6.33703 499.535 -14.0723
v 6.37394 499.556 -14.0723
v 6.37394 499.556 -13.6441
v 6.33703 499.535 -13.6441
v 5.90877 499.535 -14.0723
v 5.90877 499.535 -13.6441
v 5.87186 499.556 -13.6441
v 5.87186 499.556 -14.0723
v 5.90877 503.165 -14.0723
v 5.87186 503.144 -14.0723
v 5.87186 503.144 -13.6441
v 5.90877 503.165 -13.6441
v 6.33703 503.165 -13.6441
v 6.33703 503.165 -14.0723
v 6.37394 503.144 -14.0723
v 6.37394 503.144 -13.6441
v 6.3763 503.117 -13.6048
v 6.37394 503.144 -13.6441
v 6.33703 503.165 -13.6441
v 6.33703 503.144 -13.6072
v 6.3763 503.104 -13.5948
v 5.90877 503.165 -13.6441
v 5.87186 503.144 -13.6441
v 5.8695 503.117 -13.6048
v 5.90877 503.144 -13.6072
v 5.8695 503.104 -13.5948
v 6.33703 503.1 -13.5748
v 5.90877 503.1 -13.5748
v 6.33703 503.051 -13.5595
v 6.37394 503.051 -13.5748
v 5.90877 503.051 -13.5595
v 5.87186 503.051 -13.5748
v 5.87186 499.649 -13.5748
v 6.33703 499.649 -13.5595
v 6.37394 499.649 -13.5748
v 5.90877 499.649 -13.5595
v 6.3763 499.596 -13.5948
v 5.8695 499.596 -13.5948
v 6.33703 499.6 -13.5748
v 5.90877 499.6 -13.5748
v 6.33703 499.556 -13.6072
v 6.3763 499.583 -13.6048
v 5.90877 499.556 -13.6072
v 5.8695 499.583 -13.6048
v 6.33703 499.535 -13.6441
v 6.37394 499.556 -13.6441
v 5.90877 499.535 -13.6441
v 5.87186 499.556 -13.6441
v 6.37394 499.556 -14.0723
v 6.33703 499.535 -14.0723
v 6.3763 499.583 -14.1116
v 6.33703 499.556 -14.1092
v 6.3763 499.596 -14.1216
v 5.90877 499.535 -14.0723
v 5.87186 499.556 -14.0723
v 5.8695 499.583 -14.1116
v 5.90877 499.556 -14.1092
v 5.8695 499.596 -14.1216
v 6.33703 499.6 -14.1416
v 5.90877 499.6 -14.1416
v 6.33703 499.649 -14.1569
v 6.37394 499.649 -14.1416
v 5.90877 499.649 -14.1569
v 5.87186 499.649 -14.1416
v 5.87186 503.051 -14.1416
v 6.33703 503.051 -14.1569
v 6.37394 503.051 -14.1416
v 5.90877 503.051 -14.1569
v 5.8695 503.104 -14.1216
v 6.3763 503.104 -14.1216
v 5.90877 503.1 -14.1416
v 6.33703 503.1 -14.1416
v 5.8695 503.117 -14.1116
v 6.33703 503.144 -14.1092
v 6.3763 503.117 -14.1116
v 5.90877 503.144 -14.1092
v 5.87186 503.144 -14.0723
v 5.90877 503.165 -14.0723
v 6.33703 503.165 -14.0723
v 6.37394 503.144 -14.0723
v 6.3763 503.104 -14.1216
v 6.3763 503.117 -14.1116
v 6.38633 503.104 -14.1116
v 6.37394 503.051 -14.1416
v 6.37394 503.144 -14.0723
v 6.40635 503.051 -14.1092
v 6.37394 499.649 -14.1416
v 6.40635 503.1 -14.0723
v 6.37394 503.144 -13.6441
v 6.42164 503.051 -14.0723
v 6.40635 503.1 -13.6441
v 6.38633 503.104 -13.6048
v 6.3763 503.117 -13.6048
v 6.3763 503.104 -13.5948
v 6.42164 503.051 -13.6441
v 6.40635 503.051 -13.6072
v 6.37394 503.051 -13.5748
v 6.37394 499.649 -13.5748
v 6.40635 499.649 -13.6072
v 6.42164 499.649 -14.0723
v 6.42164 499.649 -13.6441
v 6.38633 499.596 -13.6048
v 6.3763 499.596 -13.5948
v 6.3763 499.583 -13.6048
v 6.37394 499.556 -13.6441
v 6.40635 499.6 -13.6441
v 6.37394 499.556 -14.0723
v 6.40635 499.6 -14.0723
v 6.38633 499.596 -14.1116
v 6.3763 499.583 -14.1116
v 6.3763 499.596 -14.1216
v 6.40635 499.649 -14.1092
v 5.85947 503.104 -13.6048
v 5.8695 503.104 -13.5948
v 5.8695 503.117 -13.6048
v 5.87186 503.144 -13.6441
v 5.87186 503.051 -13.5748
v 5.83945 503.1 -13.6441
v 5.87186 503.144 -14.0723
v 5.83945 503.051 -13.6072
v 5.83945 503.1 -14.0723
v 5.82416 503.051 -13.6441
v 5.85947 503.104 -14.1116
v 5.8695 503.117 -14.1116
v 5.8695 503.104 -14.1216
v 5.82416 503.051 -14.0723
v 5.83945 503.051 -14.1092
v 5.87186 503.051 -14.1416
v 5.87186 499.649 -14.1416
v 5.83945 499.649 -14.1092
v 5.8695 499.596 -14.1216
v 5.82416 499.649 -14.0723
v 5.85947 499.596 -14.1116
v 5.8695 499.583 -14.1116
v 5.87186 499.556 -14.0723
v 5.83945 499.6 -14.0723
v 5.87186 499.556 -13.6441
v 5.83945 499.6 -13.6441
v 5.82416 499.649 -13.6441
v 5.85947 499.596 -13.6048
v 5.8695 499.583 -13.6048
v 5.8695 499.596 -13.5948
v 5.83945 499.649 -13.6072
v 5.87186 499.649 -13.5748
v -5.90877 499.535 13.6441
v -5.87186 499.556 13.6441
v -5.87186 499.556 14.0723
v -5.90877 499.535 14.0723
v -6.33703 499.535 13.6441
v -6.33703 499.535 14.0723
v -6.37394 499.556 14.0723
v -6.37394 499.556 13.6441
v -6.33703 503.165 13.6441
v -6.37394 503.144 13.6441
v -6.37394 503.144 14.0723
v -6.33703 503.165 14.0723
v -5.90877 503.165 14.0723
v -5.90877 503.165 13.6441
v -5.87186 503.144 13.6441
v -5.87186 503.144 14.0723
v -5.8695 503.117 14.1116
v -5.87186 503.144 14.0723
v -5.90877 503.165 14.0723
v -5.90877 503.144 14.1092
v -5.8695 503.104 14.1216
v -6.33703 503.165 14.0723
v -6.37394 503.144 14.0723
v -6.3763 503.117 14.1116
v -6.33703 503.144 14.1092
v -6.3763 503.104 14.1216
v -5.90877 503.1 14.1416
v -6.33703 503.1 14.1416
v -5.90877 503.051 14.1569
v -5.87186 503.051 14.1416
v -6.33703 503.051 14.1569
v -6.37394 503.051 14.1416
v -6.37394 499.649 14.1416
v -5.90877 499.649 14.1569
v -5.87186 499.649 14.1416
v -6.33703 499.649 14.1569
v -5.8695 499.596 14.1216
v -6.3763 499.596 14.1216
v -5.90877 499.6 14.1416
v -6.33703 499.6 14.1416
v -5.90877 499.556 14.1092
v -5.8695 499.583 14.1116
v -6.33703 499.556 14.1092
v -6.3763 499.583 14.1116
v -5.90877 499.535 14.0723
v -5.87186 499.556 14.0723
v -6.33703 499.535 14.0723
v -6.37394 499.556 14.0723
v -5.87186 499.556 13.6441
v -5.90877 499.535 13.6441
v -5.8695 499.583 13.6048
v -5.90877 499.556 13.6072
v -5.8695 499.596 13.5948
v -6.33703 499.535 13.6441
v -6.37394 499.556 13.6441
v -6.3763 499.583 13.6048
v -6.33703 499.556 13.6072
v -6.3763 499.596 13.5948
v -5.90877 499.6 13.5748
v -6.33703 499.6 13.5748
v -5.90877 499.649 13.5595
v -5.87186 499.649 13.5748
v -6.33703 499.649 13.5595
v -6.37394 499.649 13.5748
v -6.37394 503.051 13.5748
v -5.90877 503.051 13.5595
v -5.87186 503.051 13.5748
v -6.33703 503.051 13.5595
v -6.3763 503.104 13.5948
v -5.8695 503.104 13.5948
v -6.33703 503.1 13.5748
v -5.90877 503.1 13.5748
v -6.3763 503.117 13.6048
v -5.90877 503.144 13.6072
v -5.8695 503.117 13.6048
v -6.33703 503.144 13.6072
v -6.37394 503.144 13.6441
v -6.33703 503.165 13.6441
v -5.90877 503.165 13.6441
v -5.87186 503.144 13.6441
v -5.8695 503.104 13.5948
v -5.8695 503.117 13.6048
v -5.85947 503.104 13.6048
v -5.87186 503.051 13.5748
v -5.87186 503.144 13.6441
v -5.83945 503.051 13.6072
v -5.87186 499.649 13.5748
v -5.83945 503.1 13.6441
v -5.87186 503.144 14.0723
v -5.82416 503.051 13.6441
v -5.83945 503.1 14.0723
v -5.85947 503.104 14.1116
v -5.8695 503.117 14.1116
v -5.8695 503.104 14.1216
v -5.82416 503.051 14.0723
v -5.83945 503.051 14.1092
v -5.87186 503.051 14.1416
v -5.87186 499.649 14.1416
v -5.83945 499.649 14.1092
v -5.82416 499.649 13.6441
v -5.82416 499.649 14.0723
v -5.85947 499.596 14.1116
v -5.8695 499.596 14.1216
v -5.8695 499.583 14.1116
v -5.87186 499.556 14.0723
v -5.83945 499.6 14.0723
v -5.87186 499.556 13.6441
v -5.83945 499.6 13.6441
v -5.85947 499.596 13.6048
v -5.8695 499.583 13.6048
v -5.8695 499.596 13.5948
v -5.83945 499.649 13.6072
v -6.38633 503.104 14.1116
v -6.3763 503.104 14.1216
v -6.3763 503.117 14.1116
v -6.37394 503.144 14.0723
v -6.37394 503.051 14.1416
v -6.40635 503.1 14.0723
v -6.37394 503.144 13.6441
v -6.40635 503.051 14.1092
v -6.40635 503.1 13.6441
v -6.42164 503.051 14.0723
v -6.38633 503.104 13.6048
v -6.3763 503.117 13.6048
v -6.3763 503.104 13.5948
v -6.42164 503.051 13.6441
v -6.40635 503.051 13.6072
v -6.37394 503.051 13.5748
v -6.37394 499.649 13.5748
v -6.40635 499.649 13.6072
v -6.3763 499.596 13.5948
v -6.42164 499.649 13.6441
v -6.38633 499.596 13.6048
v -6.3763 499.583 13.6048
v -6.37394 499.556 13.6441
v -6.40635 499.6 13.6441
v -6.37394 499.556 14.0723
v -6.40635 499.6 14.0723
v -6.42164 499.649 14.0723
v -6.38633 499.596 14.1116
v -6.3763 499.583 14.1116
v -6.3763 499.596 14.1216
v -6.40635 499.649 14.1092
v -6.37394 499.649 14.1416
v -5.90877 499.535 -14.0723
v -5.87186 499.556 -14.0723
v -5.87186 499.556 -13.6441
v -5.90877 499.535 -13.6441
v -6.33703 499.535 -14.0723
v -6.33703 499.535 -13.6441
v -6.37394 499.556 -13.6441
v -6.37394 499.556 -14.0723
v -6.33703 503.165 -14.0723
v -6.37394 503.144 -14.0723
v -6.37394 503.144 -13.6441
v -6.33703 503.165 -13.6441
v -5.90877 503.165 -13.6441
v -5.90877 503.165 -14.0723
v -5.87186 503.144 -14.0723
v -5.87186 503.144 -13.6441
v -5.8695 503.117 -13.6048
v -5.87186 503.144 -13.6441
v -5.90877 503.165 -13.6441
v -5.90877 503.144 -13.6072
v -5.8695 503.104 -13.5948
v -6.33703 503.165 -13.6441
v -6.37394 503.144 -13.6441
v -6.3763 503.117 -13.6048
v -6.33703 503.144 -13.6072
v -6.3763 503.104 -13.5948
v -5.90877 503.1 -13.5748
v -6.33703 503.1 -13.5748
v -5.90877 503.051 -13.5595
v -5.87186 503.051 -13.5748
v -6.33703 503.051 -13.5595
v -6.37394 503.051 -13.5748
v -6.37394 499.649 -13.5748
v -5.90877 499.649 -13.5595
v -5.87186 499.649 -13.5748
v -6.33703 499.649 -13.5595
v -5.8695 499.596 -13.5948
v -6.3763 499.596 -13.5948
v -5.90877 499.6 -13.5748
v -6.33703 499.6 -13.5748
v -5.90877 499.556 -13.6072
v -5.8695 499.583 -13.6048
v -6.33703 499.556 -13.6072
v -6.3763 499.583 -13.6048
v -5.90877 499.535 -13.6441
v -5.87186 499.556 -13.6441
v -6.33703 499.535 -13.6441
v -6.37394 499.556 -13.6441
v -5.87186 499.556 -14.0723
v -5.90877 499.535 -14.0723
v -5.8695 499.583 -14.1116
v -5.90877 499.556 -14.1092
v -5.8695 499.596 -14.1216
v -6.33703 499.535 -14.0723
v -6.37394 499.556 -14.0723
v -6.3763 499.583 -14.1116
v -6.33703 499.556 -14.1092
v -6.3763 499.596 -14.1216
v -5.90877 499.6 -14.1416
v -6.33703 499.6 -14.1416
v -5.90877 499.649 -14.1569
v -5.87186 499.649 -14.1416
v -6.33703 499.649 -14.1569
v -6.37394 499.649 -14.1416
v -6.37394 503.051 -14.1416
v -5.90877 503.051 -14.1569
v -5.87186 503.051 -14.1416
v -6.33703 503.051 -14.1569
v -6.3763 503.104 -14.1216
v -5.8695 503.104 -14.1216
v -6.33703 503.1 -14.1416
v -5.90877 503.1 -14.1416
v -6.3763 503.117 -14.1116
v -5.90877 503.144 -14.1092
v -5.8695 503.117 -14.1116
v -6.33703 503.144 -14.1092
v -6.37394 503.144 -14.0723
v -6.33703 503.165 -14.0723
v -5.90877 503.165 -14.0723
v -5.87186 503.144 -14.0723
v -5.8695 503.104 -14.1216
v -5.8695 503.117 -14.1116
v -5.85947 503.104 -14.1116
v -5.87186 503.051 -14.1416
v -5.87186 503.144 -14.0723
v -5.83945 503.051 -14.1092
v -5.87186 499.649 -14.1416
v -5.83945 503.1 -14.0723
v -5.87186 503.144 -13.6441
v -5.82416 503.051 -14.0723
v -5.83945 503.1 -13.6441
v -5.85947 503.104 -13.6048
v -5.8695 503.117 -13.6048
v -5.8695 503.104 -13.5948
v -5.82416 503.051 -13.6441
v -5.83945 503.051 -13.6072
v -5.87186 503.051 -13.5748
v -5.87186 499.649 -13.5748
v -5.83945 499.649 -13.6072
v -5.82416 499.649 -14.0723
v -5.82416 499.649 -13.6441
v -5.85947 499.596 -13.6048
v -5.8695 499.596 -13.5948
v -5.8695 499.583 -13.6048
v -5.87186 499.556 -13.6441
v -5.83945 499.6 -13.6441
v -5.87186 499.556 -14.0723
v -5.83945 499.6 -14.0723
v -5.85947 499.596 -14.1116
v -5.8695 499.583 -14.1116
v -5.8695 499.596 -14.1216
v -5.83945 499.649 -14.1092
v -6.38633 503.104 -13.6048
v -6.3763 503.104 -13.5948
v -6.3763 503.117 -13.6048
v -6.37394 503.144 -13.6441
v -6.37394 503.051 -13.5748
v -6.40635 503.1 -13.6441
v -6.37394 503.144 -14.0723
v -6.40635 503.051 -13.6072
v -6.40635 503.1 -14.0723
v -6.42164 503.051 -13.6441
v -6.38633 503.104 -14.1116
v -6.3763 503.117 -14.1116
v -6.3763 503.104 -14.1216
v -6.42164 503.051 -14.0723
v -6.40635 503.051 -14.1092
v -6.37394 503.051 -14.1416
v -6.37394 499.649 -14.1416
v -6.40635 499.649 -14.1092
v -6.3763 499.596 -14.1216
v -6.42164 499.649 -14.0723
v -6.38633 499.596 -14.1116
v -6.3763 499.583 -14.1116
v -6.37394 499.556 -14.0723
v -6.40635 499.6 -14.0723
v -6.37394 499.556 -13.6441
v -6.40635 499.6 -13.6441
v -6.42164 499.649 -13.6441
v -6.38633 499.596 -13.6048
v -6.3763 499.583 -13.6048
v -6.3763 499.596 -13.5948
v -6.40635 499.649 -13.6072
v -6.37394 499.649 -13.5748
f 72 70 3
f 70 4 3
f 70 68 4
f 3 4 6
f 7 3 6
f 68 8 4
f 6 4 8
f 68 9 10
f 8 68 10
f 8 10 11
f 11 6 8
f 10 131 11
f 6 13 7
f 13 14 7
f 14 13 84
f 6 11 16
f 16 11 131
f 13 6 16
f 133 16 131
f 133 18 16
f 13 19 84
f 13 16 19
f 84 19 85
f 18 21 16
f 16 21 19
f 19 22 85
f 19 21 22
f 23 21 18
f 21 23 22
f 24 23 18
f 85 22 25
f 25 22 23
f 26 85 25
f 27 23 24
f 27 25 23
f 28 27 24
f 27 28 108
f 25 30 26
f 30 25 27
f 30 31 26
f 93 31 30
f 33 93 30
f 34 27 108
f 34 30 27
f 30 34 33
f 34 108 107
f 34 36 33
f 36 34 107
f 36 107 39
f 40 36 39
f 40 41 36
f 41 33 36
f 33 41 93
f 41 94 93
f 40 39 45
f 39 109 45
f 47 41 40
f 94 41 47
f 45 47 40
f 96 94 47
f 96 47 49
f 47 50 49
f 47 45 50
f 49 50 101
f 52 45 109
f 45 52 50
f 53 52 109
f 53 117 52
f 50 55 101
f 50 52 55
f 117 56 52
f 52 56 55
f 55 57 101
f 57 55 56
f 57 102 101
f 59 56 117
f 59 57 56
f 121 59 117
f 102 57 61
f 61 57 59
f 103 102 61
f 63 59 121
f 63 61 59
f 64 63 121
f 63 64 124
f 66 63 124
f 63 66 61
f 66 124 9
f 68 66 9
f 66 69 61
f 69 66 68
f 61 69 103
f 70 69 68
f 69 71 103
f 70 72 69
f 72 71 69
f 72 3 75
f 3 7 75
f 71 72 75
f 7 78 75
f 78 7 14
f 80 71 75
f 81 78 14
f 78 82 75
f 82 78 81
f 82 80 75
f 81 14 83
f 14 84 83
f 85 83 84
f 85 26 83
f 81 83 87
f 87 82 81
f 26 88 83
f 83 88 87
f 88 26 31
f 87 88 90
f 90 88 31
f 87 91 82
f 91 87 90
f 90 31 92
f 91 90 92
f 31 93 92
f 93 94 92
f 95 92 94
f 95 91 92
f 96 95 94
f 96 49 95
f 91 95 98
f 49 98 95
f 91 99 82
f 99 91 98
f 82 99 80
f 98 49 100
f 98 100 99
f 49 101 100
f 102 100 101
f 102 103 100
f 99 104 80
f 100 104 99
f 103 104 100
f 71 80 104
f 103 71 104
f 105 39 107
f 107 108 105
f 109 39 105
f 108 110 105
f 108 28 110
f 112 109 105
f 28 113 110
f 114 112 105
f 110 114 105
f 112 115 109
f 115 112 114
f 115 53 109
f 53 115 117
f 118 114 110
f 113 118 110
f 119 115 114
f 119 114 118
f 115 120 117
f 120 115 119
f 117 120 121
f 64 121 120
f 123 64 120
f 123 120 119
f 64 123 124
f 119 125 123
f 125 119 118
f 123 126 124
f 125 126 123
f 124 126 127
f 127 126 125
f 9 124 127
f 127 10 9
f 130 127 125
f 127 130 10
f 125 118 130
f 130 131 10
f 131 130 132
f 118 132 130
f 133 131 132
f 133 132 18
f 135 132 118
f 132 135 18
f 113 135 118
f 18 135 24
f 113 28 135
f 28 24 135
f 208 206 139
f 206 140 139
f 206 204 140
f 139 140 142
f 143 139 142
f 204 144 140
f 142 140 144
f 204 145 146
f 144 204 146
f 144 146 147
f 147 142 144
f 146 267 147
f 142 149 143
f 149 150 143
f 150 149 220
f 142 147 152
f 152 147 267
f 149 142 152
f 269 152 267
f 269 154 152
f 149 155 220
f 149 152 155
f 220 155 221
f 154 157 152
f 152 157 155
f 155 158 221
f 155 157 158
f 159 157 154
f 157 159 158
f 160 159 154
f 221 158 161
f 161 158 159
f 162 221 161
f 163 159 160
f 163 161 159
f 164 163 160
f 163 164 244
f 161 166 162
f 166 161 163
f 166 167 162
f 229 167 166
f 169 229 166
f 170 163 244
f 170 166 163
f 166 170 169
f 170 244 243
f 170 172 169
f 172 170 243
f 172 243 175
f 176 172 175
f 176 177 172
f 177 169 172
f 169 177 229
f 177 230 229
f 176 175 181
f 175 245 181
f 183 177 176
f 230 177 183
f 181 183 176
f 232 230 183
f 232 183 185
f 183 186 185
f 183 181 186
f 185 186 237
f 188 181 245
f 181 188 186
f 189 188 245
f 189 253 188
f 186 191 237
f 186 188 191
f 253 192 188
f 188 192 191
f 191 193 237
f 193 191 192
f 193 238 237
f 195 192 253
f 195 193 192
f 257 195 253
f 238 193 197
f 197 193 195
f 239 238 197
f 199 195 257
f 199 197 195
f 200 199 257
f 199 200 260
f 202 199 260
f 199 202 197
f 202 260 145
f 204 202 145
f 202 205 197
f 205 202 204
f 197 205 239
f 206 205 204
f 205 207 239
f 206 208 205
f 208 207 205
f 208 139 211
f 139 143 211
f 207 208 211
f 143 214 211
f 214 143 150
f 216 207 211
f 217 214 150
f 214 218 211
f 218 214 217
f 218 216 211
f 217 150 219
f 150 220 219
f 221 219 220
f 221 162 219
f 217 219 223
f 223 218 217
f 162 224 219
f 219 224 223
f 224 162 167
f 223 224 226
f 226 224 167
f 223 227 218
f 227 223 226
f 226 167 228
f 227 226 228
f 167 229 228
f 229 230 228
f 231 228 230
f 231 227 228
f 232 231 230
f 232 185 231
f 227 231 234
f 185 234 231
f 227 235 218
f 235 227 234
f 218 235 216
f 234 185 236
f 234 236 235
f 185 237 236
f 238 236 237
f 238 239 236
f 235 240 216
f 236 240 235
f 239 240 236
f 207 216 240
f 239 207 240
f 241 175 243
f 243 244 241
f 245 175 241
f 244 246 241
f 244 164 246
f 248 245 241
f 164 249 246
f 250 248 241
f 246 250 241
f 248 251 245
f 251 248 250
f 251 189 245
f 189 251 253
f 254 250 246
f 249 254 246
f 255 251 250
f 255 250 254
f 251 256 253
f 256 251 255
f 253 256 257
f 200 257 256
f 259 200 256
f 259 256 255
f 200 259 260
f 255 261 259
f 261 255 254
f 259 262 260
f 261 262 259
f 260 262 263
f 263 262 261
f 145 260 263
f 263 146 145
f 266 263 261
f 263 266 146
f 261 254 266
f 266 267 146
f 267 266 268
f 254 268 266
f 269 267 268
f 269 268 154
f 271 268 254
f 268 271 154
f 249 271 254
f 154 271 160
f 249 164 271
f 164 160 271
f 344 342 275
f 342 276 275
f 342 340 276
f 275 276 278
f 279 275 278
f 340 280 276
f 278 276 280
f 340 281 282
f 280 340 282
f 280 282 283
f 283 278 280
f 282 403 283
f 278 285 279
f 285 286 279
f 286 285 356
f 278 283 288
f 288 283 403
f 285 278 288
f 405 288 403
f 405 290 288
f 285 291 356
f 285 288 291
f 356 291 357
f 290 293 288
f 288 293 291
f 291 294 357
f 291 293 294
f 295 293 290
f 293 295 294
f 296 295 290
f 357 294 297
f 297 294 295
f 298 357 297
f 299 295 296
f 299 297 295
f 300 299 296
f 299 300 380
f 297 302 298
f 302 297 299
f 302 303 298
f 365 303 302
f 305 365 302
f 306 299 380
f 306 302 299
f 302 306 305
f 306 380 379
f 306 308 305
f 308 306 379
f 308 379 311
f 312 308 311
f 312 313 308
f 313 305 308
f 305 313 365
f 313 366 365
f 312 311 317
f 311 381 317
f 319 313 312
f 366 313 319
f 317 319 312
f 368 366 319
f 368 319 321
f 319 322 321
f 319 317 322
f 321 322 373
f 324 317 381
f 317 324 322
f 325 324 381
f 325 389 324
f 322 327 373
f 322 324 327
f 389 328 324
f 324 328 327
f 327 329 373
f 329 327 328
f 329 374 373
f 331 328 389
f 331 329 328
f 393 331 389
f 374 329 333
f 333 329 331
f 375 374 333
f 335 331 393
f 335 333 331
f 336 335 393
f 335 336 396
f 338 335 396
f 335 338 333
f 338 396 281
f 340 338 281
f 338 341 333
f 341 338 340
f 333 341 375
f 342 341 340
f 341 343 375
f 342 344 341
f 344 343 341
f 344 275 347
f 275 279 347
f 343 344 347
f 279 350 347
f 350 279 286
f 352 343 347
f 353 350 286
f 350 354 347
f 354 350 353
f 354 352 347
f 353 286 355
f 286 356 355
f 357 355 356
f 357 298 355
f 353 355 359
f 359 354 353
f 298 360 355
f 355 360 359
f 360 298 303
f 359 360 362
f 362 360 303
f 359 363 354
f 363 359 362
f 362 303 364
f 363 362 364
f 303 365 364
f 365 366 364
f 367 364 366
f 367 363 364
f 368 367 366
f 368 321 367
f 363 367 370
f 321 370 367
f 363 371 354
f 371 363 370
f 354 371 352
f 370 321 372
f 370 372 371
f 321 373 372
f 374 372 373
f 374 375 372
f 371 376 352
f 372 376 371
f 375 376 372
f 343 352 376
f 375 343 376
f 377 311 379
f 379 380 377
f 381 311 377
f 380 382 377
f 380 300 382
f 384 381 377
f 300 385 382
f 386 384 377
f 382 386 377
f 384 387 381
f 387 384 386
f 387 325 381
f 325 387 389
f 390 386 382
f 385 390 382
f 391 387 386
f 391 386 390
f 387 392 389
f 392 387 391
f 389 392 393
f 336 393 392
f 395 336 392
f 395 392 391
f 336 395 396
f 391 397 395
f 397 391 390
f 395 398 396
f 397 398 395
f 396 398 399
f 399 398 397
f 281 396 399
f 399 282 281
f 402 399 397
f 399 402 282
f 397 390 402
f 402 403 282
f 403 402 404
f 390 404 402
f 405 403 404
f 405 404 290
f 407 404 390
f 404 407 290
f 385 407 390
f 290 407 296
f 385 300 407
f 300 296 407
f 480 478 411
f 478 412 411
f 478 476 412
f 411 412 414
f 415 411 414
f 476 416 412
f 414 412 416
f 476 417 418
f 416 476 418
f 416 418 419
f 419 414 416
f 418 539 419
f 414 421 415
f 421 422 415
f 422 421 492
f 414 419 424
f 424 419 539
f 421 414 424
f 541 424 539
f 541 426 424
f 421 427 492
f 421 424 427
f 492 427 493
f 426 429 424
f 424 429 427
f 427 430 493
f 427 429 430
f 431 429 426
f 429 431 430
f 432 431 426
f 493 430 433
f 433 430 431
f 434 493 433
f 435 431 432
f 435 433 431
f 436 435 432
f 435 436 516
f 433 438 434
f 438 433 435
f 438 439 434
f 501 439 438
f 441 501 438
f 442 435 516
f 442 438 435
f 438 442 441
f 442 516 515
f 442 444 441
f 444 442 515
f 444 515 447
f 448 444 447
f 448 449 444
f 449 441 444
f 441 449 501
f 449 502 501
f 448 447 453
f 447 517 453
f 455 449 448
f 502 449 455
f 453 455 448
f 504 502 455
f 504 455 457
f 455 458 457
f 455 453 458
f 457 458 509
f 460 453 517
f 453 460 458
f 461 460 517
f 461 525 460
f 458 463 509
f 458 460 463
f 525 464 460
f 460 464 463
f 463 465 509
f 465 463 464
f 465 510 509
f 467 464 525
f 467 465 464
f 529 467 525
f 510 465 469
f 469 465 467
f 511 510 469
f 471 467 529
f 471 469 467
f 472 471 529
f 471 472 532
f 474 471 532
f 471 474 469
f 474 532 417
f 476 474 417
f 474 477 469
f 477 474 476
f 469 477 511
f 478 477 476
f 477 479 511
f 478 480 477
f 480 479 477
f 480 411 483
f 411 415 483
f 479 480 483
f 415 486 483
f 486 415 422
f 488 479 483
f 489 486 422
f 486 490 483
f 490 486 489
f 490 488 483
f 489 422 491
f 422 492 491
f 493 491 492
f 493 434 491
f 489 491 495
f 495 490 489
f 434 496 491
f 491 496 495
f 496 434 439
f 495 496 498
f 498 496 439
f 495 499 490
f 499 495 498
f 498 439 500
f 499 498 500
f 439 501 500
f 501 502 500
f 503 500 502
f 503 499 500
f 504 503 502
f 504 457 503
f 499 503 506
f 457 506 503
f 499 507 490
f 507 499 506
f 490 507 488
f 506 457 508
f 506 508 507
f 457 509 508
f 510 508 509
f 510 511 508
f 507 512 488
f 508 512 507
f 511 512 508
f 479 488 512
f 511 479 512
f 513 447 515
f 515 516 513
f 517 447 513
f 516 518 513
f 516 436 518
f 520 517 513
f 436 521 518
f 522 520 513
f 518 522 513
f 520 523 517
f 523 520 522
f 523 461 517
f 461 523 525
f 526 522 518
f 521 526 518
f 527 523 522
f 527 522 526
f 523 528 525
f 528 523 527
f 525 528 529
f 472 529 528
f 531 472 528
f 531 528 527
f 472 531 532
f 527 533 531
f 533 527 526
f 531 534 532
f 533 534 531
f 532 534 535
f 535 534 533
f 417 532 535
f 535 418 417
f 538 535 533
f 535 538 418
f 533 526 538
f 538 539 418
f 539 538 540
f 526 540 538
f 541 539 540
f 541 540 426
f 543 540 526
f 540 543 426
f 521 543 526
f 426 543 432
f 521 436 543
f 436 432 543
f 616 614 547
f 614 548 547
f 614 612 548
f 547 548 550
f 551 547 550
f 612 552 548
f 550 548 552
f 612 553 554
f 552 612 554
f 552 554 555
f 555 550 552
f 554 675 555
f 550 557 551
f 557 558 551
f 558 557 628
f 550 555 560
f 560 555 675
f 557 550 560
f 677 560 675
f 677 562 560
f 557 563 628
f 557 560 563
f 628 563 629
f 562 565 560
f 560 565 563
f 563 566 629
f 563 565 566
f 567 565 562
f 565 567 566
f 568 567 562
f 629 566 569
f 569 566 567
f 570 629 569
f 571 567 568
f 571 569 567
f 572 571 568
f 571 572 652
f 569 574 570
f 574 569 571
f 574 575 570
f 637 575 574
f 577 637 574
f 578 571 652
f 578 574 571
f 574 578 577
f 578 652 651
f 578 580 577
f 580 578 651
f 580 651 583
f 584 580 583
f 584 585 580
f 585 577 580
f 577 585 637
f 585 638 637
f 584 583 589
f 583 653 589
f 591 585 584
f 638 585 591
f 589 591 584
f 640 638 591
f 640 591 593
f 591 594 593
f 591 589 594
f 593 594 645
f 596 589 653
f 589 596 594
f 597 596 653
f 597 661 596
f 594 599 645
f 594 596 599
f 661 600 596
f 596 600 599
f 599 601 645
f 601 599 600
f 601 646 645
f 603 600 661
f 603 601 600
f 665 603 661
f 646 601 605
f 605 601 603
f 647 646 605
f 607 603 665
f 607 605 603
f 608 607 665
f 607 608 668
f 610 607 668
f 607 610 605
f 610 668 553
f 612 610 553
f 610 613 605
f 613 610 612
f 605 613 647
f 614 613 612
f 613 615 647
f 614 616 613
f 616 615 613
f 616 547 619
f 547 551 619
f 615 616 619
f 551 622 619
f 622 551 558
f 624 615 619
f 625 622 558
f 622 626 619
f 626 622 625
f 626 624 619
f 625 558 627
f 558 628 627
f 629 627 628
f 629 570 627
f 625 627 631
f 631 626 625
f 570 632 627
f 627 632 631
f 632 570 575
f 631 632 634
f 634 632 575
f 631 635 626
f 635 631 634
f 634 575 636
f 635 634 636
f 575 637 636
f 637 638 636
f 639 636 638
f 639 635 636
f 640 639 638
f 640 593 639
f 635 639 642
f 593 642 639
f 635 643 626
f 643 635 642
f 626 643 624
f 642 593 644
f 642 644 643
f 593 645 644
f 646 644 645
f 646 647 644
f 643 648 624
f 644 648 643
f 647 648 644
f 615 624 648
f 647 615 648
f 649 583 651
f 651 652 649
f 653 583 649
f 652 654 649
f 652 572 654
f 656 653 649
f 572 657 654
f 658 656 649
f 654 658 649
f 656 659 653
f 659 656 658
f 659 597 653
f 597 659 661
f 662 658 654
f 657 662 654
f 663 659 658
f 663 658 662
f 659 664 661
f 664 659 663
f 661 664 665
f 608 665 664
f 667 608 664
f 667 664 663
f 608 667 668
f 663 669 667
f 669 663 662
f 667 670 668
f 669 670 667
f 668 670 671
f 671 670 669
f 553 668 671
f 671 554 553
f 674 671 669
f 671 674 554
f 669 662 674
f 674 675 554
f 675 674 676
f 662 676 674
f 677 675 676
f 677 676 562
f 679 676 662
f 676 679 562
f 657 679 662
f 562 679 568
f 657 572 679
f 572 568 679
f 752 750 683
f 750 684 683
f 750 748 684
f 683 684 686
f 687 683 686
f 748 688 684
f 686 684 688
f 748 689 690
f 688 748 690
f 688 690 691
f 691 686 688
f 690 811 691
f 686 693 687
f 693 694 687
f 694 693 764
f 686 691 696
f 696 691 811
f 693 686 696
f 813 696 811
f 813 698 696
f 693 699 764
f 693 696 699
f 764 699 765
f 698 701 696
f 696 701 699
f 699 702 765
f 699 701 702
f 703 701 698
f 701 703 702
f 704 703 698
f 765 702 705
f 705 702 703
f 706 765 705
f 707 703 704
f 707 705 703
f 708 707 704
f 707 708 788
f 705 710 706
f 710 705 707
f 710 711 706
f 773 711 710
f 713 773 710
f 714 707 788
f 714 710 707
f 710 714 713
f 714 788 787
f 714 716 713
f 716 714 787
f 716 787 719
f 720 716 719
f 720 721 716
f 721 713 716
f 713 721 773
f 721 774 773
f 720 719 725
f 719 789 725
f 727 721 720
f 774 721 727
f 725 727 720
f 776 774 727
f 776 727 729
f 727 730 729
f 727 725 730
f 729 730 781
f 732 725 789
f 725 732 730
f 733 732 789
f 733 797 732
f 730 735 781
f 730 732 735
f 797 736 732
f 732 736 735
f 735 737 781
f 737 735 736
f 737 782 781
f 739 736 797
f 739 737 736
f 801 739 797
f 782 737 741
f 741 737 739
f 783 782 741
f 743 739 801
f 743 741 739
f 744 743 801
f 743 744 804
f 746 743 804
f 743 746 741
f 746 804 689
f 748 746 689
f 746 749 741
f 749 746 748
f 741 749 783
f 750 749 748
f 749 751 783
f 750 752 749
f 752 751 749
f 752 683 755
f 683 687 755
f 751 752 755
f 687 758 755
f 758 687 694
f 760 751 755
f 761 758 694
f 758 762 755
f 762 758 761
f 762 760 755
f 761 694 763
f 694 764 763
f 765 763 764
f 765 706 763
f 761 763 767
f 767 762 761
f 706 768 763
f 763 768 767
f 768 706 711
f 767 768 770
f 770 768 711
f 767 771 762
f 771 767 770
f 770 711 772
f 771 770 772
f 711 773 772
f 773 774 772
f 775 772 774
f 775 771 772
f 776 775 774
f 776 729 775
f 771 775 778
f 729 778 775
f 771 779 762
f 779 771 778
f 762 779 760
f 778 729 780
f 778 780 779
f 729 781 780
f 782 780 781
f 782 783 780
f 779 784 760
f 780 784 779
f 783 784 780
f 751 760 784
f 783 751 784
f 785 719 787
f 787 788 785
f 789 719 785
f 788 790 785
f 788 708 790
f 792 789 785
f 708 793 790
f 794 792 785
f 790 794 785
f 792 795 789
f 795 792 794
f 795 733 789
f 733 795 797
f 798 794 790
f 793 798 790
f 799 795 794
f 799 794 798
f 795 800 797
f 800 795 799
f 797 800 801
f 744 801 800
f 803 744 800
f 803 800 799
f 744 803 804
f 799 805 803
f 805 799 798
f 803 806 804
f 805 806 803
f 804 806 807
f 807 806 805
f 689 804 807
f 807 690 689
f 810 807 805
f 807 810 690
f 805 798 810
f 810 811 690
f 811 810 812
f 798 812 810
f 813 811 812
f 813 812 698
f 815 812 798
f 812 815 698
f 793 815 798
f 698 815 704
f 793 708 815
f 708 704 815
f 888 886 819
f 886 820 819
f 886 884 820
f 819 820 822
f 823 819 822
f 884 824 820
f 822 820 824
f 884 825 826
f 824 884 826
f 824 826 827
f 827 822 824
f 826 947 827
f 822 829 823
f 829 830 823
f 830 829 900
f 822 827 832
f 832 827 947
f 829 822 832
f 949 832 947
f 949 834 832
f 829 835 900
f 829 832 835
f 900 835 901
f 834 837 832
f 832 837 835
f 835 838 901
f 835 837 838
f 839 837 834
f 837 839 838
f 840 839 834
f 901 838 841
f 841 838 839
f 842 901 841
f 843 839 840
f 843 841 839
f 844 843 840
f 843 844 924
f 841 846 842
f 846 841 843
f 846 847 842
f 909 847 846
f 849 909 846
f 850 843 924
f 850 846 843
f 846 850 849
f 850 924 923
f 850 852 849
f 852 850 923
f 852 923 855
f 856 852 855
f 856 857 852
f 857 849 852
f 849 857 909
f 857 910 909
f 856 855 861
f 855 925 861
f 863 857 856
f 910 857 863
f 861 863 856
f 912 910 863
f 912 863 865
f 863 866 865
f 863 861 866
f 865 866 917
f 868 861 925
f 861 868 866
f 869 868 925
f 869 933 868
f 866 871 917
f 866 868 871
f 933 872 868
f 868 872 871
f 871 873 917
f 873 871 872
f 873 918 917
f 875 872 933
f 875 873 872
f 937 875 933
f 918 873 877
f 877 873 875
f 919 918 877
f 879 875 937
f 879 877 875
f 880 879 937
f 879 880 940
f 882 879 940
f 879 882 877
f 882 940 825
f 884 882 825
f 882 885 877
f 885 882 884
f 877 885 919
f 886 885 884
f 885 887 919
f 886 888 885
f 888 887 885
f 888 819 891
f 819 823 891
f 887 888 891
f 823 894 891
f 894 823 830
f 896 887 891
f 897 894 830
f 894 898 891
f 898 894 897
f 898 896 891
f 897 830 899
f 830 900 899
f 901 899 900
f 901 842 899
f 897 899 903
f 903 898 897
f 842 904 899
f 899 904 903
f 904 842 847
f 903 904 906
f 906 904 847
f 903 907 898
f 907 903 906
f 906 847 908
f 907 906 908
f 847 909 908
f 909 910 908
f 911 908 910
f 911 907 908
f 912 911 910
f 912 865 911
f 907 911 914
f 865 914 911
f 907 915 898
f 915 907 914
f 898 915 896
f 914 865 916
f 914 916 915
f 865 917 916
f 918 916 917
f 918 919 916
f 915 920 896
f 916 920 915
f 919 920 916
f 887 896 920
f 919 887 920
f 921 855 923
f 923 924 921
f 925 855 921
f 924 926 921
f 924 844 926
f 928 925 921
f 844 929 926
f 930 928 921
f 926 930 921
f 928 931 925
f 931 928 930
f 931 869 925
f 869 931 933
f 934 930 926
f 929 934 926
f 935 931 930
f 935 930 934
f 931 936 933
f 936 931 935
f 933 936 937
f 880 937 936
f 939 880 936
f 939 936 935
f 880 939 940
f 935 941 939
f 941 935 934
f 939 942 940
f 941 942 939
f 940 942 943
f 943 942 941
f 825 940 943
f 943 826 825
f 946 943 941
f 943 946 826
f 941 934 946
f 946 947 826
f 947 946 948
f 934 948 946
f 949 947 948
f 949 948 834
f 951 948 934
f 948 951 834
f 929 951 934
f 834 951 840
f 929 844 951
f 844 840 951
f 1024 1022 955
f 1022 956 955
f 1022 1020 956
f 955 956 958
f 959 955 958
f 1020 960 956
f 958 956 960
f 1020 961 962
f 960 1020 962
f 960 962 963
f 963 958 960
f 962 1083 963
f 958 965 959
f 965 966 959
f 966 965 1036
f 958 963 968
f 968 963 1083
f 965 958 968
f 1085 968 1083
f 1085 970 968
f 965 971 1036
f 965 968 971
f 1036 971 1037
f 970 973 968
f 968 973 971
f 971 974 1037
f 971 973 974
f 975 973 970
f 973 975 974
f 976 975 970
f 1037 974 977
f 977 974 975
f 978 1037 977
f 979 975 976
f 979 977 975
f 980 979 976
f 979 980 1060
f 977 982 978
f 982 977 979
f 982 983 978
f 1045 983 982
f 985 1045 982
f 986 979 1060
f 986 982 979
f 982 986 985
f 986 1060 1059
f 986 988 985
f 988 986 1059
f 988 1059 991
f 992 988 991
f 992 993 988
f 993 985 988
f 985 993 1045
f 993 1046 1045
f 992 991 997
f 991 1061 997
f 999 993 992
f 1046 993 999
f 997 999 992
f 1048 1046 999
f 1048 999 1001
f 999 1002 1001
f 999 997 1002
f 1001 1002 1053
f 1004 997 1061
f 997 1004 1002
f 1005 1004 1061
f 1005 1069 1004
f 1002 1007 1053
f 1002 1004 1007
f 1069 1008 1004
f 1004 1008 1007
f 1007 1009 1053
f 1009 1007 1008
f 1009 1054 1053
f 1011 1008 1069
f 1011 1009 1008
f 1073 1011 1069
f 1054 1009 1013
f 1013 1009 1011
f 1055 1054 1013
f 1015 1011 1073
f 1015 1013 1011
f 1016 1015 1073
f 1015 1016 1076
f 1018 1015 1076
f 1015 1018 1013
f 1018 1076 961
f 1020 1018 961
f 1018 1021 1013
f 1021 1018 1020
f 1013 1021 1055
f 1022 1021 1020
f 1021 1023 1055
f 1022 1024 1021
f 1024 1023 1021
f 1024 955 1027
f 955 959 1027
f 1023 1024 1027
f 959 1030 1027
f 1030 959 966
f 1032 1023 1027
f 1033 1030 966
f 1030 1034 1027
f 1034 1030 1033
f 1034 1032 1027
f 1033 966 1035
f 966 1036 1035
f 1037 1035 1036
f 1037 978 1035
f 1033 1035 1039
f 1039 1034 1033
f 978 1040 1035
f 1035 1040 1039
f 1040 978 983
f 1039 1040 1042
f 1042 1040 983
f 1039 1043 1034
f 1043 1039 1042
f 1042 983 1044
f 1043 1042 1044
f 983 1045 1044
f 1045 1046 1044
f 1047 1044 1046
f 1047 1043 1044
f 1048 1047 1046
f 1048 1001 1047
f 1043 1047 1050
f 1001 1050 1047
f 1043 1051 1034
f 1051 1043 1050
f 1034 1051 1032
f 1050 1001 1052
f 1050 1052 1051
f 1001 1053 1052
f 1054 1052 1053
f 1054 1055 1052
f 1051 1056 1032
f 1052 1056 1051
f 1055 1056 1052
f 1023 1032 1056
f 1055 1023 1056
f 1057 991 1059
f 1059 1060 1057
f 1061 991 1057
f 1060 1062 1057
f 1060 980 1062
f 1064 1061 1057
f 980 1065 1062
f 1066 1064 1057
f 1062 1066 1057
f 1064 1067 1061
f 1067 1064 1066
f 1067 1005 1061
f 1005 1067 1069
f 1070 1066 1062
f 1065 1070 1062
f 1071 1067 1066
f 1071 1066 1070
f 1067 1072 1069
f 1072 1067 1071
f 1069 1072 1073
f 1016 1073 1072
f 1075 1016 1072
f 1075 1072 1071
f 1016 1075 1076
f 1071 1077 1075
f 1077 1071 1070
f 1075 1078 1076
f 1077 1078 1075
f 1076 1078 1079
f 1079 1078 1077
f 961 1076 1079
f 1079 962 961
f 1082 1079 1077
f 1079 1082 962
f 1077 1070 1082
f 1082 1083 962
f 1083 1082 1084
f 1070 1084 1082
f 1085 1083 1084
f 1085 1084 970
f 1087 1084 1070
f 1084 1087 970
f 1065 1087 1070
f 970 1087 976
f 1065 980 1087
f 980 976 1087
f 1160 1158 1091
f 1158 1092 1091
f 1158 1156 1092
f 1091 1092 1094
f 1095 1091 1094
f 1156 1096 1092
f 1094 1092 1096
f 1156 1097 1098
f 1096 1156 1098
f 1096 1098 1099
f 1099 1094 1096
f 1098 1219 1099
f 1094 1101 1095
f 1101 1102 1095
f 1102 1101 1172
f 1094 1099 1104
f 1104 1099 1219
f 1101 1094 1104
f 1221 1104 1219
f 1221 1106 1104
f 1101 1107 1172
f 1101 1104 1107
f 1172 1107 1173
f 1106 1109 1104
f 1104 1109 1107
f 1107 1110 1173
f 1107 1109 1110
f 1111 1109 1106
f 1109 1111 1110
f 1112 1111 1106
f 1173 1110 1113
f 1113 1110 1111
f 1114 1173 1113
f 1115 1111 1112
f 1115 1113 1111
f 1116 1115 1112
f 1115 1116 1196
f 1113 1118 1114
f 1118 1113 1115
f 1118 1119 1114
f 1181 1119 1118
f 1121 1181 1118
f 1122 1115 1196
f 1122 1118 1115
f 1118 1122 1121
f 1122 1196 1195
f 1122 1124 1121
f 1124 1122 1195
f 1124 1195 1127
f 1128 1124 1127
f 1128 1129 1124
f 1129 1121 1124
f 1121 1129 1181
f 1129 1182 1181
f 1128 1127 1133
f 1127 1197 1133
f 1135 1129 1128
f 1182 1129 1135
f 1133 1135 1128
f 1184 1182 1135
f 1184 1135 1137
f 1135 1138 1137
f 1135 1133 1138
f 1137 1138 1189
f 1140 1133 1197
f 1133 1140 1138
f 1141 1140 1197
f 1141 1205 1140
f 1138 1143 1189
f 1138 1140 1143
f 1205 1144 1140
f 1140 1144 1143
f 1143 1145 1189
f 1145 1143 1144
f 1145 1190 1189
f 1147 1144 1205
f 1147 1145 1144
f 1209 1147 1205
f 1190 1145 1149
f 1149 1145 1147
f 1191 1190 1149
f 1151 1147 1209
f 1151 1149 1147
f 1152 1151 1209
f 1151 1152 1212
f 1154 1151 1212
f 1151 1154 1149
f 1154 1212 1097
f 1156 1154 1097
f 1154 1157 1149
f 1157 1154 1156
f 1149 1157 1191
f 1158 1157 1156
f 1157 1159 1191
f 1158 1160 1157
f 1160 1159 1157
f 1160 1091 1163
f 1091 1095 1163
f 1159 1160 1163
f 1095 1166 1163
f 1166 1095 1102
f 1168 1159 1163
f 1169 1166 1102
f 1166 1170 1163
f 1170 1166 1169
f 1170 1168 1163
f 1169 1102 1171
f 1102 1172 1171
f 1173 1171 1172
f 1173 1114 1171
f 1169 1171 1175
f 1175 1170 1169
f 1114 1176 1171
f 1171 1176 1175
f 1176 1114 1119
f 1175 1176 1178
f 1178 1176 1119
f 1175 1179 1170
f 1179 1175 1178
f 1178 1119 1180
f 1179 1178 1180
f 1119 1181 1180
f 1181 1182 1180
f 1183 1180 1182
f 1183 1179 1180
f 1184 1183 1182
f 1184 1137 1183
f 1179 1183 1186
f 1137 1186 1183
f 1179 1187 1170
f 1187 1179 1186
f 1170 1187 1168
f 1186 1137 1188
f 1186 1188 1187
f 1137 1189 1188
f 1190 1188 1189
f 1190 1191 1188
f 1187 1192 1168
f 1188 1192 1187
f 1191 1192 1188
f 1159 1168 1192
f 1191 1159 1192
f 1193 1127 1195
f 1195 1196 1193
f 1197 1127 1193
f 1196 1198 1193
f 1196 1116 1198
f 1200 1197 1193
f 1116 1201 1198
f 1202 1200 1193
f 1198 1202 1193
f 1200 1203 1197
f 1203 1200 1202
f 1203 1141 1197
f 1141 1203 1205
f 1206 1202 1198
f 1201 1206 1198
f 1207 1203 1202
f 1207 1202 1206
f 1203 1208 1205
f 1208 1203 1207
f 1205 1208 1209
f 1152 1209 1208
f 1211 1152 1208
f 1211 1208 1207
f 1152 1211 1212
f 1207 1213 1211
f 1213 1207 1206
f 1211 1214 1212
f 1213 1214 1211
f 1212 1214 1215
f 1215 1214 1213
f 1097 1212 1215
f 1215 1098 1097
f 1218 1215 1213
f 1215 1218 1098
f 1213 1206 1218
f 1218 1219 1098
f 1219 1218 1220
f 1206 1220 1218
f 1221 1219 1220
f 1221 1220 1106
f 1223 1220 1206
f 1220 1223 1106
f 1201 1223 1206
f 1106 1223 1112
f 1201 1116 1223
f 1116 1112 1223
f 1225 1273 1329
f 1228 1225 1329
f 1278 1225 1228
f 1271 1278 1228
f 1278 1271 1361
f 1279 1278 1361
f 1302 1343 1247
f 1246 1302 1247
f 1246 1243 1302
f 1243 1238 1302
f 1238 1243 1309
f 1243 1313 1309
f 1317 1313 1243
f 1244 1317 1243
f 1317 1244 1318
f 1243 1246 1244
f 1246 1247 1339
f 1249 1246 1339
f 1246 1249 1244
f 1249 1339 1338
f 1244 1251 1318
f 1244 1249 1251
f 1252 1249 1338
f 1249 1252 1251
f 1251 1253 1318
f 1253 1251 1252
f 1253 1321 1318
f 1252 1338 1255
f 1255 1253 1252
f 1338 1256 1255
f 1255 1256 1368
f 1253 1258 1321
f 1253 1255 1258
f 1258 1259 1321
f 1260 1255 1368
f 1255 1260 1258
f 1261 1259 1258
f 1368 1262 1260
f 1263 1261 1258
f 1258 1260 1263
f 1262 1264 1260
f 1260 1264 1263
f 1263 1265 1261
f 1265 1263 1264
f 1265 1266 1261
f 1267 1264 1262
f 1267 1265 1264
f 1268 1267 1262
f 1265 1228 1266
f 1265 1267 1228
f 1228 1329 1266
f 1267 1271 1228
f 1271 1267 1268
f 1361 1271 1268
f 1273 1225 1334
f 1225 1276 1334
f 1334 1276 1335
f 1225 1278 1276
f 1278 1279 1358
f 1281 1278 1358
f 1278 1281 1276
f 1281 1358 1282
f 1276 1283 1335
f 1276 1281 1283
f 1284 1281 1282
f 1281 1284 1283
f 1335 1283 1285
f 1285 1283 1284
f 1311 1335 1285
f 1284 1282 1287
f 1287 1285 1284
f 1282 1288 1287
f 1287 1288 1352
f 1285 1290 1311
f 1290 1285 1287
f 1290 1291 1311
f 1292 1287 1352
f 1292 1290 1287
f 1292 1352 1349
f 1305 1291 1290
f 1295 1292 1349
f 1290 1292 1296
f 1296 1305 1290
f 1292 1295 1296
f 1295 1349 1297
f 1296 1298 1305
f 1298 1296 1295
f 1298 1299 1305
f 1300 1295 1297
f 1300 1298 1295
f 1297 1343 1302
f 1300 1297 1302
f 1302 1238 1300
f 1238 1298 1300
f 1299 1298 1238
f 1309 1299 1238
f 1305 1299 1307
f 1291 1305 1307
f 1299 1309 1307
f 1310 1291 1307
f 1291 1310 1311
f 1309 1312 1307
f 1309 1313 1312
f 1312 1314 1307
f 1314 1310 1307
f 1313 1315 1312
f 1314 1312 1315
f 1315 1313 1316
f 1313 1317 1316
f 1316 1317 1318
f 1319 1314 1315
f 1315 1316 1319
f 1320 1316 1318
f 1316 1320 1319
f 1321 1320 1318
f 1321 1259 1320
f 1319 1320 1323
f 1259 1323 1320
f 1314 1319 1324
f 1314 1324 1310
f 1325 1319 1323
f 1319 1325 1324
f 1323 1259 1326
f 1323 1326 1325
f 1259 1261 1326
f 1326 1261 1266
f 1266 1329 1326
f 1329 1330 1326
f 1326 1330 1325
f 1329 1273 1330
f 1325 1330 1332
f 1273 1332 1330
f 1324 1325 1332
f 1332 1273 1333
f 1332 1333 1324
f 1273 1334 1333
f 1335 1333 1334
f 1335 1311 1333
f 1333 1336 1324
f 1311 1336 1333
f 1324 1336 1310
f 1310 1336 1311
f 1337 1338 1339
f 1339 1247 1337
f 1256 1338 1337
f 1247 1342 1337
f 1247 1343 1342
f 1344 1256 1337
f 1343 1345 1342
f 1337 1342 1346
f 1346 1342 1345
f 1344 1337 1346
f 1345 1343 1347
f 1343 1297 1347
f 1347 1297 1349
f 1345 1347 1350
f 1350 1346 1345
f 1351 1347 1349
f 1347 1351 1350
f 1352 1351 1349
f 1352 1288 1351
f 1288 1354 1351
f 1350 1351 1354
f 1354 1288 1282
f 1356 1350 1354
f 1346 1350 1356
f 1357 1354 1282
f 1354 1357 1356
f 1357 1282 1358
f 1358 1279 1357
f 1279 1360 1357
f 1357 1360 1356
f 1279 1361 1360
f 1356 1360 1362
f 1361 1362 1360
f 1363 1346 1356
f 1363 1356 1362
f 1346 1363 1344
f 1362 1361 1364
f 1363 1362 1364
f 1361 1268 1364
f 1268 1262 1364
f 1363 1367 1344
f 1367 1363 1364
f 1367 1364 1262
f 1256 1344 1367
f 1368 1367 1262
f 1368 1256 1367
f 1369 1417 1473
f 1372 1369 1473
f 1422 1369 1372
f 1415 1422 1372
f 1422 1415 1505
f 1423 1422 1505
f 1446 1487 1391
f 1390 1446 1391
f 1390 1387 1446
f 1387 1382 1446
f 1382 1387 1453
f 1387 1457 1453
f 1461 1457 1387
f 1388 1461 1387
f 1461 1388 1462
f 1387 1390 1388
f 1390 1391 1483
f 1393 1390 1483
f 1390 1393 1388
f 1393 1483 1482
f 1388 1395 1462
f 1388 1393 1395
f 1396 1393 1482
f 1393 1396 1395
f 1395 1397 1462
f 1397 1395 1396
f 1397 1465 1462
f 1396 1482 1399
f 1399 1397 1396
f 1482 1400 1399
f 1399 1400 1512
f 1397 1402 1465
f 1397 1399 1402
f 1402 1403 1465
f 1404 1399 1512
f 1399 1404 1402
f 1405 1403 1402
f 1512 1406 1404
f 1407 1405 1402
f 1402 1404 1407
f 1406 1408 1404
f 1404 1408 1407
f 1407 1409 1405
f 1409 1407 1408
f 1409 1410 1405
f 1411 1408 1406
f 1411 1409 1408
f 1412 1411 1406
f 1409 1372 1410
f 1409 1411 1372
f 1372 1473 1410
f 1411 1415 1372
f 1415 1411 1412
f 1505 1415 1412
f 1417 1369 1478
f 1369 1420 1478
f 1478 1420 1479
f 1369 1422 1420
f 1422 1423 1502
f 1425 1422 1502
f 1422 1425 1420
f 1425 1502 1426
f 1420 1427 1479
f 1420 1425 1427
f 1428 1425 1426
f 1425 1428 1427
f 1479 1427 1429
f 1429 1427 1428
f 1455 1479 1429
f 1428 1426 1431
f 1431 1429 1428
f 1426 1432 1431
f 1431 1432 1496
f 1429 1434 1455
f 1434 1429 1431
f 1434 1435 1455
f 1436 1431 1496
f 1436 1434 1431
f 1436 1496 1493
f 1449 1435 1434
f 1439 1436 1493
f 1434 1436 1440
f 1440 1449 1434
f 1436 1439 1440
f 1439 1493 1441
f 1440 1442 1449
f 1442 1440 1439
f 1442 1443 1449
f 1444 1439 1441
f 1444 1442 1439
f 1441 1487 1446
f 1444 1441 1446
f 1446 1382 1444
f 1382 1442 1444
f 1443 1442 1382
f 1453 1443 1382
f 1449 1443 1451
f 1435 1449 1451
f 1443 1453 1451
f 1454 1435 1451
f 1435 1454 1455
f 1453 1456 1451
f 1453 1457 1456
f 1456 1458 1451
f 1458 1454 1451
f 1457 1459 1456
f 1458 1456 1459
f 1459 1457 1460
f 1457 1461 1460
f 1460 1461 1462
f 1463 1458 1459
f 1459 1460 1463
f 1464 1460 1462
f 1460 1464 1463
f 1465 1464 1462
f 1465 1403 1464
f 1463 1464 1467
f 1403 1467 1464
f 1458 1463 1468
f 1458 1468 1454
f 1469 1463 1467
f 1463 1469 1468
f 1467 1403 1470
f 1467 1470 1469
f 1403 1405 1470
f 1470 1405 1410
f 1410 1473 1470
f 1473 1474 1470
f 1470 1474 1469
f 1473 1417 1474
f 1469 1474 1476
f 1417 1476 1474
f 1468 1469 1476
f 1476 1417 1477
f 1476 1477 1468
f 1417 1478 1477
f 1479 1477 1478
f 1479 1455 1477
f 1477 1480 1468
f 1455 1480 1477
f 1468 1480 1454
f 1454 1480 1455
f 1481 1482 1483
f 1483 1391 1481
f 1400 1482 1481
f 1391 1486 1481
f 1391 1487 1486
f 1488 1400 1481
f 1487 1489 1486
f 1481 1486 1490
f 1490 1486 1489
f 1488 1481 1490
f 1489 1487 1491
f 1487 1441 1491
f 1491 1441 1493
f 1489 1491 1494
f 1494 1490 1489
f 1495 1491 1493
f 1491 1495 1494
f 1496 1495 1493
f 1496 1432 1495
f 1432 1498 1495
f 1494 1495 1498
f 1498 1432 1426
f 1500 1494 1498
f 1490 1494 1500
f 1501 1498 1426
f 1498 1501 1500
f 1501 1426 1502
f 1502 1423 1501
f 1423 1504 1501
f 1501 1504 1500
f 1423 1505 1504
f 1500 1504 1506
f 1505 1506 1504
f 1507 1490 1500
f 1507 1500 1506
f 1490 1507 1488
f 1506 1505 1508
f 1507 1506 1508
f 1505 1412 1508
f 1412 1406 1508
f 1507 1511 1488
f 1511 1507 1508
f 1511 1508 1406
f 1400 1488 1511
f 1512 1511 1406
f 1512 1400 1511
f 1513 1561 1617
f 1516 1513 1617
f 1566 1513 1516
f 1559 1566 1516
f 1566 1559 1649
f 1567 1566 1649
f 1590 1631 1535
f 1534 1590 1535
f 1534 1531 1590
f 1531 1526 1590
f 1526 1531 1597
f 1531 1601 1597
f 1605 1601 1531
f 1532 1605 1531
f 1605 1532 1606
f 1531 1534 1532
f 1534 1535 1627
f 1537 1534 1627
f 1534 1537 1532
f 1537 1627 1626
f 1532 1539 1606
f 1532 1537 1539
f 1540 1537 1626
f 1537 1540 1539
f 1539 1541 1606
f 1541 1539 1540
f 1541 1609 1606
f 1540 1626 1543
f 1543 1541 1540
f 1626 1544 1543
f 1543 1544 1656
f 1541 1546 1609
f 1541 1543 1546
f 1546 1547 1609
f 1548 1543 1656
f 1543 1548 1546
f 1549 1547 1546
f 1656 1550 1548
f 1551 1549 1546
f 1546 1548 1551
f 1550 1552 1548
f 1548 1552 1551
f 1551 1553 1549
f 1553 1551 1552
f 1553 1554 1549
f 1555 1552 1550
f 1555 1553 1552
f 1556 1555 1550
f 1553 1516 1554
f 1553 1555 1516
f 1516 1617 1554
f 1555 1559 1516
f 1559 1555 1556
f 1649 1559 1556
f 1561 1513 1622
f 1513 1564 1622
f 1622 1564 1623
f 1513 1566 1564
f 1566 1567 1646
f 1569 1566 1646
f 1566 1569 1564
f 1569 1646 1570
f 1564 1571 1623
f 1564 1569 1571
f 1572 1569 1570
f 1569 1572 1571
f 1623 1571 1573
f 1573 1571 1572
f 1599 1623 1573
f 1572 1570 1575
f 1575 1573 1572
f 1570 1576 1575
f 1575 1576 1640
f 1573 1578 1599
f 1578 1573 1575
f 1578 1579 1599
f 1580 1575 1640
f 1580 1578 1575
f 1580 1640 1637
f 1593 1579 1578
f 1583 1580 1637
f 1578 1580 1584
f 1584 1593 1578
f 1580 1583 1584
f 1583 1637 1585
f 1584 1586 1593
f 1586 1584 1583
f 1586 1587 1593
f 1588 1583 1585
f 1588 1586 1583
f 1585 1631 1590
f 1588 1585 1590
f 1590 1526 1588
f 1526 1586 1588
f 1587 1586 1526
f 1597 1587 1526
f 1593 1587 1595
f 1579 1593 1595
f 1587 1597 1595
f 1598 1579 1595
f 1579 1598 1599
f 1597 1600 1595
f 1597 1601 1600
f 1600 1602 1595
f 1602 1598 1595
f 1601 1603 1600
f 1602 1600 1603
f 1603 1601 1604
f 1601 1605 1604
f 1604 1605 1606
f 1607 1602 1603
f 1603 1604 1607
f 1608 1604 1606
f 1604 1608 1607
f 1609 1608 1606
f 1609 1547 1608
f 1607 1608 1611
f 1547 1611 1608
f 1602 1607 1612
f 1602 1612 1598
f 1613 1607 1611
f 1607 1613 1612
f 1611 1547 1614
f 1611 1614 1613
f 1547 1549 1614
f 1614 1549 1554
f 1554 1617 1614
f 1617 1618 1614
f 1614 1618 1613
f 1617 1561 1618
f 1613 1618 1620
f 1561 1620 1618
f 1612 1613 1620
f 1620 1561 1621
f 1620 1621 1612
f 1561 1622 1621
f 1623 1621 1622
f 1623 1599 1621
f 1621 1624 1612
f 1599 1624 1621
f 1612 1624 1598
f 1598 1624 1599
f 1625 1626 1627
f 1627 1535 1625
f 1544 1626 1625
f 1535 1630 1625
f 1535 1631 1630
f 1632 1544 1625
f 1631 1633 1630
f 1625 1630 1634
f 1634 1630 1633
f 1632 1625 1634
f 1633 1631 1635
f 1631 1585 1635
f 1635 1585 1637
f 1633 1635 1638
f 1638 1634 1633
f 1639 1635 1637
f 1635 1639 1638
f 1640 1639 1637
f 1640 1576 1639
f 1576 1642 1639
f 1638 1639 1642
f 1642 1576 1570
f 1644 1638 1642
f 1634 1638 1644
f 1645 1642 1570
f 1642 1645 1644
f 1645 1570 1646
f 1646 1567 1645
f 1567 1648 1645
f 1645 1648 1644
f 1567 1649 1648
f 1644 1648 1650
f 1649 1650 1648
f 1651 1634 1644
f 1651 1644 1650
f 1634 1651 1632
f 1650 1649 1652
f 1651 1650 1652
f 1649 1556 1652
f 1556 1550 1652
f 1651 1655 1632
f 1655 1651 1652
f 1655 1652 1550
f 1544 1632 1655
f 1656 1655 1550
f 1656 1544 1655
f 1657 1705 1761
f 1660 1657 1761
f 1710 1657 1660
f 1703 1710 1660
f 1710 1703 1793
f 1711 1710 1793
f 1734 1775 1679
f 1678 1734 1679
f 1678 1675 1734
f 1675 1670 1734
f 1670 1675 1741
f 1675 1745 1741
f 1749 1745 1675
f 1676 1749 1675
f 1749 1676 1750
f 1675 1678 1676
f 1678 1679 1771
f 1681 1678 1771
f 1678 1681 1676
f 1681 1771 1770
f 1676 1683 1750
f 1676 1681 1683
f 1684 1681 1770
f 1681 1684 1683
f 1683 1685 1750
f 1685 1683 1684
f 1685 1753 1750
f 1684 1770 1687
f 1687 1685 1684
f 1770 1688 1687
f 1687 1688 1800
f 1685 1690 1753
f 1685 1687 1690
f 1690 1691 1753
f 1692 1687 1800
f 1687 1692 1690
f 1693 1691 1690
f 1800 1694 1692
f 1695 1693 1690
f 1690 1692 1695
f 1694 1696 1692
f 1692 1696 1695
f 1695 1697 1693
f 1697 1695 1696
f 1697 1698 1693
f 1699 1696 1694
f 1699 1697 1696
f 1700 1699 1694
f 1697 1660 1698
f 1697 1699 1660
f 1660 1761 1698
f 1699 1703 1660
f 1703 1699 1700
f 1793 1703 1700
f 1705 1657 1766
f 1657 1708 1766
f 1766 1708 1767
f 1657 1710 1708
f 1710 1711 1790
f 1713 1710 1790
f 1710 1713 1708
f 1713 1790 1714
f 1708 1715 1767
f 1708 1713 1715
f 1716 1713 1714
f 1713 1716 1715
f 1767 1715 1717
f 1717 1715 1716
f 1743 1767 1717
f 1716 1714 1719
f 1719 1717 1716
f 1714 1720 1719
f 1719 1720 1784
f 1717 1722 1743
f 1722 1717 1719
f 1722 1723 1743
f 1724 1719 1784
f 1724 1722 1719
f 1724 1784 1781
f 1737 1723 1722
f 1727 1724 1781
f 1722 1724 1728
f 1728 1737 1722
f 1724 1727 1728
f 1727 1781 1729
f 1728 1730 1737
f 1730 1728 1727
f 1730 1731 1737
f 1732 1727 1729
f 1732 1730 1727
f 1729 1775 1734
f 1732 1729 1734
f 1734 1670 1732
f 1670 1730 1732
f 1731 1730 1670
f 1741 1731 1670
f 1737 1731 1739
f 1723 1737 1739
f 1731 1741 1739
f 1742 1723 1739
f 1723 1742 1743
f 1741 1744 1739
f 1741 1745 1744
f 1744 1746 1739
f 1746 1742 1739
f 1745 1747 1744
f 1746 1744 1747
f 1747 1745 1748
f 1745 1749 1748
f 1748 1749 1750
f 1751 1746 1747
f 1747 1748 1751
f 1752 1748 1750
f 1748 1752 1751
f 1753 1752 1750
f 1753 1691 1752
f 1751 1752 1755
f 1691 1755 1752
f 1746 1751 1756
f 1746 1756 1742
f 1757 1751 1755
f 1751 1757 1756
f 1755 1691 1758
f 1755 1758 1757
f 1691 1693 1758
f 1758 1693 1698
f 1698 1761 1758
f 1761 1762 1758
f 1758 1762 1757
f 1761 1705 1762
f 1757 1762 1764
f 1705 1764 1762
f 1756 1757 1764
f 1764 1705 1765
f 1764 1765 1756
f 1705 1766 1765
f 1767 1765 1766
f 1767 1743 1765
f 1765 1768 1756
f 1743 1768 1765
f 1756 1768 1742
f 1742 1768 1743
f 1769 1770 1771
f 1771 1679 1769
f 1688 1770 1769
f 1679 1774 1769
f 1679 1775 1774
f 1776 1688 1769
f 1775 1777 1774
f 1769 1774 1778
f 1778 1774 1777
f 1776 1769 1778
f 1777 1775 1779
f 1775 1729 1779
f 1779 1729 1781
f 1777 1779 1782
f 1782 1778 1777
f 1783 1779 1781
f 1779 1783 1782
f 1784 1783 1781
f 1784 1720 1783
f 1720 1786 1783
f 1782 1783 1786
f 1786 1720 1714
f 1788 1782 1786
f 1778 1782 1788
f 1789 1786 1714
f 1786 1789 1788
f 1789 1714 1790
f 1790 1711 1789
f 1711 1792 1789
f 1789 1792 1788
f 1711 1793 1792
f 1788 1792 1794
f 1793 1794 1792
f 1795 1778 1788
f 1795 1788 1794
f 1778 1795 1776
f 1794 1793 1796
f 1795 1794 1796
f 1793 1700 1796
f 1700 1694 1796
f 1795 1799 1776
f 1799 1795 1796
f 1799 1796 1694
f 1688 1776 1799
f 1800 1799 1694
f 1800 1688 1799
f 1801 1849 1905
f 1804 1801 1905
f 1854 1801 1804
f 1847 1854 1804
f 1854 1847 1937
f 1855 1854 1937
f 1878 1919 1823
f 1822 1878 1823
f 1822 1819 1878
f 1819 1814 1878
f 1814 1819 1885
f 1819 1889 1885
f 1893 1889 1819
f 1820 1893 1819
f 1893 1820 1894
f 1819 1822 1820
f 1822 1823 1915
f 1825 1822 1915
f 1822 1825 1820
f 1825 1915 1914
f 1820 1827 1894
f 1820 1825 1827
f 1828 1825 1914
f 1825 1828 1827
f 1827 1829 1894
f 1829 1827 1828
f 1829 1897 1894
f 1828 1914 1831
f 1831 1829 1828
f 1914 1832 1831
f 1831 1832 1944
f 1829 1834 1897
f 1829 1831 1834
f 1834 1835 1897
f 1836 1831 1944
f 1831 1836 1834
f 1837 1835 1834
f 1944 1838 1836
f 1839 1837 1834
f 1834 1836 1839
f 1838 1840 1836
f 1836 1840 1839
f 1839 1841 1837
f 1841 1839 1840
f 1841 1842 1837
f 1843 1840 1838
f 1843 1841 1840
f 1844 1843 1838
f 1841 1804 1842
f 1841 1843 1804
f 1804 1905 1842
f 1843 1847 1804
f 1847 1843 1844
f 1937 1847 1844
f 1849 1801 1910
f 1801 1852 1910
f 1910 1852 1911
f 1801 1854 1852
f 1854 1855 1934
f 1857 1854 1934
f 1854 1857 1852
f 1857 1934 1858
f 1852 1859 1911
f 1852 1857 1859
f 1860 1857 1858
f 1857 1860 1859
f 1911 1859 1861
f 1861 1859 1860
f 1887 1911 1861
f 1860 1858 1863
f 1863 1861 1860
f 1858 1864 1863
f 1863 1864 1928
f 1861 1866 1887
f 1866 1861 1863
f 1866 1867 1887
f 1868 1863 1928
f 1868 1866 1863
f 1868 1928 1925
f 1881 1867 1866
f 1871 1868 1925
f 1866 1868 1872
f 1872 1881 1866
f 1868 1871 1872
f 1871 1925 1873
f 1872 1874 1881
f 1874 1872 1871
f 1874 1875 1881
f 1876 1871 1873
f 1876 1874 1871
f 1873 1919 1878
f 1876 1873 1878
f 1878 1814 1876
f 1814 1874 1876
f 1875 1874 1814
f 1885 1875 1814
f 1881 1875 1883
f 1867 1881 1883
f 1875 1885 1883
f 1886 1867 1883
f 1867 1886 1887
f 1885 1888 1883
f 1885 1889 1888
f 1888 1890 1883
f 1890 1886 1883
f 1889 1891 1888
f 1890 1888 1891
f 1891 1889 1892
f 1889 1893 1892
f 1892 1893 1894
f 1895 1890 1891
f 1891 1892 1895
f 1896 1892 1894
f 1892 1896 1895
f 1897 1896 1894
f 1897 1835 1896
f 1895 1896 1899
f 1835 1899 1896
f 1890 1895 1900
f 1890 1900 1886
f 1901 1895 1899
f 1895 1901 1900
f 1899 1835 1902
f 1899 1902 1901
f 1835 1837 1902
f 1902 1837 1842
f 1842 1905 1902
f 1905 1906 1902
f 1902 1906 1901
f 1905 1849 1906
f 1901 1906 1908
f 1849 1908 1906
f 1900 1901 1908
f 1908 1849 1909
f 1908 1909 1900
f 1849 1910 1909
f 1911 1909 1910
f 1911 1887 1909
f 1909 1912 1900
f 1887 1912 1909
f 1900 1912 1886
f 1886 1912 1887
f 1913 1914 1915
f 1915 1823 1913
f 1832 1914 1913
f 1823 1918 1913
f 1823 1919 1918
f 1920 1832 1913
f 1919 1921 1918
f 1913 1918 1922
f 1922 1918 1921
f 1920 1913 1922
f 1921 1919 1923
f 1919 1873 1923
f 1923 1873 1925
f 1921 1923 1926
f 1926 1922 1921
f 1927 1923 1925
f 1923 1927 1926
f 1928 1927 1925
f 1928 1864 1927
f 1864 1930 1927
f 1926 1927 1930
f 1930 1864 1858
f 1932 1926 1930
f 1922 1926 1932
f 1933 1930 1858
f 1930 1933 1932
f 1933 1858 1934
f 1934 1855 1933
f 1855 1936 1933
f 1933 1936 1932
f 1855 1937 1936
f 1932 1936 1938
f 1937 1938 1936
f 1939 1922 1932
f 1939 1932 1938
f 1922 1939 1920
f 1938 1937 1940
f 1939 1938 1940
f 1937 1844 1940
f 1844 1838 1940
f 1939 1943 1920
f 1943 1939 1940
f 1943 1940 1838
f 1832 1920 1943
f 1944 1943 1838
f 1944 1832 1943
f 1945 1993 2049
f 1948 1945 2049
f 1998 1945 1948
f 1991 1998 1948
f 1998 1991 2081
f 1999 1998 2081
f 2022 2063 1967
f 1966 2022 1967
f 1966 1963 2022
f 1963 1958 2022
f 1958 1963 2029
f 1963 2033 2029
f 2037 2033 1963
f 1964 2037 1963
f 2037 1964 2038
f 1963 1966 1964
f 1966 1967 2059
f 1969 1966 2059
f 1966 1969 1964
f 1969 2059 2058
f 1964 1971 2038
f 1964 1969 1971
f 1972 1969 2058
f 1969 1972 1971
f 1971 1973 2038
f 1973 1971 1972
f 1973 2041 2038
f 1972 2058 1975
f 1975 1973 1972
f 2058 1976 1975
f 1975 1976 2088
f 1973 1978 2041
f 1973 1975 1978
f 1978 1979 2041
f 1980 1975 2088
f 1975 1980 1978
f 1981 1979 1978
f 2088 1982 1980
f 1983 1981 1978
f 1978 1980 1983
f 1982 1984 1980
f 1980 1984 1983
f 1983 1985 1981
f 1985 1983 1984
f 1985 1986 1981
f 1987 1984 1982
f 1987 1985 1984
f 1988 1987 1982
f 1985 1948 1986
f 1985 1987 1948
f 1948 2049 1986
f 1987 1991 1948
f 1991 1987 1988
f 2081 1991 1988
f 1993 1945 2054
f 1945 1996 2054
f 2054 1996 2055
f 1945 1998 1996
f 1998 1999 2078
f 2001 1998 2078
f 1998 2001 1996
f 2001 2078 2002
f 1996 2003 2055
f 1996 2001 2003
f 2004 2001 2002
f 2001 2004 2003
f 2055 2003 2005
f 2005 2003 2004
f 2031 2055 2005
f 2004 2002 2007
f 2007 2005 2004
f 2002 2008 2007
f 2007 2008 2072
f 2005 2010 2031
f 2010 2005 2007
f 2010 2011 2031
f 2012 2007 2072
f 2012 2010 2007
f 2012 2072 2069
f 2025 2011 2010
f 2015 2012 2069
f 2010 2012 2016
f 2016 2025 2010
f 2012 2015 2016
f 2015 2069 2017
f 2016 2018 2025
f 2018 2016 2015
f 2018 2019 2025
f 2020 2015 2017
f 2020 2018 2015
f 2017 2063 2022
f 2020 2017 2022
f 2022 1958 2020
f 1958 2018 2020
f 2019 2018 1958
f 2029 2019 1958
f 2025 2019 2027
f 2011 2025 2027
f 2019 2029 2027
f 2030 2011 2027
f 2011 2030 2031
f 2029 2032 2027
f 2029 2033 2032
f 2032 2034 2027
f 2034 2030 2027
f 2033 2035 2032
f 2034 2032 2035
f 2035 2033 2036
f 2033 2037 2036
f 2036 2037 2038
f 2039 2034 2035
f 2035 2036 2039
f 2040 2036 2038
f 2036 2040 2039
f 2041 2040 2038
f 2041 1979 2040
f 2039 2040 2043
f 1979 2043 2040
f 2034 2039 2044
f 2034 2044 2030
f 2045 2039 2043
f 2039 2045 2044
f 2043 1979 2046
f 2043 2046 2045
f 1979 1981 2046
f 2046 1981 1986
f 1986 2049 2046
f 2049 2050 2046
f 2046 2050 2045
f 2049 1993 2050
f 2045 2050 2052
f 1993 2052 2050
f 2044 2045 2052
f 2052 1993 2053
f 2052 2053 2044
f 1993 2054 2053
f 2055 2053 2054
f 2055 2031 2053
f 2053 2056 2044
f 2031 2056 2053
f 2044 2056 2030
f 2030 2056 2031
f 2057 2058 2059
f 2059 1967 2057
f 1976 2058 2057
f 1967 2062 2057
f 1967 2063 2062
f 2064 1976 2057
f 2063 2065 2062
f 2057 2062 2066
f 2066 2062 2065
f 2064 2057 2066
f 2065 2063 2067
f 2063 2017 2067
f 2067 2017 2069
f 2065 2067 2070
f 2070 2066 2065
f 2071 2067 2069
f 2067 2071 2070
f 2072 2071 2069
f 2072 2008 2071
f 2008 2074 2071
f 2070 2071 2074
f 2074 2008 2002
f 2076 2070 2074
f 2066 2070 2076
f 2077 2074 2002
f 2074 2077 2076
f 2077 2002 2078
f 2078 1999 2077
f 1999 2080 2077
f 2077 2080 2076
f 1999 2081 2080
f 2076 2080 2082
f 2081 2082 2080
f 2083 2066 2076
f 2083 2076 2082
f 2066 2083 2064
f 2082 2081 2084
f 2083 2082 2084
f 2081 1988 2084
f 1988 1982 2084
f 2083 2087 2064
f 2087 2083 2084
f 2087 2084 1982
f 1976 2064 2087
f 2088 2087 1982
f 2088 1976 2087
f 2089 2137 2193
f 2092 2089 2193
f 2142 2089 2092
f 2135 2142 2092
f 2142 2135 2225
f 2143 2142 2225
f 2166 2207 2111
f 2110 2166 2111
f 2110 2107 2166
f 2107 2102 2166
f 2102 2107 2173
f 2107 2177 2173
f 2181 2177 2107
f 2108 2181 2107
f 2181 2108 2182
f 2107 2110 2108
f 2110 2111 2203
f 2113 2110 2203
f 2110 2113 2108
f 2113 2203 2202
f 2108 2115 2182
f 2108 2113 2115
f 2116 2113 2202
f 2113 2116 2115
f 2115 2117 2182
f 2117 2115 2116
f 2117 2185 2182
f 2116 2202 2119
f 2119 2117 2116
f 2202 2120 2119
f 2119 2120 2232
f 2117 2122 2185
f 2117 2119 2122
f 2122 2123 2185
f 2124 2119 2232
f 2119 2124 2122
f 2125 2123 2122
f 2232 2126 2124
f 2127 2125 2122
f 2122 2124 2127
f 2126 2128 2124
f 2124 2128 2127
f 2127 2129 2125
f 2129 2127 2128
f 2129 2130 2125
f 2131 2128 2126
f 2131 2129 2128
f 2132 2131 2126
f 2129 2092 2130
f 2129 2131 2092
f 2092 2193 2130
f 2131 2135 2092
f 2135 2131 2132
f 2225 2135 2132
f 2137 2089 2198
f 2089 2140 2198
f 2198 2140 2199
f 2089 2142 2140
f 2142 2143 2222
f 2145 2142 2222
f 2142 2145 2140
f 2145 2222 2146
f 2140 2147 2199
f 2140 2145 2147
f 2148 2145 2146
f 2145 2148 2147
f 2199 2147 2149
f 2149 2147 2148
f 2175 2199 2149
f 2148 2146 2151
f 2151 2149 2148
f 2146 2152 2151
f 2151 2152 2216
f 2149 2154 2175
f 2154 2149 2151
f 2154 2155 2175
f 2156 2151 2216
f 2156 2154 2151
f 2156 2216 2213
f 2169 2155 2154
f 2159 2156 2213
f 2154 2156 2160
f 2160 2169 2154
f 2156 2159 2160
f 2159 2213 2161
f 2160 2162 2169
f 2162 2160 2159
f 2162 2163 2169
f 2164 2159 2161
f 2164 2162 2159
f 2161 2207 2166
f 2164 2161 2166
f 2166 2102 2164
f 2102 2162 2164
f 2163 2162 2102
f 2173 2163 2102
f 2169 2163 2171
f 2155 2169 2171
f 2163 2173 2171
f 2174 2155 2171
f 2155 2174 2175
f 2173 2176 2171
f 2173 2177 2176
f 2176 2178 2171
f 2178 2174 2171
f 2177 2179 2176
f 2178 2176 2179
f 2179 2177 2180
f 2177 2181 2180
f 2180 2181 2182
f 2183 2178 2179
f 2179 2180 2183
f 2184 2180 2182
f 2180 2184 2183
f 2185 2184 2182
f 2185 2123 2184
f 2183 2184 2187
f 2123 2187 2184
f 2178 2183 2188
f 2178 2188 2174
f 2189 2183 2187
f 2183 2189 2188
f 2187 2123 2190
f 2187 2190 2189
f 2123 2125 2190
f 2190 2125 2130
f 2130 2193 2190
f 2193 2194 2190
f 2190 2194 2189
f 2193 2137 2194
f 2189 2194 2196
f 2137 2196 2194
f 2188 2189 2196
f 2196 2137 2197
f 2196 2197 2188
f 2137 2198 2197
f 2199 2197 2198
f 2199 2175 2197
f 2197 2200 2188
f 2175 2200 2197
f 2188 2200 2174
f 2174 2200 2175
f 2201 2202 2203
f 2203 2111 2201
f 2120 2202 2201
f 2111 2206 2201
f 2111 2207 2206
f 2208 2120 2201
f 2207 2209 2206
f 2201 2206 2210
f 2210 2206 2209
f 2208 2201 2210
f 2209 2207 2211
f 2207 2161 2211
f 2211 2161 2213
f 2209 2211 2214
f 2214 2210 2209
f 2215 2211 2213
f 2211 2215 2214
f 2216 2215 2213
f 2216 2152 2215
f 2152 2218 2215
f 2214 2215 2218
f 2218 2152 2146
f 2220 2214 2218
f 2210 2214 2220
f 2221 2218 2146
f 2218 2221 2220
f 2221 2146 2222
f 2222 2143 2221
f 2143 2224 2221
f 2221 2224 2220
f 2143 2225 2224
f 2220 2224 2226
f 2225 2226 2224
f 2227 2210 2220
f 2227 2220 2226
f 2210 2227 2208
f 2226 2225 2228
f 2227 2226 2228
f 2225 2132 2228
f 2132 2126 2228
f 2227 2231 2208
f 2231 2227 2228
f 2231 2228 2126
f 2120 2208 2231
f 2232 2231 2126
f 2232 2120 2231
f 2233 2281 2337
f 2236 2233 2337
f 2286 2233 2236
f 2279 2286 2236
f 2286 2279 2369
f 2287 2286 2369
f 2310 2351 2255
f 2254 2310 2255
f 2254 2251 2310
f 2251 2246 2310
f 2246 2251 2317
f 2251 2321 2317
f 2325 2321 2251
f 2252 2325 2251
f 2325 2252 2326
f 2251 2254 2252
f 2254 2255 2347
f 2257 2254 2347
f 2254 2257 2252
f 2257 2347 2346
f 2252 2259 2326
f 2252 2257 2259
f 2260 2257 2346
f 2257 2260 2259
f 2259 2261 2326
f 2261 2259 2260
f 2261 2329 2326
f 2260 2346 2263
f 2263 2261 2260
f 2346 2264 2263
f 2263 2264 2376
f 2261 2266 2329
f 2261 2263 2266
f 2266 2267 2329
f 2268 2263 2376
f 2263 2268 2266
f 2269 2267 2266
f 2376 2270 2268
f 2271 2269 2266
f 2266 2268 2271
f 2270 2272 2268
f 2268 2272 2271
f 2271 2273 2269
f 2273 2271 2272
f 2273 2274 2269
f 2275 2272 2270
f 2275 2273 2272
f 2276 2275 2270
f 2273 2236 2274
f 2273 2275 2236
f 2236 2337 2274
f 2275 2279 2236
f 2279 2275 2276
f 2369 2279 2276
f 2281 2233 2342
f 2233 2284 2342
f 2342 2284 2343
f 2233 2286 2284
f 2286 2287 2366
f 2289 2286 2366
f 2286 2289 2284
f 2289 2366 2290
f 2284 2291 2343
f 2284 2289 2291
f 2292 2289 2290
f 2289 2292 2291
f 2343 2291 2293
f 2293 2291 2292
f 2319 2343 2293
f 2292 2290 2295
f 2295 2293 2292
f 2290 2296 2295
f 2295 2296 2360
f 2293 2298 2319
f 2298 2293 2295
f 2298 2299 2319
f 2300 2295 2360
f 2300 2298 2295
f 2300 2360 2357
f 2313 2299 2298
f 2303 2300 2357
f 2298 2300 2304
f 2304 2313 2298
f 2300 2303 2304
f 2303 2357 2305
f 2304 2306 2313
f 2306 2304 2303
f 2306 2307 2313
f 2308 2303 2305
f 2308 2306 2303
f 2305 2351 2310
f 2308 2305 2310
f 2310 2246 2308
f 2246 2306 2308
f 2307 2306 2246
f 2317 2307 2246
f 2313 2307 2315
f 2299 2313 2315
f 2307 2317 2315
f 2318 2299 2315
f 2299 2318 2319
f 2317 2320 2315
f 2317 2321 2320
f 2320 2322 2315
f 2322 2318 2315
f 2321 2323 2320
f 2322 2320 2323
f 2323 2321 2324
f 2321 2325 2324
f 2324 2325 2326
f 2327 2322 2323
f 2323 2324 2327
f 2328 2324 2326
f 2324 2328 2327
f 2329 2328 2326
f 2329 2267 2328
f 2327 2328 2331
f 2267 2331 2328
f 2322 2327 2332
f 2322 2332 2318
f 2333 2327 2331
f 2327 2333 2332
f 2331 2267 2334
f 2331 2334 2333
f 2267 2269 2334
f 2334 2269 2274
f 2274 2337 2334
f 2337 2338 2334
f 2334 2338 2333
f 2337 2281 2338
f 2333 2338 2340
f 2281 2340 2338
f 2332 2333 2340
f 2340 2281 2341
f 2340 2341 2332
f 2281 2342 2341
f 2343 2341 2342
f 2343 2319 2341
f 2341 2344 2332
f 2319 2344 2341
f 2332 2344 2318
f 2318 2344 2319
f 2345 2346 2347
f 2347 2255 2345
f 2264 2346 2345
f 2255 2350 2345
f 2255 2351 2350
f 2352 2264 2345
f 2351 2353 2350
f 2345 2350 2354
f 2354 2350 2353
f 2352 2345 2354
f 2353 2351 2355
f 2351 2305 2355
f 2355 2305 2357
f 2353 2355 2358
f 2358 2354 2353
f 2359 2355 2357
f 2355 2359 2358
f 2360 2359 2357
f 2360 2296 2359
f 2296 2362 2359
f 2358 2359 2362
f 2362 2296 2290
f 2364 2358 2362
f 2354 2358 2364
f 2365 2362 2290
f 2362 2365 2364
f 2365 2290 2366
f 2366 2287 2365
f 2287 2368 2365
f 2365 2368 2364
f 2287 2369 2368
f 2364 2368 2370
f 2369 2370 2368
f 2371 2354 2364
f 2371 2364 2370
f 2354 2371 2352
f 2370 2369 2372
f 2371 2370 2372
f 2369 2276 2372
f 2276 2270 2372
f 2371 2375 2352
f 2375 2371 2372
f 2375 2372 2270
f 2264 2352 2375
f 2376 2375 2270
f 2376 2264 2375
f 2377 2425 2481
f 2380 2377 2481
f 2430 2377 2380
f 2423 2430 2380
f 2430 2423 2513
f 2431 2430 2513
f 2454 2495 2399
f 2398 2454 2399
f 2398 2395 2454
f 2395 2390 2454
f 2390 2395 2461
f 2395 2465 2461
f 2469 2465 2395
f 2396 2469 2395
f 2469 2396 2470
f 2395 2398 2396
f 2398 2399 2491
f 2401 2398 2491
f 2398 2401 2396
f 2401 2491 2490
f 2396 2403 2470
f 2396 2401 2403
f 2404 2401 2490
f 2401 2404 2403
f 2403 2405 2470
f 2405 2403 2404
f 2405 2473 2470
f 2404 2490 2407
f 2407 2405 2404
f 2490 2408 2407
f 2407 2408 2520
f 2405 2410 2473
f 2405 2407 2410
f 2410 2411 2473
f 2412 2407 2520
f 2407 2412 2410
f 2413 2411 2410
f 2520 2414 2412
f 2415 2413 2410
f 2410 2412 2415
f 2414 2416 2412
f 2412 2416 2415
f 2415 2417 2413
f 2417 2415 2416
f 2417 2418 2413
f 2419 2416 2414
f 2419 2417 2416
f 2420 2419 2414
f 2417 2380 2418
f 2417 2419 2380
f 2380 2481 2418
f 2419 2423 2380
f 2423 2419 2420
f 2513 2423 2420
f 2425 2377 2486
f 2377 2428 2486
f 2486 2428 2487
f 2377 2430 2428
f 2430 2431 2510
f 2433 2430 2510
f 2430 2433 2428
f 2433 2510 2434
f 2428 2435 2487
f 2428 2433 2435
f 2436 2433 2434
f 2433 2436 2435
f 2487 2435 2437
f 2437 2435 2436
f 2463 2487 2437
f 2436 2434 2439
f 2439 2437 2436
f 2434 2440 2439
f 2439 2440 2504
f 2437 2442 2463
f 2442 2437 2439
f 2442 2443 2463
f 2444 2439 2504
f 2444 2442 2439
f 2444 2504 2501
f 2457 2443 2442
f 2447 2444 2501
f 2442 2444 2448
f 2448 2457 2442
f 2444 2447 2448
f 2447 2501 2449
f 2448 2450 2457
f 2450 2448 2447
f 2450 2451 2457
f 2452 2447 2449
f 2452 2450 2447
f 2449 2495 2454
f 2452 2449 2454
f 2454 2390 2452
f 2390 2450 2452
f 2451 2450 2390
f 2461 2451 2390
f 2457 2451 2459
f 2443 2457 2459
f 2451 2461 2459
f 2462 2443 2459
f 2443 2462 2463
f 2461 2464 2459
f 2461 2465 2464
f 2464 2466 2459
f 2466 2462 2459
f 2465 2467 2464
f 2466 2464 2467
f 2467 2465 2468
f 2465 2469 2468
f 2468 2469 2470
f 2471 2466 2467
f 2467 2468 2471
f 2472 2468 2470
f 2468 2472 2471
f 2473 2472 2470
f 2473 2411 2472
f 2471 2472 2475
f 2411 2475 2472
f 2466 2471 2476
f 2466 2476 2462
f 2477 2471 2475
f 2471 2477 2476
f 2475 2411 2478
f 2475 2478 2477
f 2411 2413 2478
f 2478 2413 2418
f 2418 2481 2478
f 2481 2482 2478
f 2478 2482 2477
f 2481 2425 2482
f 2477 2482 2484
f 2425 2484 2482
f 2476 2477 2484
f 2484 2425 2485
f 2484 2485 2476
f 2425 2486 2485
f 2487 2485 2486
f 2487 2463 2485
f 2485 2488 2476
f 2463 2488 2485
f 2476 2488 2462
f 2462 2488 2463
f 2489 2490 2491
f 2491 2399 2489
f 2408 2490 2489
f 2399 2494 2489
f 2399 2495 2494
f 2496 2408 2489
f 2495 2497 2494
f 2489 2494 2498
f 2498 2494 2497
f 2496 2489 2498
f 2497 2495 2499
f 2495 2449 2499
f 2499 2449 2501
f 2497 2499 2502
f 2502 2498 2497
f 2503 2499 2501
f 2499 2503 2502
f 2504 2503 2501
f 2504 2440 2503
f 2440 2506 2503
f 2502 2503 2506
f 2506 2440 2434
f 2508 2502 2506
f 2498 2502 2508
f 2509 2506 2434
f 2506 2509 2508
f 2509 2434 2510
f 2510 2431 2509
f 2431 2512 2509
f 2509 2512 2508
f 2431 2513 2512
f 2508 2512 2514
f 2513 2514 2512
f 2515 2498 2508
f 2515 2508 2514
f 2498 2515 2496
f 2514 2513 2516
f 2515 2514 2516
f 2513 2420 2516
f 2420 2414 2516
f 2515 2519 2496
f 2519 2515 2516
f 2519 2516 2414
f 2408 2496 2519
f 2520 2519 2414
f 2520 2408 2519
f 2521 2569 2625
f 2524 2521 2625
f 2574 2521 2524
f 2567 2574 2524
f 2574 2567 2657
f 2575 2574 2657
f 2598 2639 2543
f 2542 2598 2543
f 2542 2539 2598
f 2539 2534 2598
f 2534 2539 2605
f 2539 2609 2605
f 2613 2609 2539
f 2540 2613 2539
f 2613 2540 2614
f 2539 2542 2540
f 2542 2543 2635
f 2545 2542 2635
f 2542 2545 2540
f 2545 2635 2634
f 2540 2547 2614
f 2540 2545 2547
f 2548 2545 2634
f 2545 2548 2547
f 2547 2549 2614
f 2549 2547 2548
f 2549 2617 2614
f 2548 2634 2551
f 2551 2549 2548
f 2634 2552 2551
f 2551 2552 2664
f 2549 2554 2617
f 2549 2551 2554
f 2554 2555 2617
f 2556 2551 2664
f 2551 2556 2554
f 2557 2555 2554
f 2664 2558 2556
f 2559 2557 2554
f 2554 2556 2559
f 2558 2560 2556
f 2556 2560 2559
f 2559 2561 2557
f 2561 2559 2560
f 2561 2562 2557
f 2563 2560 2558
f 2563 2561 2560
f 2564 2563 2558
f 2561 2524 2562
f 2561 2563 2524
f 2524 2625 2562
f 2563 2567 2524
f 2567 2563 2564
f 2657 2567 2564
f 2569 2521 2630
f 2521 2572 2630
f 2630 2572 2631
f 2521 2574 2572
f 2574 2575 2654
f 2577 2574 2654
f 2574 2577 2572
f 2577 2654 2578
f 2572 2579 2631
f 2572 2577 2579
f 2580 2577 2578
f 2577 2580 2579
f 2631 2579 2581
f 2581 2579 2580
f 2607 2631 2581
f 2580 2578 2583
f 2583 2581 2580
f 2578 2584 2583
f 2583 2584 2648
f 2581 2586 2607
f 2586 2581 2583
f 2586 2587 2607
f 2588 2583 2648
f 2588 2586 2583
f 2588 2648 2645
f 2601 2587 2586
f 2591 2588 2645
f 2586 2588 2592
f 2592 2601 2586
f 2588 2591 2592
f 2591 2645 2593
f 2592 2594 2601
f 2594 2592 2591
f 2594 2595 2601
f 2596 2591 2593
f 2596 2594 2591
f 2593 2639 2598
f 2596 2593 2598
f 2598 2534 2596
f 2534 2594 2596
f 2595 2594 2534
f 2605 2595 2534
f 2601 2595 2603
f 2587 2601 2603
f 2595 2605 2603
f 2606 2587 2603
f 2587 2606 2607
f 2605 2608 2603
f 2605 2609 2608
f 2608 2610 2603
f 2610 2606 2603
f 2609 2611 2608
f 2610 2608 2611
f 2611 2609 2612
f 2609 2613 2612
f 2612 2613 2614
f 2615 2610 2611
f 2611 2612 2615
f 2616 2612 2614
f 2612 2616 2615
f 2617 2616 2614
f 2617 2555 2616
f 2615 2616 2619
f 2555 2619 2616
f 2610 2615 2620
f 2610 2620 2606
f 2621 2615 2619
f 2615 2621 2620
f 2619 2555 2622
f 2619 2622 2621
f 2555 2557 2622
f 2622 2557 2562
f 2562 2625 2622
f 2625 2626 2622
f 2622 2626 2621
f 2625 2569 2626
f 2621 2626 2628
f 2569 2628 2626
f 2620 2621 2628
f 2628 2569 2629
f 2628 2629 2620
f 2569 2630 2629
f 2631 2629 2630
f 2631 2607 2629
f 2629 2632 2620
f 2607 2632 2629
f 2620 2632 2606
f 2606 2632 2607
f 2633 2634 2635
f 2635 2543 2633
f 2552 2634 2633
f 2543 2638 2633
f 2543 2639 2638
f 2640 2552 2633
f 2639 2641 2638
f 2633 2638 2642
f 2642 2638 2641
f 2640 2633 2642
f 2641 2639 2643
f 2639 2593 2643
f 2643 2593 2645
f 2641 2643 2646
f 2646 2642 2641
f 2647 2643 2645
f 2643 2647 2646
f 2648 2647 2645
f 2648 2584 2647
f 2584 2650 2647
f 2646 2647 2650
f 2650 2584 2578
f 2652 2646 2650
f 2642 2646 2652
f 2653 2650 2578
f 2650 2653 2652
f 2653 2578 2654
f 2654 2575 2653
f 2575 2656 2653
f 2653 2656 2652
f 2575 2657 2656
f 2652 2656 2658
f 2657 2658 2656
f 2659 2642 2652
f 2659 2652 2658
f 2642 2659 2640
f 2658 2657 2660
f 2659 2658 2660
f 2657 2564 2660
f 2564 2558 2660
f 2659 2663 2640
f 2663 2659 2660
f 2663 2660 2558
f 2552 2640 2663
f 2664 2663 2558
f 2664 2552 2663
